Agency,Local Code,County,Township,City,Vehicles Involved,Trailers Involved,Number Injured,Number Dead,Number Deer,House Number,Roadway Name,Roadway Suffix,Roadway Number,Roadway Interchange,Roadway Ramp,Roadway Id,Intersecting Road,Intersecting Road Number,Mile Marker,Interchange,Corporate Limits?,Property Type,Feet From,Direction,Latitude,Longitude,Roadway Class,Traffic Control Devices?,Aggressive Driving?,Hit and Run?,Locality,School Zone?,Rumble Strips?,Construction?,Construction Type,Light Condition,Weather Conditions,Surface Condition,Type of Median,Roadway Junction Type,Road Character,Roadway Surface,Primary Factor,Damage Estimate,Manner of Collision,Unique Location Id,State Property Damage?,Traffic Control,DateTime,Address Number,Cyclist Involved,Pedestrian Involved
BLOOMINGTON PD,B22-33345,MONROE,BLOOMINGTON,BLOOMINGTON,2,,1,0,0,,E ST RD 45/46 BYPASS,,,,,E ST RD 45/46 BYPASS,N MARTHA ST,,,,Y,,0.0,,39.154597936709635,-86.49181909750556,ST RD,,,,URBAN,N,N,N,,DAYLIGHT,CLEAR,DRY,,NO JUNCTION INVOLVED,,ASPHALT,FAILURE TO YIELD RIGHT OF WAY,$10001 TO $25000,RIGHT ANGLE,NMARTHASTEST RD 45/46BYPASS,0,,2022-08-24 08:53:00,,,
BLOOMINGTON PD,B22-40915,MONROE,PERRY,BLOOMINGTON,2,,0,0,0,,E 2ND ST,,,,,E 2ND ST,S ROOSEVELT ST,,,,Y,,0.0,,39.22222,-86.5494,LOCAL/CITY RD,,,,URBAN,N,N,N,,DAYLIGHT,CLEAR,DRY,,T-INTERSECTION,,ASPHALT,FAILURE TO YIELD RIGHT OF WAY,$1001 TO $2500,RIGHT ANGLE,SROOSEVELTSTE 2NDST,0,,2022-10-05 17:06:00,,,
ISP BLOOMINGTON 33,2.022E+11,MONROE,BLOOMINGTON,BLOOMINGTON,2,,0,0,0,,S TARZIAN LN,,,,,S TARZIAN LN,,,,,Y,,0.0,,39.186268904156115,-86.5316764276061,PRIVATE DR,,,,URBAN,N,N,N,,DAYLIGHT,CLEAR,DRY,,T-INTERSECTION,,ASPHALT,UNDER STEERING/UNDER CORRECTING,$1001 TO $2500,OPPOSITE DIRECTION SIDESWIPE,STARZIANLN,0,,2022-04-16 03:00:00,,,
ISP BLOOMINGTON 33,2.022E+11,MONROE,BLOOMINGTON,BLOOMINGTON,2,,0,0,0,,ST RD 48,,,,,ST RD 48,I-69-118-RAMP C,,,,Y,,0.0,,39.16095,-86.50584,ST RD,,,,URBAN,N,N,N,,DAWN/DUSK,RAIN,WET,,FOUR-WAY INTERSECTION,,ASPHALT,SPEED TOO FAST FOR WEATHER CONDITIONS,$1001 TO $2500,REAR END,ST RD 48I-69-118-RAMPC,0,,2022-02-17 07:10:00,,,
BLOOMINGTON PD,B22-05074,MONROE,PERRY,BLOOMINGTON,2,,2,0,0,,S REISNER RD,,,,,S REISNER RD,E 3RD ST,,,,Y,,0.0,,39.23599,-86.62498,LOCAL/CITY RD,,,,URBAN,N,N,N,,DARK (NOT LIGHTED),CLOUDY,DRY,,NO JUNCTION INVOLVED,,ASPHALT,UNSAFE SPEED,$10001 TO $25000,REAR END,SREISNERRDE 3RDST,0,,2022-02-15 00:47:00,,,
BLOOMINGTON PD,B22-36564,MONROE,BLOOMINGTON,BLOOMINGTON,1,,0,0,0,2304,N HEADLEY RD,,,,,N HEADLEY RD,,,,,Y,,0.0,,39.15204394372985,-86.5154481126105,LOCAL/CITY RD,,,,URBAN,N,N,N,,DARK (NOT LIGHTED),RAIN,MUDDY,,NO JUNCTION INVOLVED,,OTHER - EXPLAIN IN NARRATIVE,UNSAFE BACKING,$1001 TO $2500,BACKING CRASH,NHEADLEYRD,0,,2022-09-11 03:00:00,,,
INDIANA UNIV BLOOMINGTON PD,223820,MONROE,CLEAR CREEK,BLOOMINGTON,2,,0,0,0,,N INDIANA AVE,,,,,N INDIANA AVE,,,,,Y,,0.0,,39.16448954531019,-86.5732714705732,PRIVATE DR,,,,URBAN,N,N,N,,DAYLIGHT,CLOUDY,DRY,,T-INTERSECTION,,ASPHALT,FAILURE TO YIELD RIGHT OF WAY,$2501 TO $5000,LEFT TURN,NINDIANAAVE,0,,2022-10-08 17:31:00,,,
ISP BLOOMINGTON 33,2.022E+11,MONROE,PERRY,BLOOMINGTON,2,,2,0,0,,S ST RD 37,,,,,S ST RD 37,ST RD 37,,,,N,,370.0,,39.164199816963105,-86.48799088886696,COUNTY RD,,,,RURAL,N,N,N,,DAYLIGHT,CLOUDY,WET,,NO JUNCTION INVOLVED,,ASPHALT,LEFT OF CENTER,$25001 TO $50000,HEAD ON BETWEEN TWO MOTOR VEHICLES,STATERD37SOLDSTATERD37,0,,2022-05-14 14:20:00,,,
BLOOMINGTON PD,B22-12952,MONROE,BLOOMINGTON,BLOOMINGTON,1,,1,0,0,,N KINSER PK,,,,,N KINSER PK,ST RD 46,,,,Y,,0.0,,39.18715572290831,-86.51438173443687,LOCAL/CITY RD,,,,URBAN,N,N,N,,DARK (NOT LIGHTED),RAIN,WET,,FOUR-WAY INTERSECTION,,ASPHALT,PEDESTRIAN ACTION,$1001 TO $2500,OTHER - EXPLAIN IN NARRATIVE,STATERD46NKINSERPK,1,,2022-04-13 21:30:00,,,True
MONROE SD,M22A20317,MONROE,BLOOMINGTON,BLOOMINGTON,1,,0,0,0,,S ENDWRIGHT RD,,,,,S ENDWRIGHT RD,,,,,Y,,0.0,,39.16701602906389,-86.52708364366174,COUNTY RD,,,,URBAN,N,N,N,,DAYLIGHT,CLEAR,DRY,,NO JUNCTION INVOLVED,,ASPHALT,FAILURE TO MAINTAIN LN,$5001 TO $10000,RAN OFF RD,SENDWRIGHTRD,0,,2022-08-19 16:53:00,,,
INDIANA UNIV BLOOMINGTON PD,221210,MONROE,BLOOMINGTON,BLOOMINGTON,1,,0,0,0,,E 10TH ST,,,,,E 10TH ST,,,,,Y,,0.0,,39.08522816640928,-86.54275912940575,PRIVATE DR,,,,URBAN,N,N,N,,DAYLIGHT,CLEAR,DRY,,NO JUNCTION INVOLVED,,OTHER - EXPLAIN IN NARRATIVE,UNSAFE BACKING,$2501 TO $5000,REAR END,E 10THST,0,,2022-03-31 17:30:00,,,
MONROE SD,M22A6985,MONROE,VAN BUREN,,2,,0,0,0,,W LEONARD SPRINGS RD,,,,,W LEONARD SPRINGS RD,S ISON RD,,,,N,,0.0,,39.18642,-86.53771,,,,,RURAL,N,N,N,,DAYLIGHT,CLEAR,DRY,,FOUR-WAY INTERSECTION,,ASPHALT,DISREGARD SIGNAL/REG SIGN,$5001 TO $10000,RIGHT ANGLE,WLEONARDSPRINGSRDSISONRD,0,,2022-03-27 01:10:00,,,
MONROE SD,M22A9587,MONROE,VAN BUREN,BLOOMINGTON,2,,0,0,0,,W ST RD 45,,,,,W ST RD 45,W LEONARD SPRINGS RD,,,,N,,0.0,,39.143197,-86.59640498,ST RD,,,,RURAL,N,N,N,,DAYLIGHT,CLOUDY,DRY,,FOUR-WAY INTERSECTION,,ASPHALT,FAILURE TO YIELD RIGHT OF WAY,$10001 TO $25000,LEFT TURN,WSTATERD45 WLEONARDSPRINGSRD,0,,2022-04-27 17:34:00,,,
MONROE SD,M22A4459,MONROE,VAN BUREN,BLOOMINGTON,2,,0,0,0,3585,W ST RD 45,,,,,W ST RD 45,,,,,N,,0.0,,39.172311555242906,-86.50021166159748,PRIVATE DR,,,,URBAN,N,N,N,,DAYLIGHT,CLEAR,DRY,,T-INTERSECTION,,ASPHALT,FOLLOWING TOO CLOSELY,$5001 TO $10000,REAR END,WST RD 45,0,,2022-02-24 13:50:00,,,
MONROE SD,M22A15004,MONROE,WASHINGTON,BLOOMINGTON,2,,0,0,0,,I-69,,,,,I-69,MM 128,,,,N,,0.0,,39.1223,-86.60576,INTERSTATE,,,,RURAL,N,Y,N,,DAYLIGHT,CLEAR,DRY,,NO JUNCTION INVOLVED,,ASPHALT,LEFT OF CENTER,$5001 TO $10000,SAME DIRECTION SIDESWIPE,MM128I-69,0,,2022-06-24 18:01:00,,,
BLOOMINGTON PD,B22-03674,MONROE,PERRY,BLOOMINGTON,2,,1,0,0,,S LINCOLN ST,,,,,S LINCOLN ST,E 2ND ST,,,,N,,0.0,,39.12237401948748,-86.61432081995972,LOCAL/CITY RD,,,,URBAN,N,N,N,,DAYLIGHT,RAIN,WET,,FOUR-WAY INTERSECTION,,ASPHALT,FAILURE TO YIELD RIGHT OF WAY,$25001 TO $50000,RIGHT ANGLE,SLINCOLNSTE 2NDST,0,,2022-02-02 02:07:00,,,
MONROE SD,M22A2776,MONROE,VAN BUREN,BLOOMINGTON,2,,0,0,0,3585,W ST RD 45,,,,,W ST RD 45,,,,,N,,0.0,,39.14144247460386,-86.58025969835825,LOCAL/CITY RD,,,,URBAN,N,N,N,,DAYLIGHT,CLEAR,ICE,,NO JUNCTION INVOLVED,,ASPHALT,OTHER (DRIVER) - EXPLAIN IN NARRATIVE,$1001 TO $2500,OPPOSITE DIRECTION SIDESWIPE,WSTATERD45,0,,2022-02-05 10:16:00,,,
BLOOMINGTON PD,B22-09121,MONROE,PERRY,BLOOMINGTON,2,,0,0,0,,E BUICK CADILLAC BLVD,,,,,E BUICK CADILLAC BLVD,AUTO MALL RD,,,,Y,,75.0,,39.368,-86.26272,LOCAL/CITY RD,,,,URBAN,N,N,N,,DAYLIGHT,CLOUDY,DRY,,FOUR-WAY INTERSECTION,,ASPHALT,FAILURE TO YIELD RIGHT OF WAY,$2501 TO $5000,RIGHT ANGLE,EBUICKCADILLACBLVDAUTOMALLRD,0,,2022-03-18 10:55:00,,,
MONROE SD,M22A8705,MONROE,VAN BUREN,BLOOMINGTON,2,,1,0,0,,W ST RD 45,,,,,W ST RD 45,W HINDS RD,,,,N,,0.0,,39.16136,-86.53124,ST RD,,,,RURAL,N,N,N,,DAYLIGHT,CLOUDY,DRY,,FOUR-WAY INTERSECTION,,ASPHALT,FAILURE TO YIELD RIGHT OF WAY,$10001 TO $25000,RIGHT ANGLE,WSTATERD45 WHINDSRD,0,,2022-04-18 15:07:00,,,
BLOOMINGTON PD,B22-33041,MONROE,PERRY,BLOOMINGTON,2,,0,0,0,,2125 S HIGHLAND AVE,,,,,S HIGHLAND AVE,,,,,Y,,0.0,,39.14150162855008,-86.57990432525803,PRIVATE DR,,,,URBAN,N,N,N,,DAYLIGHT,CLEAR,DRY,,T-INTERSECTION,,ASPHALT,IMPROPER TURNING,$2501 TO $5000,OPPOSITE DIRECTION SIDESWIPE,2125SHIGHLANDAVE,0,,2022-08-22 17:33:00,2125.0,,
BLOOMINGTON PD,B22-35231,MONROE,BLOOMINGTON,BLOOMINGTON,2,,0,0,0,,N ST RD 46,,,,,N ST RD 46,E 7TH ST,,,,Y,,0.0,,39.15829523075404,-86.49615741734817,ST RD,,,,URBAN,N,N,N,,DAYLIGHT,RAIN,WET,,NO JUNCTION INVOLVED,,ASPHALT,FOLLOWING TOO CLOSELY,$2501 TO $5000,REAR END,NSTATERD46E7THST,0,,2022-09-03 14:18:00,,,
BLOOMINGTON PD,B22-40026,MONROE,BLOOMINGTON,BLOOMINGTON,2,,0,0,0,,E 4TH ST,,,,,E 4TH ST,S WALNUT ST,,,,Y,,0.0,,-3.9230240189531576e-05,-7.681179750707587e-06,LOCAL/CITY RD,,,,URBAN,N,N,N,,DAYLIGHT,CLEAR,DRY,,FOUR-WAY INTERSECTION,,ASPHALT,DISREGARD SIGNAL/REG SIGN,$2501 TO $5000,RIGHT ANGLE,SWALNUTSTE4THST,0,,2022-09-30 16:23:00,,,
ELLETTSVILLE PD,E2200746,MONROE,RICHLAND,ELLETTSVILLE,2,0.0,0,0,0,,SECOND,ST,,,,SECOND,RITTER,,,,Y,,,,39.08989,-86.66626,LOCAL/CITY RD,,N,N,URBAN,N,N,N,,DAYLIGHT,CLEAR,DRY,,NO JUNCTION INVOLVED,STRAIGHT/GRADE,ASPHALT,FAILURE TO YIELD RIGHT OF WAY,$1001 TO $2500,RIGHT ANGLE,RITTERDRSECONDST,0,STOP SIGN,2022-02-28 11:22:00,,,
BLOOMINGTON PD,B22-32989,MONROE,PERRY,BLOOMINGTON,2,,0,0,0,,E 3RD ST,,,,,E 3RD ST,S KINGSTON DR,,,,Y,,0.0,,-4.712313536256057e-05,-2.913579564893106e-05,LOCAL/CITY RD,,,,URBAN,N,N,N,,DAYLIGHT,CLEAR,DRY,,FOUR-WAY INTERSECTION,,ASPHALT,UNSAFE LN MOVEMENT,$10001 TO $25000,RIGHT TURN,S.KINGSTONDRE 3RDST,0,,2022-08-22 11:54:00,,,
MONROE SD,M22A4981,MONROE,VAN BUREN,BLOOMINGTON,1,,0,0,0,3940,W FARMER AVE,,,,,W FARMER AVE,,,,,N,,0.0,,39.16760172468257,-86.50007420483038,PRIVATE DR,,,,RURAL,N,N,N,,DAWN/DUSK,CLEAR,DRY,,NO JUNCTION INVOLVED,,CONCRETE,ANIMAL/OBJECT IN RDWAY,$1001 TO $2500,RIGHT TURN,WFARMERAVE,0,,2022-03-02 18:27:00,,,
BLOOMINGTON PD,B22-13519,MONROE,BLOOMINGTON,BLOOMINGTON,3,,1,0,0,284,N JACOB DR,,,,,N JACOB DR,,,,,Y,,0.0,,39.165559448923595,-86.53361339611361,,,,,URBAN,N,N,N,,DAYLIGHT,CLEAR,DRY,,NO JUNCTION INVOLVED,,ASPHALT,FOLLOWING TOO CLOSELY,$5001 TO $10000,REAR END,NJACOBDR,0,,2022-04-18 10:26:00,,,
MONROE SD,M22A13041,MONROE,PERRY,BLOOMINGTON,1,,0,0,0,,W BLOOMFIELD RD,,,,,W BLOOMFIELD RD,S ANNA LEE LN,,,,Y,,250.0,,39.23001,-86.62437,LOCAL/CITY RD,,,,URBAN,N,N,N,,DARK (LIGHTED),CLEAR,DRY,,NO JUNCTION INVOLVED,,ASPHALT,ANIMAL/OBJECT IN RDWAY,UNDER $1001,RAN OFF RD,WBLOOMFIELDRDSANNALEELN,0,,2022-06-04 02:21:00,,,
BLOOMINGTON PD,B22-15338,MONROE,PERRY,BLOOMINGTON,2,,2,0,0,,W 2ND ST,,,,,W 2ND ST,S PATTERSON DR,,,,Y,,0.0,,39.1642,-86.49304,LOCAL/CITY RD,,,,URBAN,N,N,N,,DAYLIGHT,CLOUDY,DRY,,FOUR-WAY INTERSECTION,,ASPHALT,FAILURE TO YIELD RIGHT OF WAY,$10001 TO $25000,RIGHT ANGLE,W 2NDSTSPATTERSONDR,0,,2022-04-28 16:10:00,,,
BLOOMINGTON PD,B22-33130,MONROE,VAN BUREN,BLOOMINGTON,2,,0,0,0,,ST RD 45 W,,,,1,ST RD 45 W,,,,,Y,,0.0,,39.15055051196619,-86.58134322508882,ST RD,,,,URBAN,N,N,N,,DAYLIGHT,CLEAR,DRY,,FOUR-WAY INTERSECTION,,ASPHALT,DISREGARD SIGNAL/REG SIGN,$2501 TO $5000,RIGHT ANGLE,STATERD45 W117,0,,2022-08-23 09:23:00,,,
BLOOMINGTON PD,B22-21080,MONROE,BLOOMINGTON,BLOOMINGTON,2,,0,0,0,,N KINSER PK,,,,,N KINSER PK,ST RD 46,,,,Y,,0.0,,39.169118898364374,-86.57570625812446,ST RD,,,,URBAN,N,N,N,,DAYLIGHT,RAIN,WET,,FOUR-WAY INTERSECTION,,ASPHALT,FAILURE TO YIELD RIGHT OF WAY,$2501 TO $5000,RIGHT ANGLE,STATERD46NKINSERPK,0,,2022-06-06 17:27:00,,,
BLOOMINGTON PD,B22-39749,MONROE,PERRY,BLOOMINGTON,2,,0,0,0,,S WALNUT ST,,,,,S WALNUT ST,E WYLIE ST,,,,Y,,0.0,,39.15801,-86.5576,LOCAL/CITY RD,,,,URBAN,N,N,N,,DAYLIGHT,CLEAR,DRY,,NO JUNCTION INVOLVED,,ASPHALT,UNSAFE LN MOVEMENT,$1001 TO $2500,SAME DIRECTION SIDESWIPE,S.WALNUTSTEWYLIEST,0,,2022-09-29 11:23:00,,,
MONROE SD,M22A4888,MONROE,CLEAR CREEK,BLOOMINGTON,1,,0,0,1,,POINTE RD,,,,,POINTE RD,S POINTE VIEW DR,,,,N,,0.0,,39.16075,-86.54848,COUNTY RD,,,,RURAL,N,N,N,,DARK (NOT LIGHTED),CLEAR,DRY,,NO JUNCTION INVOLVED,,ASPHALT,ANIMAL/OBJECT IN RDWAY,$1001 TO $2500,COLLISION WITH DEER,SPOINTEVIEWDRPOINTERD,0,,2022-03-01 20:05:00,,,
BLOOMINGTON PD,B22-36393,MONROE,BLOOMINGTON,BLOOMINGTON,1,,1,0,0,,N LINCOLN ST,,,,,N LINCOLN ST,E VARSITY LN,,,,N,,0.0,,39.14673857895718,-86.5745131101504,PRIVATE DR,,,,URBAN,N,N,N,,DARK (LIGHTED),CLEAR,DRY,,FOUR-WAY INTERSECTION,,ASPHALT,OTHER (DRIVER) - EXPLAIN IN NARRATIVE,UNDER $1001,COLLISION WITH OBJECT IN RD,NLINCOLNSTEVARSITYLN,1,,2022-09-10 01:15:00,,,True
INDIANA UNIV BLOOMINGTON PD,223197,MONROE,BLOOMINGTON,BLOOMINGTON,2,,0,0,0,,E 17TH ST,,,,,E 17TH ST,N DUNN ST,,,,Y,,0.0,,39.18642,-86.53771,LOCAL/CITY RD,,,,URBAN,N,N,N,,DAYLIGHT,CLEAR,DRY,,FOUR-WAY INTERSECTION,,ASPHALT,UNSAFE LN MOVEMENT,UNDER $1001,SAME DIRECTION SIDESWIPE,NDUNNSTE17THST,0,,2022-09-09 17:13:00,,,
INDIANA UNIV BLOOMINGTON PD,223678,MONROE,BLOOMINGTON,BLOOMINGTON,2,,0,0,0,,ST RD 45,,,,,ST RD 45,WALKWAY,,,,Y,,0.0,,39.15833486239973,-86.53364130511164,ST RD,,,,URBAN,N,N,N,,DAYLIGHT,CLEAR,DRY,,NO JUNCTION INVOLVED,,ASPHALT,FOLLOWING TOO CLOSELY,UNDER $1001,REAR END,WALKWAYSTATERD45,0,,2022-09-30 16:35:00,,,
MONROE SD,M22A14311,MONROE,PERRY,BLOOMINGTON,2,,2,0,0,,ST RD 37,,,,,ST RD 37,S VICTOR PK,,,,N,,0.0,,39.03382996939171,-86.50814168727602,ST RD,,,,RURAL,N,N,N,,DAYLIGHT,CLEAR,DRY,,T-INTERSECTION,,ASPHALT,OTHER (ENVIRONMENTAL) - EXPLAIN IN NARR,$10001 TO $25000,RIGHT ANGLE,STATERD37SVICTORPK,0,,2022-06-17 13:22:00,,,
DNR LAW ENFORCEMENT,06-22-02447,MONROE,SALT CREEK,BLOOMINGTON,2,,0,0,0,,PAYNETOWN RD.,,,,,PAYNETOWN RD.,,,,,N,,1000.0,,39.1828452505298,-86.53126258316256,OTHER,,,,RURAL,N,N,N,,DAYLIGHT,CLEAR,DRY,,T-INTERSECTION,,ASPHALT,UNSAFE BACKING,$1001 TO $2500,BACKING CRASH,PAYNETOWNRD.,0,,2022-09-02 14:30:00,,,
MONROE SD,M22A17293,MONROE,VAN BUREN,BLOOMINGTON,2,,1,0,0,,RED ROCK RD,,,,,RED ROCK RD,S OMAHA CROSSING DR,,,,N,,0.0,,39.179,-86.52832,,,,,RURAL,N,N,N,,DAYLIGHT,CLEAR,DRY,,NO JUNCTION INVOLVED,,ASPHALT,DRIVER DISTRACTED - EXPLAIN IN NARRATIVE,$5001 TO $10000,OPPOSITE DIRECTION SIDESWIPE,SOMAHACROSSINGDRIVEREDROCKRD,0,,2022-07-18 05:14:00,,,
MONROE SD,M22A7040,MONROE,PERRY,BLOOMINGTON,2,,1,0,0,,I-69,,,,,I-69,,,114.5,,N,,0.0,,39.171517689025,-86.49796094341905,INTERSTATE,,,,URBAN,N,Y,N,,DAYLIGHT,CLEAR,DRY,,INTERCHANGE,,ASPHALT,DRIVER DISTRACTED - EXPLAIN IN NARRATIVE,$5001 TO $10000,SAME DIRECTION SIDESWIPE,I-69114.5,0,,2022-03-28 08:36:00,,,
MONROE SD,M22A3268,MONROE,PERRY,BLOOMINGTON,2,,0,0,0,,S ROCKPORT RD,,,,,S ROCKPORT RD,W TAPP RD,,,,N,,0.0,,39.10563375714427,-86.55129143324167,LOCAL/CITY RD,,,,URBAN,N,N,N,,DAWN/DUSK,CLEAR,DRY,,NO JUNCTION INVOLVED,,ASPHALT,FOLLOWING TOO CLOSELY,$5001 TO $10000,REAR END,WTAPPRDSROCKPORTRD,0,,2022-02-11 07:38:00,,,
BLOOMINGTON PD,B22-02176,MONROE,BLOOMINGTON,BLOOMINGTON,2,,0,0,0,,S ADAMS ST,,,,,S ADAMS ST,W KIRKWOOD AVE,,,,Y,,158.0,,39.082685768744255,-86.43449765358235,,,,,URBAN,N,N,N,,DAYLIGHT,CLEAR,DRY,,FOUR-WAY INTERSECTION,,ASPHALT,FAILURE TO MAINTAIN LN,UNDER $1001,OPPOSITE DIRECTION SIDESWIPE,WKIRKWOODAVESADAMSST,0,,2022-01-20 04:32:00,,,
MONROE SD,M22A23646,MONROE,RICHLAND,BLOOMINGTON,2,,0,0,0,,W VERNAL PK,,,,,W VERNAL PK,ENTERPRISE DR,,,,N,,0.0,,39.12998,-86.5897,LOCAL/CITY RD,,,,RURAL,N,N,N,,DARK (NOT LIGHTED),CLEAR,DRY,,T-INTERSECTION,,ASPHALT,FAILURE TO YIELD RIGHT OF WAY,$5001 TO $10000,HEAD ON BETWEEN TWO MOTOR VEHICLES,WVERNALPKENTERPRISEDR,0,,2022-09-26 06:32:00,,,
MONROE SD,M22A15866,MONROE,VAN BUREN,BLOOMINGTON,2,,0,0,0,3585,W ST RD 45,,,,,W ST RD 45,,,,,N,,0.0,,39.11381800265541,-86.56298714007175,PRIVATE DR,,,,URBAN,N,N,N,,DAYLIGHT,CLEAR,DRY,,NO JUNCTION INVOLVED,,ASPHALT,UNSAFE BACKING,$1001 TO $2500,BACKING CRASH,WST RD 45,0,,2022-07-03 16:20:00,,,
BLOOMINGTON PD,B22-37607,MONROE,PERRY,BLOOMINGTON,2,,0,0,0,,W COUNTRY CLUB DR,,,,,W COUNTRY CLUB DR,S ST RD 37,,,,Y,,0.0,,39.13631841217998,-86.54876015827827,LOCAL/CITY RD,,,,URBAN,N,N,N,,DAYLIGHT,CLEAR,DRY,,FOUR-WAY INTERSECTION,,ASPHALT,FAILURE TO YIELD RIGHT OF WAY,$1001 TO $2500,RIGHT ANGLE,WCOUNTRYCLUBDRSOLDSTATERD37,0,,2022-09-17 12:16:00,,,
INDIANA UNIV BLOOMINGTON PD,223327,MONROE,BLOOMINGTON,BLOOMINGTON,2,,0,0,0,,E 10TH ST,,,,,E 10TH ST,E 10TH ST,,,,Y,,0.0,,39.16665285254681,-86.54967683448363,ST RD,,,,URBAN,N,N,N,,DARK (NOT LIGHTED),CLEAR,DRY,,FOUR-WAY INTERSECTION,,ASPHALT,OTHER (DRIVER) - EXPLAIN IN NARRATIVE,$2501 TO $5000,REAR END,E 10THSTE 10THST,0,,2022-09-15 21:15:00,,,
MONROE SD,M22A22093,MONROE,VAN BUREN,BLOOMINGTON,1,,1,0,0,,S DUNLAP RD,,,,,S DUNLAP RD,S DUNLAP RD,,,,N,,0.0,,39.17922,-86.56804,,,,,RURAL,N,N,N,,DAYLIGHT,CLEAR,DRY,,T-INTERSECTION,,ASPHALT,UNSAFE SPEED,$10001 TO $25000,RAN OFF RD,SDUNLAPRDSDUNLAPRD,0,,2022-09-08 03:31:00,,,
MONROE SD,M22A13132,MONROE,PERRY,,1,,0,0,1,,E ROGERS ST,,,,,E ROGERS ST,S SNODDY RD,,,,N,,0.0,,39.14138454,-86.58036135,LOCAL/CITY RD,,,,URBAN,N,N,N,,DAWN/DUSK,CLOUDY,DRY,,NO JUNCTION INVOLVED,,ASPHALT,ANIMAL/OBJECT IN RDWAY,$5001 TO $10000,COLLISION WITH DEER,SSNODDYRDEROGERSRD,0,,2022-06-05 07:00:00,,,
MONROE SD,M22A3866,MONROE,VAN BUREN,BLOOMINGTON,1,,0,0,0,,S LIBERTY DR,,,,,S LIBERTY DR,CONSTITUTION WAY,,,,N,,1500.0,,39.13606,-86.53877,LOCAL/CITY RD,,,,URBAN,N,N,N,,DAWN/DUSK,CLEAR,ICE,,NO JUNCTION INVOLVED,,ASPHALT,RDWAY SURFACE CONDITION,$5001 TO $10000,RAN OFF RD,SLIBERTYDRCONSTITUTIONWAY,0,,2022-02-18 06:26:00,,,
BLOOMINGTON PD,B22-12157,MONROE,BLOOMINGTON,BLOOMINGTON,2,,1,0,0,,E 7TH ST,,,,,E 7TH ST,N LINCOLN ST,,,,Y,,0.0,,39.17162,-86.50215,LOCAL/CITY RD,,,,URBAN,N,N,N,,DAYLIGHT,CLOUDY,DRY,,NO JUNCTION INVOLVED,,ASPHALT,CELL PHONE USAGE,$2501 TO $5000,REAR END,NLINCOLNSTE7THST,0,,2022-04-08 13:25:00,,,
BLOOMINGTON PD,B22-26823,MONROE,BLOOMINGTON,BLOOMINGTON,1,,2,0,0,,E 16TH ST,,,,,E 16TH ST,N WALNUT ST,,,,Y,,0.0,,38.39199631384232,-87.53225308042109,LOCAL/CITY RD,,,,URBAN,N,N,Y,LN CLOSURE,DARK (NOT LIGHTED),CLOUDY,WET,,T-INTERSECTION,,OTHER - EXPLAIN IN NARRATIVE,OTHER (DRIVER) - EXPLAIN IN NARRATIVE,$25001 TO $50000,OTHER - EXPLAIN IN NARRATIVE,NWALNUTSTE16THST,0,,2022-07-14 00:10:00,,,
BLOOMINGTON PD,B22-32046,MONROE,PERRY,BLOOMINGTON,2,,0,0,0,3205,W ST RD 45,,,,,W ST RD 45,,,,,Y,,0.0,,39.135746454459735,-86.48963720656651,PRIVATE DR,,,,URBAN,N,N,N,,DAYLIGHT,CLEAR,DRY,,NO JUNCTION INVOLVED,,ASPHALT,FAILURE TO YIELD RIGHT OF WAY,$5001 TO $10000,LEFT TURN,WSTATERD45,0,,2022-08-17 12:41:00,,,
BLOOMINGTON PD,B22-16640,MONROE,BLOOMINGTON,BLOOMINGTON,2,,1,0,0,,E 3RD ST,,,,,E 3RD ST,S JEFFERSON ST,,,,Y,,0.0,,39.1512,-86.57687,LOCAL/CITY RD,,,,URBAN,N,N,N,,DAYLIGHT,CLEAR,DRY,,T-INTERSECTION,,ASPHALT,FOLLOWING TOO CLOSELY,$1001 TO $2500,REAR END,SJEFFERSONSTE 3RDST,0,,2022-05-07 12:37:00,,,
ELLETTSVILLE PD,E22-03009,MONROE,RICHLAND,ELLETTSVILLE,2,,0,0,0,,W ST RD 46,,,,,W ST RD 46,N DEER PARK DR,,,,Y,,0.0,,39.16853,-86.53105,ST RD,,,,RURAL,N,N,N,,DAYLIGHT,CLEAR,DRY,,NO JUNCTION INVOLVED,,ASPHALT,UNSAFE LN MOVEMENT,UNDER $1001,SAME DIRECTION SIDESWIPE,WSTATERD46NDEERPARKDR,0,,2022-08-11 15:21:00,,,
BLOOMINGTON PD,B22-18287,MONROE,BLOOMINGTON,BLOOMINGTON,2,,0,0,0,,N KINSER PK,,,,,N KINSER PK,ST RD 46,,,,Y,,0.0,,39.17770893864027,-86.53354901801458,ST RD,,,,URBAN,N,N,N,,DARK (LIGHTED),CLOUDY,WET,,FOUR-WAY INTERSECTION,,ASPHALT,FAILURE TO YIELD RIGHT OF WAY,$2501 TO $5000,RIGHT TURN,STATERD46NKINSERPK,0,,2022-05-18 22:20:00,,,
BLOOMINGTON PD,B22-21086,MONROE,BLOOMINGTON,BLOOMINGTON,2,,0,0,0,,3939 W 3RD ST,,,,,W 3RD ST,,,,,Y,,0.0,,39.17770962520839,-86.53351979249297,PRIVATE DR,,,,URBAN,N,N,N,,DAYLIGHT,RAIN,WET,,NO JUNCTION INVOLVED,,CONCRETE,UNSAFE BACKING,$2501 TO $5000,BACKING CRASH,3939W 3RDST,0,,2022-06-06 18:50:00,3939.0,,