Agency,Local Code,County,Township,City,Vehicles Involved,Trailers Involved,Number Injured,Number Dead,Number Deer,House Number,Roadway Name,Roadway Suffix,Roadway Number,Roadway Interchange,Roadway Ramp,Roadway Id,Intersecting Road,Intersecting Road Number,Mile Marker,Interchange,Corporate Limits?,Property Type,Feet From,Direction,Latitude,Longitude,Roadway Class,Traffic Control Devices?,Aggressive Driving?,Hit and Run?,Locality,School Zone?,Rumble Strips?,Construction?,Construction Type,Light Condition,Weather Conditions,Surface Condition,Type of Median,Roadway Junction Type,Road Character,Roadway Surface,Primary Factor,Damage Estimate,Manner of Collision,Unique Location Id,State Property Damage?,Traffic Control,DateTime,Address Number,Cyclist Involved,Pedestrian Involved
MONROE SD,M22A6758,MONROE,VAN BUREN,BLOOMINGTON,2,,2,0,0,,W ST RD 45,,,,,W ST RD 45,W AIRPORT RD,,,,N,,0.0,,39.12464226,-86.56016387,ST RD,,,,RURAL,N,N,N,,DARK (NOT LIGHTED),RAIN,WET,,FOUR-WAY INTERSECTION,,ASPHALT,DRIVER DISTRACTED - EXPLAIN IN NARRATIVE,$10001 TO $25000,REAR END,WSTATERD45 WAIRPORTRD,0,,2022-03-24 21:00:00,,,
INDIANA UNIV BLOOMINGTON PD,221431,MONROE,BLOOMINGTON,BLOOMINGTON,2,,1,0,0,,E 3RD ST,,,,,E 3RD ST,S FESS AVE,,,,Y,,317.0,,39.171626703286876,-86.5235390896811,LOCAL/CITY RD,,,,URBAN,N,N,N,,DAYLIGHT,CLOUDY,DRY,,NO JUNCTION INVOLVED,,ASPHALT,UNSAFE LN MOVEMENT,$1001 TO $2500,SAME DIRECTION SIDESWIPE,SFESSAVEE 3RDST,0,,2022-04-15 14:04:00,,,
MONROE SD,M22A18096,MONROE,VAN BUREN,BLOOMINGTON,1,,0,0,0,,W ST RD 48,,,,,W ST RD 48,S GARRISON CHAPEL RD,,,,N,,0.0,,39.14160653,-86.57988102,ST RD,,,,RURAL,N,N,N,,DAYLIGHT,CLEAR,WET,,NO JUNCTION INVOLVED,,ASPHALT,RDWAY SURFACE CONDITION,$10001 TO $25000,RAN OFF RD,WSTATERD48SGARRISONCHAPELRD,0,,2022-07-26 02:41:00,,,
BLOOMINGTON PD,B22-27977,MONROE,BLOOMINGTON,BLOOMINGTON,2,,0,0,0,,W 3RD ST,,,,,W 3RD ST,S WALNUT ST,,,,Y,,0.0,,39.16654370211357,-86.52982620198568,LOCAL/CITY RD,,,,URBAN,N,N,N,,DAYLIGHT,CLEAR,DRY,,FOUR-WAY INTERSECTION,,ASPHALT,DISREGARD SIGNAL/REG SIGN,$5001 TO $10000,RIGHT ANGLE,W 3RDSTSWALNUTST,0,,2022-07-21 13:19:00,,,
BLOOMINGTON PD,B22-35859,MONROE,PERRY,BLOOMINGTON,2,,0,0,0,,E ROGERS ST,,,,,E ROGERS ST,S SARE RD,,,,Y,,0.0,,39.1714891307928,-86.49539042045434,LOCAL/CITY RD,,,,URBAN,N,N,N,,DAYLIGHT,CLEAR,DRY,,TRAFFIC CIRCLE/ROUNDABOUT,,ASPHALT,INSECURE/LEAKY LOAD,$2501 TO $5000,OTHER - EXPLAIN IN NARRATIVE,S.SARERDEROGERSRD,0,,2022-09-07 10:03:00,,,
DNR LAW ENFORCEMENT,06-22-00265,MONROE,BLOOMINGTON,BLOOMINGTON,1,,0,0,0,,N ST RD 37,,,,,N ST RD 37,,,,,N,,0.0,,39.15500006999104,-86.49613981684128,,,,,RURAL,N,N,N,,DAYLIGHT,CLEAR,SNOW/SLUSH,,NO JUNCTION INVOLVED,,ASPHALT,OVERCORRECTING/OVERSTEERING,$10001 TO $25000,RAN OFF RD,NOLDSTATERD37,0,,2022-02-05 11:45:00,,,
BLOOMINGTON PD,B22-04335,MONROE,PERRY,BLOOMINGTON,3,,0,0,0,,W COUNTRY CLUB DR,,,,,W COUNTRY CLUB DR,S MILTON DR,,,,Y,,898.0,,39.13638,-86.5944,LOCAL/CITY RD,,,,URBAN,N,N,N,,DAYLIGHT,CLEAR,SNOW/SLUSH,,NO JUNCTION INVOLVED,,CONCRETE,FOLLOWING TOO CLOSELY,$5001 TO $10000,REAR END,WCOUNTRYCLUBDRSMILTONDR,0,,2022-02-08 16:15:00,,,
MONROE SD,M22A22436,MONROE,PERRY,BLOOMINGTON,1,,0,0,0,,W GORDON PK,,,,,W GORDON PK,,,,,N,,0.0,,39.18108751743603,-86.5309375209162,,,,,RURAL,N,N,N,,DAYLIGHT,CLEAR,DRY,,NO JUNCTION INVOLVED,,ASPHALT,DRIVER DISTRACTED - EXPLAIN IN NARRATIVE,$2501 TO $5000,RAN OFF RD,WGORDONPK,0,,2022-09-12 11:07:00,,,
BLOOMINGTON PD,B22-24867,MONROE,BLOOMINGTON,BLOOMINGTON,2,,0,0,0,,N WALNUT ST,,,,,N WALNUT ST,W 7TH ST,,,,Y,,0.0,,39.16428,-86.52586,LOCAL/CITY RD,,,,URBAN,N,N,N,,DAYLIGHT,CLEAR,DRY,,FOUR-WAY INTERSECTION,,ASPHALT,FAILURE TO YIELD RIGHT OF WAY,$1001 TO $2500,SAME DIRECTION SIDESWIPE,W.7THSTN.WALNUTST,0,,2022-07-01 11:50:00,,,
BLOOMINGTON PD,B22-31094,MONROE,BLOOMINGTON,BLOOMINGTON,2,,0,0,0,,W ARLINGTON RD,,,,,W ARLINGTON RD,N 20TH ST,,,,Y,,1000.0,,39.16364,-86.64987,LOCAL/CITY RD,,,,URBAN,N,N,N,,DAYLIGHT,CLEAR,DRY,,NO JUNCTION INVOLVED,,ASPHALT,FOLLOWING TOO CLOSELY,$5001 TO $10000,REAR END,WARLINGTONRDN20THST,0,,2022-08-11 12:06:00,,,
INDIANA UNIV BLOOMINGTON PD,221771,MONROE,BLOOMINGTON,BLOOMINGTON,2,,0,0,0,,ST RD 45,,,,,ST RD 45,,,,,N,,528.0,,39.16457548911719,-86.5336446583724,ST RD,,,,URBAN,N,N,N,,DAYLIGHT,RAIN,WET,,NO JUNCTION INVOLVED,,ASPHALT,FOLLOWING TOO CLOSELY,$2501 TO $5000,REAR END,STATERD45,0,,2022-05-05 14:45:00,,,
BLOOMINGTON PD,B22-40143,MONROE,PERRY,BLOOMINGTON,1,,0,0,0,,E ALLENDALE DR,,,,,E ALLENDALE DR,S WALNUT ST PK,,,,Y,,158.0,,39.13574,-86.49667,LOCAL/CITY RD,,,,URBAN,N,N,N,,DAYLIGHT,CLEAR,DRY,,NO JUNCTION INVOLVED,,ASPHALT,UNSAFE BACKING,$5001 TO $10000,BACKING CRASH,SWALNUTSTPKEALLENDALEDR,0,,2022-10-01 08:19:00,,,
BLOOMINGTON PD,B22-30796,MONROE,PERRY,BLOOMINGTON,2,,0,0,0,2850,S COLLEGE MALL RD,,,,,S COLLEGE MALL RD,,,,,Y,,0.0,,39.23511693598702,-86.50341196147336,PRIVATE DR,,,,URBAN,N,N,N,,DAYLIGHT,CLOUDY,DRY,,NO JUNCTION INVOLVED,,ASPHALT,UNDER STEERING/UNDER CORRECTING,$2501 TO $5000,OPPOSITE DIRECTION SIDESWIPE,SCOLLEGEMALLRD,0,,2022-08-09 14:13:00,,,
INDIANA UNIV BLOOMINGTON PD,220875,MONROE,BLOOMINGTON,BLOOMINGTON,2,,0,0,0,,N EAGLESON AVE,,,,,N EAGLESON AVE,E 7TH ST,,,,Y,,370.0,,39.13605258404768,-86.53938246004587,LOCAL/CITY RD,,,,URBAN,N,N,N,,UNKNOWN,CLOUDY,DRY,,T-INTERSECTION,,ASPHALT,FAILURE TO YIELD RIGHT OF WAY,$1001 TO $2500,RIGHT ANGLE,NEAGLESON AVEAVEE7THST,0,,2022-03-07 13:00:00,,,
BLOOMINGTON PD,B22-06963,MONROE,PERRY,BLOOMINGTON,2,,0,0,0,,S WALNUT ST,,,,,S WALNUT ST,E HILLSIDE DR,,,,Y,,0.0,,39.121469006776294,-86.53645134487414,LOCAL/CITY RD,,,,URBAN,N,N,N,,DAYLIGHT,CLEAR,DRY,,T-INTERSECTION,,ASPHALT,IMPROPER TURNING,$2501 TO $5000,RIGHT TURN,SWALNUTSTEHILLSIDEDR,0,,2022-03-02 02:36:00,,,
BLOOMINGTON PD,B22-38918,MONROE,BLOOMINGTON,BLOOMINGTON,2,,1,0,0,,ST RD 45,,,,,ST RD 45,E 10TH ST,,,,Y,,0.0,,39.16853973384145,-86.53358519418327,ST RD,,,,URBAN,N,N,N,,DAYLIGHT,CLEAR,DRY,,FOUR-WAY INTERSECTION,,ASPHALT,FOLLOWING TOO CLOSELY,UNDER $1001,REAR END,STATERD45E 10THST,0,,2022-09-25 12:40:00,,,
BLOOMINGTON PD,B22-37459,MONROE,PERRY,BLOOMINGTON,2,,0,0,0,,S ROGERS ST,,,,,S ROGERS ST,W 4TH ST,,,,Y,,0.0,,39.18383,-86.55008,LOCAL/CITY RD,,,,URBAN,Y,N,N,,DAYLIGHT,CLEAR,DRY,,FOUR-WAY INTERSECTION,,ASPHALT,IMPROPER LN USAGE,$10001 TO $25000,HEAD ON BETWEEN TWO MOTOR VEHICLES,W.4THSTS.ROGERSST,0,,2022-09-16 13:08:00,,,
INDIANA UNIV BLOOMINGTON PD,223433,MONROE,BLOOMINGTON,BLOOMINGTON,1,,1,0,0,,N RANGE RD,,,,,N RANGE RD,,,,,Y,,0.0,,39.174276598209865,-86.50379614424232,LOCAL/CITY RD,,,,URBAN,N,N,N,,DAWN/DUSK,CLEAR,DRY,,T-INTERSECTION,,ASPHALT,DRIVER ILLNESS,$10001 TO $25000,RAN OFF RD,NRANGERD,0,,2022-09-21 06:55:00,,,
BLOOMINGTON PD,B22-38184,MONROE,BLOOMINGTON,BLOOMINGTON,2,,0,0,0,,N ROGERS ST,,,,,N ROGERS ST,W 6TH ST,,,,Y,,264.0,,39.13082,-86.52682,LOCAL/CITY RD,,,,URBAN,N,N,N,,DAYLIGHT,CLEAR,DRY,,NO JUNCTION INVOLVED,,ASPHALT,OTHER (DRIVER) - EXPLAIN IN NARRATIVE,$2501 TO $5000,SAME DIRECTION SIDESWIPE,W6THSTNROGERSST,0,,2022-09-21 09:03:00,,,
BLOOMINGTON PD,B22-29667,MONROE,BLOOMINGTON,BLOOMINGTON,2,,1,0,0,,E 4TH ST,,,,,E 4TH ST,S DUNN ST,,,,Y,,0.0,,39.16041518,-86.49661336,LOCAL/CITY RD,,,,URBAN,N,N,N,,DAYLIGHT,CLOUDY,DRY,,FOUR-WAY INTERSECTION,,ASPHALT,UNSAFE BACKING,$1001 TO $2500,BACKING CRASH,SDUNNSTE4THST,0,,2022-08-02 12:05:00,,,
BLOOMINGTON PD,B22-24168,MONROE,,BLOOMINGTON,2,,0,0,0,,S WALNUT ST,,,,,S WALNUT ST,W GRIMES LN,,,,Y,,0.0,,39.16885,-86.51614,,,,,URBAN,N,N,N,,DAYLIGHT,CLEAR,DRY,,FOUR-WAY INTERSECTION,,ASPHALT,FAILURE TO YIELD RIGHT OF WAY,$5001 TO $10000,RIGHT ANGLE,W.GRIMESLNS.WALNUTST,0,,2022-06-27 13:48:00,,,
INDIANA UNIV BLOOMINGTON PD,223691,MONROE,BLOOMINGTON,BLOOMINGTON,1,,0,0,0,,E 10TH ST,,,,,E 10TH ST,ACCESS DR TO HILLTOP GARDEN,,,,Y,,0.0,,39.15051,-86.53367,LOCAL/CITY RD,,,,URBAN,N,N,N,,DAYLIGHT,CLEAR,DRY,,NO JUNCTION INVOLVED,,ASPHALT,OTHER (ENVIRONMENTAL) - EXPLAIN IN NARR,$5001 TO $10000,RAN OFF RD,E 10THSTACCESSDRTOHILLTOPGARDENS,0,,2022-10-01 18:20:00,,,
BLOOMINGTON PD,B22-20641,MONROE,PERRY,BLOOMINGTON,2,,0,0,0,2303,S BRYAN ST,,,,,S BRYAN ST,,,,,Y,,0.0,,39.176752197710165,-86.47851260880094,PRIVATE DR,,,,URBAN,N,N,N,,DAYLIGHT,CLEAR,DRY,,NO JUNCTION INVOLVED,,ASPHALT,UNSAFE BACKING,$1001 TO $2500,BACKING CRASH,SBRYANST,0,,2022-06-03 18:03:00,,,
ELLETTSVILLE PD,E22-03858,MONROE,RICHLAND,ELLETTSVILLE,3,,0,0,0,,W ST RD 46,,,,,W ST RD 46,N LAKEVIEW DR,,,,Y,,0.0,,39.16563,-86.53872,ST RD,,,,URBAN,N,N,N,,DAYLIGHT,CLEAR,DRY,,NO JUNCTION INVOLVED,,ASPHALT,IMPROPER PASSING,$10001 TO $25000,RIGHT ANGLE,WSTATERD46NLAKEVIEWDR,0,,2022-09-26 16:45:00,,,
INDIANA UNIV BLOOMINGTON PD,220395,MONROE,BLOOMINGTON,BLOOMINGTON,1,,0,0,0,,E 17TH ST,,,,,E 17TH ST,,,,,N,,0.0,,39.17614954805702,-86.50184333332618,,,,,URBAN,N,N,N,,DARK (LIGHTED),RAIN,WET,,NO JUNCTION INVOLVED,,ASPHALT,OTHER (DRIVER) - EXPLAIN IN NARRATIVE,$1001 TO $2500,OTHER - EXPLAIN IN NARRATIVE,E17THST,0,,2022-02-02 06:50:00,,,
BLOOMINGTON PD,B22-02847,MONROE,BLOOMINGTON,BLOOMINGTON,2,,1,0,0,2701,E 3RD ST,,,,,E 3RD ST,,,,,Y,,0.0,,39.167542080262095,-86.53870578040403,LOCAL/CITY RD,,,,URBAN,N,N,N,,DAYLIGHT,CLEAR,DRY,,FOUR-WAY INTERSECTION,,ASPHALT,FAILURE TO YIELD RIGHT OF WAY,$2501 TO $5000,SAME DIRECTION SIDESWIPE,E 3RDST,0,,2022-01-26 13:48:00,,,
BLOOMINGTON PD,B22-39160,MONROE,PERRY,BLOOMINGTON,1,,1,0,0,1004,W COUNTRY CLUB DR,,,,,W COUNTRY CLUB DR,,,,,Y,,0.0,,39.16552929124217,-86.52825341148916,PRIVATE DR,,,,URBAN,N,N,N,,DAWN/DUSK,CLEAR,DRY,,NO JUNCTION INVOLVED,,ASPHALT,OTHER (ENVIRONMENTAL) - EXPLAIN IN NARR,UNDER $1001,BACKING CRASH,WCOUNTRYCLUBDR,1,,2022-09-26 19:05:00,,,True
BLOOMINGTON PD,B22-30409,MONROE,BLOOMINGTON,BLOOMINGTON,2,,0,0,0,,S WALNUT ST,,,,,S WALNUT ST,W KIRKWOOD AVE,,,,Y,,0.0,,39.153338668175955,-86.53373840047547,,,,,URBAN,N,N,N,,DAYLIGHT,CLEAR,DRY,,FOUR-WAY INTERSECTION,,ASPHALT,IMPROPER TURNING,$1001 TO $2500,RIGHT TURN,WKIRKWOODAVESWALNUTST,0,,2022-08-06 17:20:00,,,
BLOOMINGTON PD,B22-27680,MONROE,BLOOMINGTON,BLOOMINGTON,2,,0,0,0,,S DUNN ST,,,,,S DUNN ST,E 3RD ST,,,,Y,,317.0,,39.17154504708317,-86.5048833129253,LOCAL/CITY RD,,,,URBAN,N,N,N,,DAYLIGHT,CLEAR,DRY,,T-INTERSECTION,,ASPHALT,FAILURE TO YIELD RIGHT OF WAY,$5001 TO $10000,RIGHT ANGLE,SDUNNSTE 3RDST,0,,2022-07-19 16:53:00,,,
BLOOMINGTON PD,B22-14557,MONROE,PERRY,BLOOMINGTON,3,,1,0,0,,E WINSLOW RD,,,,,E WINSLOW RD,S WALNUT ST,,,,Y,,0.0,,39.14177442058884,-86.53671856236777,LOCAL/CITY RD,,,,URBAN,N,N,N,,DARK (LIGHTED),CLEAR,DRY,,NO JUNCTION INVOLVED,,ASPHALT,UNSAFE SPEED,$5001 TO $10000,REAR END,SWALNUTSTEWINSLOWRD,0,,2022-04-23 21:01:00,,,
MONROE SD,M22A10341,MONROE,PERRY,BLOOMINGTON,2,,0,0,0,,E RHORER RD,,,,,E RHORER RD,S NIMIT DR,,,,N,,0.0,,39.22104,-86.60539,LOCAL/CITY RD,,,,URBAN,N,N,N,,DAYLIGHT,CLEAR,DRY,,NO JUNCTION INVOLVED,,ASPHALT,LEFT OF CENTER,$10001 TO $25000,OPPOSITE DIRECTION SIDESWIPE,SNIMITDRERHORERRD,0,,2022-05-06 13:23:00,,,
MONROE SD,M22A2842,MONROE,VAN BUREN,BLOOMINGTON,1,,0,0,0,3625,S SIMS LN,,,,,S SIMS LN,,,,,N,,0.0,,39.18011954342714,-86.5255649033955,LOCAL/CITY RD,,,,URBAN,N,N,N,,DARK (NOT LIGHTED),CLEAR,SNOW/SLUSH,,NO JUNCTION INVOLVED,,ASPHALT,RDWAY SURFACE CONDITION,$1001 TO $2500,RAN OFF RD,SSIMSLN,0,,2022-02-06 05:30:00,,,
INDIANA UNIV BLOOMINGTON PD,223004,MONROE,BLOOMINGTON,BLOOMINGTON,2,,0,0,0,,E 3RD ST,,,,,E 3RD ST,S FACULTY AVE,,,,Y,,0.0,,39.16521304,-86.49862354,LOCAL/CITY RD,,,,URBAN,N,N,N,,DAYLIGHT,CLEAR,DRY,,T-INTERSECTION,,ASPHALT,FAILURE TO YIELD RIGHT OF WAY,$2501 TO $5000,LEFT TURN,SFACULTYAVEE 3RDST,0,,2022-09-01 14:25:00,,,
BLOOMINGTON PD,B22-29654,MONROE,PERRY,BLOOMINGTON,2,,0,0,0,353,S LANDMARK AVE,,,,,S LANDMARK AVE,,,,,Y,,0.0,,39.136668963608145,-86.54563241640099,PRIVATE DR,,,,URBAN,N,N,N,,DAYLIGHT,CLOUDY,DRY,,NO JUNCTION INVOLVED,,ASPHALT,UNDER STEERING/UNDER CORRECTING,$1001 TO $2500,SAME DIRECTION SIDESWIPE,SLANDMARKAVE,0,,2022-08-02 11:07:00,,,
BLOOMINGTON PD,B22-04448,MONROE,PERRY,BLOOMINGTON,1,,0,0,0,,S WALNUT ST,,,,,S WALNUT ST,,,,,Y,,0.0,,39.16425705936018,-86.50713067258657,OTHER,,,,URBAN,N,N,N,,DAYLIGHT,CLEAR,DRY,,NO JUNCTION INVOLVED,,ASPHALT,OTHER (DRIVER) - EXPLAIN IN NARRATIVE,$1001 TO $2500,RAN OFF RD,S.WALNUTST,0,,2022-02-09 10:41:00,,,
BLOOMINGTON PD,B22-37409,MONROE,,BLOOMINGTON,2,,1,0,0,,3RD ST,,,,,3RD ST,PATTERSON DR,,,,Y,,0.0,,39.16658,-86.53361,LOCAL/CITY RD,,,,URBAN,N,N,N,,DARK (LIGHTED),CLEAR,DRY,,NO JUNCTION INVOLVED,,ASPHALT,OTHER (DRIVER) - EXPLAIN IN NARRATIVE,$1001 TO $2500,OTHER - EXPLAIN IN NARRATIVE,PATTERSONDR3RDST,0,,2022-09-16 06:40:00,,,
MONROE SD,M22A22882,MONROE,VAN BUREN,BLOOMINGTON,2,,0,0,0,,S ISON RD,,,,,S ISON RD,W LEONARD SPRINGS RD,,,,N,,0.0,,39.16438326793419,-86.52820051014159,LOCAL/CITY RD,,,,RURAL,N,N,N,,DAYLIGHT,CLEAR,DRY,,FOUR-WAY INTERSECTION,,ASPHALT,FAILURE TO YIELD RIGHT OF WAY,$5001 TO $10000,HEAD ON BETWEEN TWO MOTOR VEHICLES,WLEONARDSPRINGSRDSISONRD,0,,2022-09-17 09:54:00,,,
ISP BLOOMINGTON 33,2.022E+11,MONROE,BLOOMINGTON,BLOOMINGTON,2,,0,0,0,,ST RD 46,,,,,ST RD 46,W CURRY PK,,,,N,,0.0,,39.13597,-86.53111,ST RD,,,,RURAL,N,N,B,,DAYLIGHT,CLEAR,DRY,,FOUR-WAY INTERSECTION,,ASPHALT,FOLLOWING TOO CLOSELY,$1001 TO $2500,REAR END,WCURRYPKSTATERD46,0,,2022-06-25 12:45:00,,,
BLOOMINGTON PD,B22-34509,MONROE,BLOOMINGTON,BLOOMINGTON,3,,0,0,0,,N WALNUT ST,,,,,N WALNUT ST,N ST RD 37,,,,Y,,0.0,,39.12145,-86.52383,ST RD,,,,RURAL,N,N,N,,DAYLIGHT,CLEAR,DRY,,FOUR-WAY INTERSECTION,,ASPHALT,BRAKE FAILURE OR DEFECTIVE,$1001 TO $2500,SAME DIRECTION SIDESWIPE,NWALNUTSTNOLDSTATERD37,0,,2022-08-30 17:57:00,,,
ISP BLOOMINGTON 33,2.022E+11,MONROE,POLK,BLOOMINGTON,1,,0,0,1,,ST RD 446,,,,,ST RD 446,S CHAPEL HILL RD,,,,N,,300.0,,39.16361,-86.43815,ST RD,,,,RURAL,N,N,N,,DARK (NOT LIGHTED),CLEAR,DRY,,NO JUNCTION INVOLVED,,ASPHALT,ANIMAL/OBJECT IN RDWAY,$1001 TO $2500,COLLISION WITH DEER,STATERD446SCHAPELHILLRD,0,,2022-09-02 20:55:00,,,
MONROE SD,M22A18797,MONROE,BLOOMINGTON,BLOOMINGTON,2,,0,0,0,,E BETHEL LN,,,,,E BETHEL LN,N ST RD 37,,,,N,,0.0,,39.12648671818045,-86.57872046255086,LOCAL/CITY RD,,,,RURAL,N,N,N,,DAYLIGHT,CLEAR,DRY,,T-INTERSECTION,,ASPHALT,DRIVER DISTRACTED - EXPLAIN IN NARRATIVE,$10001 TO $25000,REAR END,NOLDSTATERD37EBETHELLN,0,,2022-08-03 08:19:00,,,
BLOOMINGTON PD,B22-05952,MONROE,BLOOMINGTON,BLOOMINGTON,2,,0,0,0,,W 8TH ST,,,,,W 8TH ST,W VERNAL PK,,,,Y,,0.0,,39.16427,-86.52104,LOCAL/CITY RD,,,,URBAN,N,N,N,,DAYLIGHT,RAIN,WET,,T-INTERSECTION,,ASPHALT,FOLLOWING TOO CLOSELY,UNDER $1001,REAR END,WVERNALPKW8THST,0,,2022-02-22 15:00:00,,,
ISP BLOOMINGTON 33,2.022E+11,MONROE,PERRY,BLOOMINGTON,2,,0,0,0,,I-69,,,,,I-69,,,119.5,,N,,0.0,,39.16362300104926,-86.55629786028392,INTERSTATE,,,,RURAL,N,N,N,,DAYLIGHT,CLEAR,DRY,,NO JUNCTION INVOLVED,,ASPHALT,FAILURE TO YIELD RIGHT OF WAY,$10001 TO $25000,SAME DIRECTION SIDESWIPE,I-69119.5,0,,2022-04-12 11:59:00,,,
INDIANA UNIV BLOOMINGTON PD,222056,MONROE,BLOOMINGTON,BLOOMINGTON,2,,0,0,0,,E 3RD ST,,,,,E 3RD ST,S BALLANTINE RD,,,,N,,211.0,,0.0,0.0,LOCAL/CITY RD,,,,URBAN,N,N,N,,DAYLIGHT,CLEAR,DRY,,NO JUNCTION INVOLVED,,ASPHALT,UNSAFE LN MOVEMENT,UNDER $1001,RAN OFF RD,SBALLANTINERDE 3RDST,0,,2022-06-06 09:20:00,,,
BLOOMINGTON PD,B22-05364,MONROE,PERRY,BLOOMINGTON,2,,0,0,0,3220,E 3RD ST,,,,,E 3RD ST,,,,,Y,,0.0,,39.16439325202831,-86.55200788245321,LOCAL/CITY RD,,,,URBAN,N,N,N,,DAYLIGHT,RAIN,WET,,NO JUNCTION INVOLVED,,ASPHALT,FAILURE TO YIELD RIGHT OF WAY,$2501 TO $5000,RIGHT ANGLE,E 3RDST,0,,2022-02-17 16:04:00,,,
INDIANA UNIV BLOOMINGTON PD,222826,MONROE,BLOOMINGTON,BLOOMINGTON,2,,0,0,0,,N EAGLESON AVE,,,,,N EAGLESON AVE,,,,,Y,,0.0,,39.12227097621473,-86.60578741405583,PRIVATE DR,,,,URBAN,N,N,N,,DAYLIGHT,CLEAR,DRY,,NO JUNCTION INVOLVED,,ASPHALT,IMPROPER TURNING,$1001 TO $2500,RIGHT TURN,NEAGLESON AVEAVE,0,,2022-08-25 11:54:00,,,
BLOOMINGTON PD,B22-42313,MONROE,BLOOMINGTON,BLOOMINGTON,2,,0,0,0,,N COLLEGE AVE,,,,,N COLLEGE AVE,W 14TH ST,,,,Y,,0.0,,39.1936306051412,-86.57142235186902,LOCAL/CITY RD,,,,URBAN,N,N,N,,DAYLIGHT,CLEAR,DRY,,FOUR-WAY INTERSECTION,,ASPHALT,FAILURE TO YIELD RIGHT OF WAY,$5001 TO $10000,LEFT TURN,W.14THSTN.COLLEGEAVE,0,,2022-10-13 10:27:00,,,
BLOOMINGTON PD,B22-27332,MONROE,BLOOMINGTON,BLOOMINGTON,2,,0,0,0,2300,N WALNUT ST,,,,,N WALNUT ST,,,,,Y,,0.0,,39.20707544202633,-86.53484519656911,PRIVATE DR,,,,URBAN,N,N,N,,DARK (LIGHTED),CLOUDY,WET,,NO JUNCTION INVOLVED,,ASPHALT,ANIMAL/OBJECT IN RDWAY,$1001 TO $2500,COLLISION WITH OBJECT IN RD,NWALNUTST,0,,2022-07-17 04:29:00,,,
BLOOMINGTON PD,B22-21492,MONROE,PERRY,BLOOMINGTON,2,,0,0,0,,S MONON DR,,,,,S MONON DR,W HILLSIDE DR,,,,Y,,500.0,,39.0232584254447,-86.40539273154938,LOCAL/CITY RD,,,,URBAN,N,N,N,,DAYLIGHT,CLEAR,DRY,,NO JUNCTION INVOLVED,,ASPHALT,UNSAFE BACKING,$2501 TO $5000,BACKING CRASH,W.HILLSIDEDRS.MONONDR,0,,2022-06-09 11:27:00,,,
BLOOMINGTON PD,B22-36358,MONROE,PERRY,BLOOMINGTON,2,,2,0,0,,W GORDON PK,,,,,W GORDON PK,S ST RD 37,,,,Y,,0.0,,39.21283911966871,-86.49075732200565,LOCAL/CITY RD,,,,URBAN,N,N,N,,DARK (LIGHTED),CLEAR,DRY,,FOUR-WAY INTERSECTION,,ASPHALT,DISREGARD SIGNAL/REG SIGN,$5001 TO $10000,RIGHT ANGLE,WGORDONPKSOLDSTRD37,0,,2022-09-09 22:57:00,,,
BLOOMINGTON PD,B22-38064,MONROE,RICHLAND,,2,,0,0,0,3620,W 3RD ST,,,,,W 3RD ST,,,,,Y,,0.0,,38.87029263558333,-86.50077597637102,PRIVATE DR,,,,URBAN,N,N,N,,DAYLIGHT,CLEAR,DRY,,T-INTERSECTION,,ASPHALT,UNSAFE BACKING,$1001 TO $2500,BACKING CRASH,W 3RDST,0,,2022-09-20 12:21:00,,,
ISP INDIANAPOLIS 52,2022-00432922,MONROE,INDIAN CREEK,BLOOMINGTON,1,,0,0,0,,I-69 S,,,,,I-69 S,,,106.5,,N,,300.0,,39.18232231609008,-86.55690808333068,INTERSTATE,,,,RURAL,N,N,N,,DARK (NOT LIGHTED),CLEAR,DRY,,NO JUNCTION INVOLVED,,CONCRETE,ANIMAL/OBJECT IN RDWAY,$1001 TO $2500,COLLISION WITH OBJECT IN RD,SINTERSTATE69106.5,0,,2022-09-29 20:40:00,,,
ISP BLOOMINGTON 33,2.022E+11,MONROE,PERRY,BLOOMINGTON,2,,0,0,0,,ST RD 45,,,,0,ST RD 45,,,,,N,,0.0,,39.16422376194236,-86.51913472056715,INTERSTATE,,,,URBAN,N,N,N,,DAYLIGHT,CLEAR,DRY,,RAMP,,ASPHALT,FOLLOWING TOO CLOSELY,$1001 TO $2500,REAR END,STATERD45099C,0,,2022-04-23 15:43:00,,,
BLOOMINGTON PD,B22-30917,MONROE,PERRY,BLOOMINGTON,2,,0,0,0,,S WALNUT ST,,,,,S WALNUT ST,W GRIMES LN,,,,Y,,0.0,,39.16341821154981,-86.49211195901832,LOCAL/CITY RD,,,,URBAN,N,N,N,,DAYLIGHT,CLOUDY,DRY,,FIVE POINT OR MORE,,ASPHALT,FOLLOWING TOO CLOSELY,$2501 TO $5000,REAR END,WGRIMESLNSWALNUTST,0,,2022-08-10 10:16:00,,,
INDIANA UNIV BLOOMINGTON PD,221371,MONROE,BLOOMINGTON,BLOOMINGTON,2,,0,0,0,,E 3RD ST,,,,,E 3RD ST,S BALLANTINE RD,,,,Y,,0.0,,39.17642208013509,-86.5123947205344,LOCAL/CITY RD,,,,URBAN,N,N,N,,DAYLIGHT,RAIN,WET,,T-INTERSECTION,,ASPHALT,UNSAFE LN MOVEMENT,$2501 TO $5000,SAME DIRECTION SIDESWIPE,SBALLANTINERDE 3RDST,0,,2022-04-11 16:55:00,,,