Agency,Local Code,County,Township,City,Vehicles Involved,Trailers Involved,Number Injured,Number Dead,Number Deer,House Number,Roadway Name,Roadway Suffix,Roadway Number,Roadway Interchange,Roadway Ramp,Roadway Id,Intersecting Road,Intersecting Road Number,Mile Marker,Interchange,Corporate Limits?,Property Type,Feet From,Direction,Latitude,Longitude,Roadway Class,Traffic Control Devices?,Aggressive Driving?,Hit and Run?,Locality,School Zone?,Rumble Strips?,Construction?,Construction Type,Light Condition,Weather Conditions,Surface Condition,Type of Median,Roadway Junction Type,Road Character,Roadway Surface,Primary Factor,Damage Estimate,Manner of Collision,Unique Location Id,State Property Damage?,Traffic Control,DateTime,Address Number,Cyclist Involved,Pedestrian Involved
BLOOMINGTON PD,B2202271,MONROE,BLOOMINGTON,BLOOMINGTON,3,,1,0,0,,W GOURLEY PK,,,,,W GOURLEY PK,N MONROE ST,,,,Y,,0.0,,39.13674381962357,-86.57778016315253,,,,,URBAN,N,N,N,,DAYLIGHT,CLEAR,DRY,,FOUR-WAY INTERSECTION,,ASPHALT,FAILURE TO YIELD RIGHT OF WAY,$10001 TO $25000,RIGHT ANGLE,WGOURLEYPKNMONROEST,0,,2022-01-21 13:40:00,,,
MONROE SD,M22A1463,MONROE,RICHLAND,ELLETTSVILLE,1,,0,0,0,,W DELAP RD,,,,,W DELAP RD,N MAPLE GROVE RD,,,,N,,0.0,,39.16653,-86.52823,COUNTY RD,,,,RURAL,N,N,N,,DAYLIGHT,CLEAR,DRY,,NO JUNCTION INVOLVED,,ASPHALT,TIRE FAILURE OR DEFECTIVE,$2501 TO $5000,RAN OFF RD,WDELAPRDNMAPLEGROVERD,0,,2022-01-20 10:51:00,,,
MONROE SD,M22A1762,MONROE,RICHLAND,BLOOMINGTON,2,,0,0,0,,N SMITH PK,,,,,N SMITH PK,PROFILE PKWY,,,,N,,792.0,,39.13635,-86.54874,LOCAL/CITY RD,,,,URBAN,N,N,N,,DAYLIGHT,SNOW,SNOW/SLUSH,,NO JUNCTION INVOLVED,,ASPHALT,DRIVER DISTRACTED - EXPLAIN IN NARRATIVE,$5001 TO $10000,REAR END,PROFILEPKWYNSMITHPK,0,,2022-01-24 13:54:00,,,
INDIANA UNIV BLOOMINGTON PD,220282,MONROE,BLOOMINGTON,BLOOMINGTON,2,,0,0,0,815,N EAGLESON AVE,,,,,N EAGLESON AVE,,,,,Y,,0.0,,39.05578947622641,-86.68104411143305,LOCAL/CITY RD,,,,URBAN,N,N,N,,DAYLIGHT,CLEAR,DRY,,NO JUNCTION INVOLVED,,ASPHALT,OTHER (DRIVER) - EXPLAIN IN NARRATIVE,$2501 TO $5000,SAME DIRECTION SIDESWIPE,NEAGLESON AVEAVE,0,,2022-01-26 14:39:00,,,
ELLETTSVILLE PD,E2200307,MONROE,RICHLAND,ELLETTSVILLE,2,0.0,0,0,0,,,,ST RD 46 W,,,ST RD 46 W,UNION VALLEY,,,,Y,,,,39.15936687037495,-86.53505220100307,ST RD,Y,N,N,URBAN,N,Y,N,,DAYLIGHT,CLOUDY,WET,,NO JUNCTION INVOLVED,STRAIGHT/LEVEL,ASPHALT,IMPROPER TURNING,$5001 TO $10000,OPPOSITE DIRECTION SIDESWIPE,ST RD 46 WUNIONVALLEYDR,0,TRAFFIC CONTROL SIGNAL,2022-01-23 12:11:00,,,
BLOOMINGTON PD,B22-00575,MONROE,BLOOMINGTON,BLOOMINGTON,2,,0,0,0,,1709 W 8TH ST,,,,,W 8TH ST,N SPRING ST,,,,Y,,500.0,,39.16427,-86.51913,LOCAL/CITY RD,,,,URBAN,N,N,N,,DARK (NOT LIGHTED),CLEAR,DRY,,NO JUNCTION INVOLVED,,ASPHALT,UNSAFE BACKING,$1001 TO $2500,BACKING CRASH,NSPRINGST1709W.8THST,0,,2022-01-06 14:02:00,1709.0,,
INDIANA UNIV BLOOMINGTON PD,220076,MONROE,BLOOMINGTON,BLOOMINGTON,3,0.0,0,0,0,,,,ST RD 46,,,ST RD 46,E LINGELBACH,,,,Y,,,,39.16075,-86.54848,ST RD,,N,N,URBAN,N,N,N,,DAYLIGHT,CLEAR,DRY,,NO JUNCTION INVOLVED,STRAIGHT/LEVEL,ASPHALT,FOLLOWING TOO CLOSELY,$1001 TO $2500,REAR END,ELINGELBACHLNST RD 46,0,NONE,2022-01-11 15:15:00,,,
INDIANA UNIV BLOOMINGTON PD,220238,MONROE,BLOOMINGTON,BLOOMINGTON,2,,0,0,0,,E 3RD ST,,,,,E 3RD ST,,,,,Y,,0.0,,39.12028700710438,-86.52925645836937,OTHER,,,,URBAN,N,N,N,,DARK (LIGHTED),CLEAR,DRY,,NO JUNCTION INVOLVED,,ASPHALT,IMPROPER TURNING,$1001 TO $2500,SAME DIRECTION SIDESWIPE,E 3RDST,0,,2022-01-23 06:00:00,,,
BLOOMINGTON PD,B22-01124,MONROE,,BLOOMINGTON,2,,0,0,0,,ST RD 46,,,,,ST RD 46,E 3RD ST,,,,Y,,0.0,,39.186211642332616,-86.5345546307668,LOCAL/CITY RD,,,,URBAN,N,N,N,,DAYLIGHT,CLEAR,DRY,,FOUR-WAY INTERSECTION,,ASPHALT,UNSAFE LN MOVEMENT,$2501 TO $5000,SAME DIRECTION SIDESWIPE,STRD46E 3RDST,0,,2022-01-11 09:46:00,,,
INDIANA UNIV BLOOMINGTON PD,220283,MONROE,BLOOMINGTON,BLOOMINGTON,1,,0,0,1,,ST RD 45,,,,,ST RD 45,,,,,Y,,0.0,,39.12786359104741,-86.60651928389596,ST RD,,,,URBAN,N,N,N,,DAYLIGHT,CLEAR,DRY,,NO JUNCTION INVOLVED,,ASPHALT,ANIMAL/OBJECT IN RDWAY,$2501 TO $5000,COLLISION WITH DEER,STATERD45,0,,2022-01-26 18:00:00,,,
MONROE SD,M22A103,MONROE,RICHLAND,BLOOMINGTON,2,0.0,0,0,0,,VERNAL,PK,,,,VERNAL,HARTSTAIT,,,,N,,,,39.18641,-86.5467,COUNTY RD,,N,N,RURAL,N,N,N,,DARK (NOT LIGHTED),CLEAR,DRY,,FOUR-WAY INTERSECTION,STRAIGHT/LEVEL,ASPHALT,DISREGARD SIGNAL/REG SIGN,$5001 TO $10000,OTHER - EXPLAIN IN NARRATIVE,HARTSTAITRDVERNALPK,0,STOP SIGN,2022-01-02 18:25:00,,,
BLOOMINGTON PD,B22-02827,MONROE,BLOOMINGTON,BLOOMINGTON,2,,0,0,0,,W 11TH ST,,,,,W 11TH ST,N ROGERS ST,,,,Y,,0.0,,39.2653155095367,-86.56886086549585,LOCAL/CITY RD,,,,URBAN,N,N,N,,DAYLIGHT,CLEAR,DRY,,FOUR-WAY INTERSECTION,,ASPHALT,FOLLOWING TOO CLOSELY,$2501 TO $5000,REAR END,W.11THSTN.ROGERSST,0,,2022-01-26 10:25:00,,,
INDIANA UNIV BLOOMINGTON PD,220004,MONROE,BLOOMINGTON,BLOOMINGTON,3,,0,0,0,,E 3RD ST,,,,,E 3RD ST,S ARBUTUS DR,,,,Y,,106.0,,39.1719,-86.59083,LOCAL/CITY RD,,,,URBAN,N,N,N,,DARK (LIGHTED),RAIN,WET,,T-INTERSECTION,,ASPHALT,FOLLOWING TOO CLOSELY,$5001 TO $10000,REAR END,SARBUTUSDRE 3RDST,0,,2022-01-01 19:55:00,,,
MONROE SD,M22A1102,MONROE,BENTON,BLOOMINGTON,1,0.0,0,0,0,,N MT GILEAD,RD,,,,N MT GILEAD,N GETTYS CREEK,,,,N,,,,39.1747181,-86.51552028,COUNTY RD,,N,N,RURAL,N,N,N,,DAYLIGHT,SNOW,ICE,,NO JUNCTION INVOLVED,CURVE/GRADE,ASPHALT,RAN OFF RD RIGHT,$1001 TO $2500,RAN OFF RD,NGETTYSCREEKRDNMTGILEADRD,0,LN CONTROL,2022-01-15 09:14:00,,,
BLOOMINGTON PD,B22-01348,MONROE,PERRY,BLOOMINGTON,2,,0,0,0,,W 2ND ST,,,,,W 2ND ST,S WALKER ST,,,,Y,,0.0,,39.21513,-86.59267,LOCAL/CITY RD,,,,URBAN,N,N,N,,DAYLIGHT,CLOUDY,DRY,,FOUR-WAY INTERSECTION,,ASPHALT,DISREGARD SIGNAL/REG SIGN,$2501 TO $5000,RIGHT ANGLE,W.2NDSTS.WALKERST,0,,2022-01-13 12:36:00,,,
BLOOMINGTON PD,B22-00305,MONROE,BLOOMINGTON,BLOOMINGTON,2,,1,0,0,,E 3RD ST,,,,,E 3RD ST,S CLARIZZ BLVD,,,,Y,,0.0,,39.16960262647484,-86.55482713215878,LOCAL/CITY RD,,,,URBAN,N,N,N,,DAYLIGHT,CLEAR,DRY,,FOUR-WAY INTERSECTION,,ASPHALT,FAILURE TO YIELD RIGHT OF WAY,$25001 TO $50000,RIGHT ANGLE,S.CLARIZZBLVDE 3RDST,0,,2022-01-04 13:06:00,,,
MONROE SD,M22A1103,MONROE,VAN BUREN,,1,,0,0,0,,S YOST AVE,,,,,S YOST AVE,W FARMER AVE,,,,N,,370.0,,39.18626,-86.52453,LOCAL/CITY RD,,,,URBAN,N,N,N,,DAWN/DUSK,SNOW,SNOW/SLUSH,,NO JUNCTION INVOLVED,,ASPHALT,SPEED TOO FAST FOR WEATHER CONDITIONS,$1001 TO $2500,RAN OFF RD,WFARMERAVESYOSTAVE,0,,2022-01-15 10:21:00,,,
BLOOMINGTON PD,B22-04225,MONROE,BLOOMINGTON,BLOOMINGTON,2,,0,0,0,,W GEORGIA AVE,,,,,W GEORGIA AVE,W 12TH CT.,,,,Y,,0.0,,39.16457176,-86.5135122,LOCAL/CITY RD,,,,URBAN,N,N,N,,UNKNOWN,RAIN,WET,,NO JUNCTION INVOLVED,,ASPHALT,OTHER (DRIVER) - EXPLAIN IN NARRATIVE,$2501 TO $5000,SAME DIRECTION SIDESWIPE,WGEORGIAAVEW12THCT.,0,,2022-02-02 00:00:00,,,
BLOOMINGTON PD,B22-00430,MONROE,VAN BUREN,BLOOMINGTON,2,,0,0,0,,S LIBERTY DR,,,,,S LIBERTY DR,W 3RD ST,,,,Y,,200.0,,39.164319550884514,-86.47208770280523,LOCAL/CITY RD,,,,URBAN,N,N,N,,DAYLIGHT,CLEAR,DRY,,FOUR-WAY INTERSECTION,,ASPHALT,UNSAFE LN MOVEMENT,$5001 TO $10000,SAME DIRECTION SIDESWIPE,W.3RDSTS.LIBERTYDR,0,,2022-01-05 11:39:00,,,
ISP BLOOMINGTON 33,2022-00005871,MONROE,SALT CREEK,BLOOMINGTON,1,,0,0,0,,ST RD 46,,,,,ST RD 46,W OF KENT RD,,,,N,,0.0,,39.18184561,-86.50941557,ST RD,,,,RURAL,N,N,N,,DARK (NOT LIGHTED),CLEAR,DRY,,NO JUNCTION INVOLVED,,ASPHALT,UNSAFE LN MOVEMENT,UNDER $1001,OPPOSITE DIRECTION SIDESWIPE,WOFKENTRDSTATERD46,0,,2022-01-05 07:30:00,,,
MONROE SD,M22A534,MONROE,VAN BUREN,BLOOMINGTON,3,0.0,0,0,0,,,,ST RD 45 W,,,ST RD 45 W,ISON,,,,N,,,,39.18677,-86.61127,ST RD,,N,N,RURAL,N,N,N,,DAYLIGHT,CLOUDY,DRY,,T-INTERSECTION,STRAIGHT/LEVEL,ASPHALT,FOLLOWING TOO CLOSELY,$25001 TO $50000,REAR END,ISONRDST RD 45 W,0,NONE,2022-01-07 17:04:00,,,
MONROE SD,M22A671,MONROE,RICHLAND,BLOOMINGTON,2,0.0,0,0,0,3785,3585 W ST RD 46,HWY,,,,W ST RD 46,,,,,Y,,,,39.17323888357664,-86.53856812350777,OTHER,,Y,Y,URBAN,N,N,N,,DARK (LIGHTED),CLEAR,DRY,,NO JUNCTION INVOLVED,NON-RDWAY CRASH,ASPHALT,UNSAFE BACKING,$2501 TO $5000,BACKING CRASH,3585WESTSTATERD46HWY,0,NONE,2022-01-10 00:26:00,3585.0,,
BLOOMINGTON PD,B22-01067,MONROE,BLOOMINGTON,BLOOMINGTON,2,,0,0,0,,310 W 12TH ST,,,,,W 12TH ST,,,,,Y,,0.0,,39.164224234333034,-86.512174228991,LOCAL/CITY RD,,,,URBAN,N,N,N,,DAYLIGHT,CLEAR,DRY,,NO JUNCTION INVOLVED,,CONCRETE,LEFT OF CENTER,$2501 TO $5000,OPPOSITE DIRECTION SIDESWIPE,310W12THST,0,,2022-01-10 17:21:00,310.0,,
BLOOMINGTON PD,B22-29380,MONROE,VAN BUREN,BLOOMINGTON,3,,0,0,0,3275,W 3RD ST,,,,,W 3RD ST,,,,,Y,,0.0,,39.19344594511876,-86.43649578758993,PRIVATE DR,,,,URBAN,N,N,N,,DAYLIGHT,CLEAR,DRY,,NO JUNCTION INVOLVED,,ASPHALT,OTHER (DRIVER) - EXPLAIN IN NARRATIVE,$2501 TO $5000,OTHER - EXPLAIN IN NARRATIVE,W 3RDST,0,,2022-07-31 16:46:00,,,
INDIANA UNIV BLOOMINGTON PD,223650,MONROE,BLOOMINGTON,BLOOMINGTON,2,,0,0,0,,N PARK AVE,,,,,N PARK AVE,E 9TH ST,,,,Y,,0.0,,39.16143,-86.54614,LOCAL/CITY RD,,,,URBAN,N,N,N,,DAYLIGHT,CLEAR,DRY,,FOUR-WAY INTERSECTION,,OTHER - EXPLAIN IN NARRATIVE,FAILURE TO YIELD RIGHT OF WAY,$10001 TO $25000,RIGHT ANGLE,NPARKAVEE9THST,0,,2022-09-29 11:20:00,,,
ELLETTSVILLE PD,E2202845,MONROE,RICHLAND,ELLETTSVILLE,2,0.0,0,0,0,7398,W ST RD 46,HWY,,,,W ST RD 46,,,,,Y,,,,39.164182064815066,-86.49088297607501,OTHER,,N,N,URBAN,N,N,N,,DAYLIGHT,CLOUDY,DRY,,NO JUNCTION INVOLVED,STRAIGHT/LEVEL,ASPHALT,UNSAFE BACKING,$1001 TO $2500,BACKING CRASH,WSTATERD46HWY,0,NONE,2022-07-30 19:08:00,,,
MONROE SD,M22A909,MONROE,BENTON,BLOOMINGTON,1,,0,0,0,,ST RD 45,,,,,ST RD 45,N BENTON DR,,,,N,,422.0,,39.15056,-86.58075,ST RD,,,,RURAL,N,N,N,,DARK (NOT LIGHTED),CLEAR,DRY,,T-INTERSECTION,,ASPHALT,OVERSIZE/OVERWEIGHT LOAD,$5001 TO $10000,RAN OFF RD,STATERD45NBENTONDR,0,,2022-01-12 10:16:00,,,
MONROE SD,M22A6834,MONROE,RICHLAND,,2,,0,0,0,,ST RD 46,,,,,ST RD 46,,,,,N,,0.0,,39.17474378657401,-86.53753700241583,ST RD,,,,RURAL,N,Y,N,,DAYLIGHT,RAIN,WET,,NO JUNCTION INVOLVED,,ASPHALT,FOLLOWING TOO CLOSELY,$10001 TO $25000,REAR END,STATERD46,0,,2022-03-25 15:41:00,,,
INDIANA UNIV BLOOMINGTON PD,220501,MONROE,BLOOMINGTON,BLOOMINGTON,2,,0,0,0,,ST RD 45,,,,,ST RD 45,E 17TH ST,,,,Y,,0.0,,0.0,0.0,ST RD,,,,URBAN,N,N,N,,DAWN/DUSK,CLEAR,WET,,T-INTERSECTION,,ASPHALT,FOLLOWING TOO CLOSELY,$10001 TO $25000,REAR END,STATERD45E17THST,0,,2022-02-09 12:16:00,,,
BLOOMINGTON PD,B22-24494,MONROE,BLOOMINGTON,BLOOMINGTON,2,,2,0,0,,ST RD 46,,,,,ST RD 46,N KINSER PK,,,,Y,,0.0,,39.164580605397106,-86.57915481275994,ST RD,,,,URBAN,N,N,N,,DAYLIGHT,CLEAR,DRY,,FOUR-WAY INTERSECTION,,ASPHALT,FAILURE TO YIELD RIGHT OF WAY,$25001 TO $50000,LEFT TURN,STATERD46NKINSERPK,0,,2022-06-29 11:04:00,,,
BLOOMINGTON PD,B22-05120,MONROE,PERRY,BLOOMINGTON,2,,0,0,0,,E 3RD ST,,,,,E 3RD ST,S WASHINGTON ST,,,,Y,,0.0,,39.152518212577164,-86.40046896724901,LOCAL/CITY RD,,,,URBAN,N,N,N,,DAYLIGHT,CLEAR,DRY,,FOUR-WAY INTERSECTION,,ASPHALT,DISREGARD SIGNAL/REG SIGN,$2501 TO $5000,RIGHT ANGLE,SWASHINGTONSTE 3RDST,0,,2022-02-15 15:30:00,,,
MONROE SD,M22A3463,MONROE,VAN BUREN,BLOOMINGTON,2,,0,0,0,3585,W ST RD 45,,,,,W ST RD 45,,,,,Y,,0.0,,39.127877416930914,-86.60651422278265,OTHER,,,,URBAN,N,N,N,,DAYLIGHT,CLOUDY,DRY,,NO JUNCTION INVOLVED,,ASPHALT,DRIVER DISTRACTED - EXPLAIN IN NARRATIVE,$1001 TO $2500,BACKING CRASH,WESTSTATERD45,0,,2022-02-13 17:35:00,,,
BLOOMINGTON PD,B22-24496,MONROE,PERRY,BLOOMINGTON,2,,0,0,0,2499,COTA DR,,,,,COTA DR,,,,,Y,,0.0,,39.208654162426,-86.58234677187093,,,,,URBAN,N,N,N,,DAYLIGHT,CLEAR,DRY,,NO JUNCTION INVOLVED,,ASPHALT,UNSAFE BACKING,$2501 TO $5000,BACKING CRASH,COTADR,0,,2022-06-29 11:21:00,,,
ISP BLOOMINGTON 33,2.022E+11,MONROE,PERRY,BLOOMINGTON,1,,0,0,1,,I-69,,,,,I-69,,,113.0,,N,,0.0,,-9.282092245120325e-06,-1.3483326711438515e-05,INTERSTATE,,,,RURAL,N,N,N,,DARK (NOT LIGHTED),CLEAR,WET,,NO JUNCTION INVOLVED,,ASPHALT,ANIMAL/OBJECT IN RDWAY,$1001 TO $2500,COLLISION WITH DEER,I-69113,0,,2022-01-24 18:50:00,,,
BLOOMINGTON PD,B22-09871,MONROE,PERRY,BLOOMINGTON,1,,1,0,0,,W COUNTRY CLUB DR,,,,,W COUNTRY CLUB DR,S ST RD 37,,,,Y,,0.0,,39.162872175202736,-86.57687352939507,,,,,RURAL,N,N,N,,DAYLIGHT,CLOUDY,DRY,,NO JUNCTION INVOLVED,,ASPHALT,DRIVER ILLNESS,$5001 TO $10000,RAN OFF RD,WCOUNTRYCLUBDRSOLDSTATERD37,0,,2022-03-23 16:50:00,,,
BLOOMINGTON PD,B2203125,MONROE,BLOOMINGTON,BLOOMINGTON,1,,0,0,0,,N ROGERS ST,,,,,N ROGERS ST,W 11TH ST,,,,Y,,0.0,,39.17040005268607,-86.52465648127907,LOCAL/CITY RD,,,,URBAN,N,N,N,,DAYLIGHT,SNOW,SNOW/SLUSH,,FOUR-WAY INTERSECTION,,ASPHALT,SPEED TOO FAST FOR WEATHER CONDITIONS,UNDER $1001,RAN OFF RD,W11THSTNROGERSST,0,,2022-01-28 02:23:00,,,
ISP BLOOMINGTON 33,2.022E+11,MONROE,VAN BUREN,BLOOMINGTON,2,,0,0,0,,W ST RD 45,,,,,W ST RD 45,INDUSTRIAL BLVD,,,,Y,,0.0,,,,ST RD,,,,URBAN,N,N,N,,DAYLIGHT,CLEAR,DRY,,FOUR-WAY INTERSECTION,,ASPHALT,DISREGARD SIGNAL/REG SIGN,$5001 TO $10000,RIGHT ANGLE,WSTATERD45INDUSTRIALBLVD,0,,2022-01-25 16:58:00,,,
BLOOMINGTON PD,B2236610,MONROE,BLOOMINGTON,BLOOMINGTON,2,,0,0,0,,E 17TH ST,,,,,E 17TH ST,N INDIANA AVE,,,,Y,,0.0,,39.21667160135437,-86.4430057066676,,,,,URBAN,N,N,N,,DAYLIGHT,RAIN,WET,,T-INTERSECTION,,ASPHALT,FAILURE TO YIELD RIGHT OF WAY,$5001 TO $10000,RIGHT ANGLE,NINDIANAAVEE17THST,0,,2022-09-11 12:31:00,,,
BLOOMINGTON PD,B22-20387,MONROE,BLOOMINGTON,BLOOMINGTON,1,,0,0,0,,1623 W ARLINGTON RD,,,,,W ARLINGTON RD,20TH ST,,,,Y,,100.0,,39.19743372,-86.57373756,LOCAL/CITY RD,,,,URBAN,N,N,N,,DAYLIGHT,CLOUDY,DRY,,T-INTERSECTION,,ASPHALT,IMPROPER PASSING,$1001 TO $2500,RAN OFF RD,20THST1623W.ARLINGTONRD,0,,2022-06-02 10:12:00,1623.0,,
ISP BLOOMINGTON 33,2.022E+11,MONROE,VAN BUREN,BLOOMINGTON,3,,0,0,0,,S LIBERTY DR,,,,,S LIBERTY DR,W ST RD 45,,,,N,,0.0,,39.17968978035091,-86.50730669695996,,,,,URBAN,N,N,N,,DAYLIGHT,CLEAR,DRY,,FOUR-WAY INTERSECTION,,ASPHALT,FOLLOWING TOO CLOSELY,$10001 TO $25000,REAR END,WSTATERD45SOUTHLIBERTYDR,0,,2022-04-12 13:15:00,,,
ISP BLOOMINGTON 33,2022-00148016,MONROE,BENTON,BLOOMINGTON,1,,1,0,0,8150,S ST RD 37,,,,,S ST RD 37,,,,,N,,0.0,,39.186391376252324,-86.53775205887638,ST RD,,,,RURAL,N,N,N,,DAYLIGHT,CLOUDY,DRY,,NO JUNCTION INVOLVED,,ASPHALT,,$10001 TO $25000,RAN OFF RD,SOLDSTATERD37,0,,2022-04-01 10:20:00,,,
ISP BLOOMINGTON 33,2.022E+11,MONROE,BLOOMINGTON,BLOOMINGTON,2,,0,0,0,,I-69 117 F,,,,,I-69 117 F,,,,,Y,,0.0,,39.164548418063575,-86.53236242198592,INTERSTATE,,,,URBAN,N,N,N,,DAYLIGHT,CLEAR,DRY,,RAMP,,ASPHALT,FAILURE TO YIELD RIGHT OF WAY,$1001 TO $2500,REAR END,I-69117F,0,,2022-04-15 09:15:00,,,
BLOOMINGTON PD,B22-41481,MONROE,PERRY,BLOOMINGTON,2,,0,0,0,,W 2ND ST,,,,,W 2ND ST,S ROGERS ST,,,,Y,,211.0,,39.14144745818734,-86.580248694386,LOCAL/CITY RD,,,,URBAN,N,N,N,,DAYLIGHT,CLEAR,DRY,,NO JUNCTION INVOLVED,,ASPHALT,FOLLOWING TOO CLOSELY,$2501 TO $5000,REAR END,W 2NDSTSROGERSST,0,,2022-10-08 12:34:00,,,
MONROE SD,M22A24799,MONROE,VAN BUREN,BLOOMINGTON,1,,0,0,1,,W ST RD 45,,,,,W ST RD 45,HINDS RD,,,,N,,500.0,,39.13545036,-86.56990419,ST RD,,,,RURAL,N,N,N,,DAYLIGHT,CLEAR,DRY,,NO JUNCTION INVOLVED,,ASPHALT,ANIMAL/OBJECT IN RDWAY,$2501 TO $5000,COLLISION WITH DEER,WSTATERD45HINDSRD,0,,2022-10-09 15:16:00,,,
BLOOMINGTON PD,B22-33624,MONROE,BLOOMINGTON,BLOOMINGTON,2,,0,0,0,,N GRANT ST,,,,,N GRANT ST,E 10TH ST,,,,Y,,0.0,,39.09447168812002,-86.5655999042513,,,,,URBAN,N,N,N,,DAYLIGHT,CLOUDY,DRY,,NO JUNCTION INVOLVED,,ASPHALT,UNSAFE BACKING,$2501 TO $5000,RIGHT ANGLE,NGRANTSTE 10THST,0,,2022-08-25 18:20:00,,,
INDIANA UNIV BLOOMINGTON PD,223771,MONROE,BLOOMINGTON,BLOOMINGTON,4,,1,0,0,,ST RD 45,,,,,ST RD 45,,,,,Y,,0.0,,39.136010099174435,-86.53877438850485,ST RD,,,,URBAN,N,N,N,,DAYLIGHT,CLEAR,DRY,,NO JUNCTION INVOLVED,,ASPHALT,FOLLOWING TOO CLOSELY,$25001 TO $50000,REAR END,STATERD45,0,,2022-10-06 13:18:00,,,
ISP BLOOMINGTON 33,2.022E+11,MONROE,PERRY,BLOOMINGTON,2,,0,0,0,,S ST RD 37,,,,,S ST RD 37,,,,,N,,0.0,,39.173222961026944,-86.53859206747863,ST RD,,,,RURAL,N,N,N,,DAYLIGHT,CLEAR,DRY,,NO JUNCTION INVOLVED,,ASPHALT,FAILURE TO YIELD RIGHT OF WAY,$2501 TO $5000,REAR END,SOLDSTATERD37,0,,2022-06-11 08:55:00,,,
BLOOMINGTON PD,B22-22442,MONROE,PERRY,BLOOMINGTON,2,,0,0,0,,S SMITH RD,,,,,S SMITH RD,E 3RD ST,,,,Y,,50.0,,39.143565408542436,-86.58032301414643,LOCAL/CITY RD,,,,URBAN,N,N,N,,DAYLIGHT,CLEAR,DRY,,FOUR-WAY INTERSECTION,,ASPHALT,FOLLOWING TOO CLOSELY,$2501 TO $5000,REAR END,S.SMITHRDE 3RDST,0,,2022-06-15 17:08:00,,,
BLOOMINGTON PD,B22-22031,MONROE,BLOOMINGTON,BLOOMINGTON,1,,0,0,0,,W 10TH ST,,,,,W 10TH ST,N MADISON ST,,20.0,,Y,,0.0,,39.17902,-86.52704,LOCAL/CITY RD,,,,URBAN,N,N,N,,UNKNOWN,CLEAR,DRY,,NO JUNCTION INVOLVED,,ASPHALT,UNSAFE SPEED,$5001 TO $10000,RAN OFF RD,W10THSTNMADISONST,0,,2022-06-13 01:00:00,,,
BLOOMINGTON PD,B22-19378,MONROE,BLOOMINGTON,BLOOMINGTON,2,,0,0,0,,N WALNUT ST,,,,,N WALNUT ST,W 7TH ST,,,,Y,,150.0,,39.1838249084269,-86.55012248253928,LOCAL/CITY RD,,,,URBAN,N,N,N,,DAYLIGHT,RAIN,WET,,NO JUNCTION INVOLVED,,ASPHALT,OVERCORRECTING/OVERSTEERING,$1001 TO $2500,SAME DIRECTION SIDESWIPE,W7THSTN.WALNUTST,0,,2022-05-26 07:51:00,,,
ISP BLOOMINGTON 33,2.022E+11,MONROE,VAN BUREN,BLOOMINGTON,1,,0,0,1,,I-69,,,,,I-69,,,,,N,,0.0,,39.14496730018301,-86.57778624921953,INTERSTATE,,,,RURAL,N,N,N,,DAYLIGHT,CLEAR,DRY,,NO JUNCTION INVOLVED,,ASPHALT,ANIMAL/OBJECT IN RDWAY,$1001 TO $2500,COLLISION WITH DEER,I-69,0,,2022-05-25 09:57:00,,,
MONROE SD,M22A9137,MONROE,BEAN BLOSSOM,ELLETTSVILLE,3,,3,0,0,,ST RD 46,,,,,ST RD 46,W CHAFIN CHAPEL RD,,,,N,,0.0,,39.04719604375326,-86.54103953322787,ST RD,,,,RURAL,N,N,N,,DAYLIGHT,CLEAR,DRY,,T-INTERSECTION,,ASPHALT,FOLLOWING TOO CLOSELY,$10001 TO $25000,REAR END,WCHAFINCHAPELRDSTATERD46,0,,2022-04-22 06:35:00,,,
INDIANA UNIV BLOOMINGTON PD,220637,MONROE,BLOOMINGTON,BLOOMINGTON,1,,1,0,0,,N EAGLESON AVE,,,,,N EAGLESON AVE,N FISHER CT,,,,Y,,0.0,,39.14975529,-86.57177586,LOCAL/CITY RD,,,,URBAN,N,N,N,,DARK (LIGHTED),SNOW,ICE,,NO JUNCTION INVOLVED,,ASPHALT,OTHER (ENVIRONMENTAL) - EXPLAIN IN NARR,$2501 TO $5000,RIGHT ANGLE,NEAGLESON AVEAVENFISHERCT,0,,2022-02-18 03:20:00,,,
BLOOMINGTON PD,B22-20256,MONROE,PERRY,BLOOMINGTON,2,,0,0,0,,W COUNTRY CLUB DR,,,,,W COUNTRY CLUB DR,S ROGERS ST,,,,Y,,150.0,,39.161354653746244,-86.53870805290715,LOCAL/CITY RD,,,,URBAN,N,N,N,,DAYLIGHT,CLOUDY,DRY,,NO JUNCTION INVOLVED,,ASPHALT,FOLLOWING TOO CLOSELY,$5001 TO $10000,REAR END,W.COUNTRYCLUBDRS.ROGERSST,0,,2022-06-01 13:35:00,,,
ELLETTSVILLE PD,E2202918,MONROE,RICHLAND,ELLETTSVILLE,2,0.0,0,0,0,,,,ST RD 46 W,,,ST RD 46 W,LAKEVIEW,,,,Y,,50.0,E,39.08984570149555,-86.6662985032867,ST RD,,N,N,URBAN,N,N,B,,DAYLIGHT,CLEAR,DRY,,NO JUNCTION INVOLVED,STRAIGHT/LEVEL,ASPHALT,FOLLOWING TOO CLOSELY,$10001 TO $25000,REAR END,LAKEVIEWDRST RD 46 W,0,NONE,2022-08-05 13:25:00,,,