Agency,Local Code,County,Township,City,Vehicles Involved,Trailers Involved,Number Injured,Number Dead,Number Deer,House Number,Roadway Name,Roadway Suffix,Roadway Number,Roadway Interchange,Roadway Ramp,Roadway Id,Intersecting Road,Intersecting Road Number,Mile Marker,Interchange,Corporate Limits?,Property Type,Feet From,Direction,Latitude,Longitude,Roadway Class,Traffic Control Devices?,Aggressive Driving?,Hit and Run?,Locality,School Zone?,Rumble Strips?,Construction?,Construction Type,Light Condition,Weather Conditions,Surface Condition,Type of Median,Roadway Junction Type,Road Character,Roadway Surface,Primary Factor,Damage Estimate,Manner of Collision,Unique Location Id,State Property Damage?,Traffic Control,DateTime,Address Number,Cyclist Involved,Pedestrian Involved
MONROE SD,M22A9637,MONROE,PERRY,BLOOMINGTON,2,,0,0,0,,S FAIRFAX RD,,,,,S FAIRFAX RD,E SCHACHT RD,,,,N,,0.0,,39.15933701287074,-86.53368935679586,LOCAL/CITY RD,,,,RURAL,N,N,N,,DAYLIGHT,CLEAR,DRY,,T-INTERSECTION,,ASPHALT,FAILURE TO YIELD RIGHT OF WAY,$5001 TO $10000,REAR END,SFAIRFAXRDESCHACHTRD,0,,2022-04-28 09:02:00,,,
MONROE SD,M22A9596,MONROE,PERRY,BLOOMINGTON,1,,0,0,0,,E LORELEI WAY,,,,,E LORELEI WAY,S SMITH RD,,,,N,,0.0,,39.17584651606509,-86.50991108365713,LOCAL/CITY RD,,,,RURAL,N,N,N,,DAYLIGHT,CLEAR,DRY,,T-INTERSECTION,,ASPHALT,DRIVER ILLNESS,$2501 TO $5000,RAN OFF RD,SSMITHRDELORELEIWAY,0,,2022-04-27 07:27:00,,,
ELLETTSVILLE PD,E22-03231,MONROE,RICHLAND,ELLETTSVILLE,2,,0,0,0,,ST RD 46,,,,,ST RD 46,N LAKEVIEW DR,,,,Y,,581.0,,39.11780589856295,-86.6220585121494,ST RD,,,,RURAL,N,N,N,,DARK (NOT LIGHTED),CLEAR,DRY,,NO JUNCTION INVOLVED,,ASPHALT,FAILURE TO YIELD RIGHT OF WAY,$5001 TO $10000,RIGHT ANGLE,STATERD46NLAKEVIEWDR,0,,2022-08-26 21:35:00,,,
BLOOMINGTON PD,B22-42310,MONROE,BLOOMINGTON,BLOOMINGTON,2,,2,0,0,,S ROGERS ST,,,,,S ROGERS ST,W KIRKWOOD AVE,,,,Y,,0.0,,-1.2414017504344301e-05,-3.1423645091027675e-05,LOCAL/CITY RD,,,,URBAN,N,N,N,,DAYLIGHT,CLEAR,DRY,,FOUR-WAY INTERSECTION,,ASPHALT,FAILURE TO YIELD RIGHT OF WAY,$5001 TO $10000,LEFT TURN,W.KIRKWOODAVES.ROGERSST,0,,2022-10-13 09:46:00,,,
BLOOMINGTON PD,B22-05157,MONROE,VAN BUREN,BLOOMINGTON,2,,1,0,0,,W 3RD ST,,,,,W 3RD ST,N GATES DR,,,,Y,,0.0,,39.17904,-86.53774,LOCAL/CITY RD,,,,URBAN,N,N,N,,DARK (LIGHTED),CLEAR,DRY,,FOUR-WAY INTERSECTION,,ASPHALT,OTHER (VEHICLE) - EXPLAIN IN NARRATIVE,$2501 TO $5000,REAR END,W 3RDSTNGATESDR,0,,2022-02-15 21:15:00,,,
BLOOMINGTON PD,B22-05549,MONROE,BLOOMINGTON,BLOOMINGTON,2,,0,0,0,,2300 N WALNUT ST,,,,,N WALNUT ST,,,,,Y,,0.0,,39.178792507754274,-86.51247099509756,,,,,URBAN,N,N,N,,DARK (LIGHTED),CLEAR,DRY,,NO JUNCTION INVOLVED,,ASPHALT,OTHER (DRIVER) - EXPLAIN IN NARRATIVE,$2501 TO $5000,SAME DIRECTION SIDESWIPE,2300NWALNUTST,0,,2022-02-19 04:50:00,2300.0,,
MONROE SD,M22A4319,MONROE,PERRY,BLOOMINGTON,1,,1,0,0,,E RHORER RD,,,,,E RHORER RD,S SARE RD,,,,N,,0.0,,39.29516675422181,-86.57755270935776,,,,,RURAL,Y,N,N,,DAWN/DUSK,CLOUDY,DRY,,NO JUNCTION INVOLVED,,ASPHALT,FAILURE TO MAINTAIN LN,$5001 TO $10000,RAN OFF RD,SSARERDERHORERRD,0,,2022-02-23 07:24:00,,,
BLOOMINGTON PD,B22-36092,MONROE,PERRY,BLOOMINGTON,2,,0,0,0,,E 3RD ST,,,,,E 3RD ST,S CLARIZZ BLVD,,,,Y,,0.0,,39.165519811797324,-86.52985962696289,,,,,URBAN,N,N,Y,LN CLOSURE,DAYLIGHT,CLEAR,DRY,,FOUR-WAY INTERSECTION,,ASPHALT,FAILURE TO YIELD RIGHT OF WAY,$1001 TO $2500,SAME DIRECTION SIDESWIPE,SCLARIZZBLVDE 3RDST,0,,2022-09-08 14:35:00,,,
MONROE SD,M22A18184,MONROE,RICHLAND,BLOOMINGTON,2,,0,0,0,,N DEER PARK DR,,,,,N DEER PARK DR,W ST RD 46,,,,N,,0.0,,39.17154744172068,-86.50945166482038,ST RD,,,,URBAN,N,N,N,,DAYLIGHT,CLEAR,DRY,,FOUR-WAY INTERSECTION,,ASPHALT,VIEW OBSTRUCTED,$10001 TO $25000,RIGHT ANGLE,WSTATERD46NDEERPARKDR,0,,2022-07-27 12:36:00,,,
BLOOMINGTON PD,B22-15179,MONROE,PERRY,BLOOMINGTON,2,,2,0,0,,W GORDON PK,,,,,W GORDON PK,S ST RD 37,,,,Y,,0.0,,39.172513962956764,-86.53359068948048,LOCAL/CITY RD,,,,URBAN,N,N,N,,DAYLIGHT,CLEAR,DRY,,FOUR-WAY INTERSECTION,,ASPHALT,FOLLOWING TOO CLOSELY,$1001 TO $2500,REAR END,WGORDONPKSOLDSTATERD37,0,,2022-04-27 17:40:00,,,
MONROE SD,M22A15840,MONROE,BLOOMINGTON,BLOOMINGTON,1,,0,0,0,,I-69,,,,,I-69,,,,,N,,0.0,,39.13815441749829,-86.52695620398303,INTERSTATE,,,,RURAL,N,N,N,,DAYLIGHT,CLEAR,DRY,,NO JUNCTION INVOLVED,,ASPHALT,OTHER (ENVIRONMENTAL) - EXPLAIN IN NARR,$10001 TO $25000,RAN OFF RD,I-69,0,,2022-07-03 06:10:00,,,
MONROE SD,M22A17193,MONROE,WASHINGTON,BLOOMINGTON,1,,0,0,0,,I-69,,,,,I-69,,,127.5,,N,,100.0,,39.10684719483147,-86.5238009153884,INTERSTATE,,,,RURAL,N,Y,N,,DAYLIGHT,RAIN,WET,,NO JUNCTION INVOLVED,,ASPHALT,OTHER (ENVIRONMENTAL) - EXPLAIN IN NARR,$10001 TO $25000,OTHER - EXPLAIN IN NARRATIVE,I-69127.5,0,,2022-07-17 19:13:00,,,
INDIANA UNIV BLOOMINGTON PD,223135,MONROE,BLOOMINGTON,BLOOMINGTON,1,,1,0,0,,E 7TH ST,,,,,E 7TH ST,STADIUM DR.,,,,Y,,0.0,,39.14661,-86.48042,LOCAL/CITY RD,,,,URBAN,N,N,N,,DAYLIGHT,CLEAR,DRY,,T-INTERSECTION,,ASPHALT,CELL PHONE USAGE,UNDER $1001,COLLISION WITH OBJECT IN RD,STADIUMDR.E7THST,1,,2022-09-07 13:05:00,,,True
BLOOMINGTON PD,B22-16376,MONROE,BLOOMINGTON,BLOOMINGTON,2,,1,0,0,,S PARK AVE,,,,,S PARK AVE,E UNIVERSITY ST,,,,Y,,0.0,,39.22104,-86.60539,LOCAL/CITY RD,,,,URBAN,N,N,N,,DAYLIGHT,RAIN,WET,,FOUR-WAY INTERSECTION,,ASPHALT,FAILURE TO YIELD RIGHT OF WAY,$10001 TO $25000,RIGHT ANGLE,SPARKAVEEUNIVERSITYST,0,,2022-05-05 17:50:00,,,
BLOOMINGTON PD,B22-25683,MONROE,BLOOMINGTON,BLOOMINGTON,2,,0,0,0,,E 3RD ST,,,,,E 3RD ST,S JEFFERSON ST,,,,Y,,0.0,,39.16656198323043,-86.53873843651577,LOCAL/CITY RD,,,,URBAN,N,N,N,,DAYLIGHT,CLEAR,DRY,,NO JUNCTION INVOLVED,,ASPHALT,FAILURE TO YIELD RIGHT OF WAY,$1001 TO $2500,SAME DIRECTION SIDESWIPE,SJEFFERSONSTE 3RDST,0,,2022-07-06 14:12:00,,,
BLOOMINGTON PD,B22-10677,MONROE,PERRY,BLOOMINGTON,2,,0,0,0,,S COLLEGE MALL RD,,,,,S COLLEGE MALL RD,E 3RD ST,,,,Y,,250.0,,39.16455025750815,-86.57621781969627,LOCAL/CITY RD,,,,URBAN,N,N,N,,DAYLIGHT,CLOUDY,DRY,,FOUR-WAY INTERSECTION,,ASPHALT,DRIVER ASLEEP OR FATIGUED,$2501 TO $5000,REAR END,S.COLLEGEMALLRDE 3RDST,0,,2022-03-29 12:23:00,,,
BLOOMINGTON PD,B22-28907,MONROE,PERRY,BLOOMINGTON,2,,0,0,0,1175,S COLLEGE MALL RD,,,,,S COLLEGE MALL RD,,,,,Y,,0.0,,-3.679228660207945e-05,-2.6210878499520398e-05,PRIVATE DR,,,,URBAN,N,N,N,,DAYLIGHT,CLEAR,DRY,,NO JUNCTION INVOLVED,,ASPHALT,UNSAFE BACKING,$2501 TO $5000,BACKING CRASH,SCOLLEGEMALLRD,0,,2022-07-28 13:30:00,,,
MONROE SD,M22A19801,MONROE,RICHLAND,BLOOMINGTON,1,,0,0,0,,W DELAP RD,,,,,W DELAP RD,N WOODALL RD,,,,N,,0.0,,39.12145,-86.51158,COUNTY RD,,,,RURAL,N,N,N,,DARK (NOT LIGHTED),CLEAR,DRY,,T-INTERSECTION,,ASPHALT,DRIVER DISTRACTED - EXPLAIN IN NARRATIVE,$5001 TO $10000,RAN OFF RD,WDELAPRDNWOODALLRD,0,,2022-08-13 23:11:00,,,
MONROE SD,M22A10939,MONROE,VAN BUREN,BLOOMINGTON,2,,0,0,0,,W ST RD 45,,,,,W ST RD 45,INDUSTRIAL BLVD,,,,Y,,0.0,,39.16417702324184,-86.49087783707543,ST RD,,,,URBAN,N,N,N,,DAYLIGHT,CLEAR,DRY,,FOUR-WAY INTERSECTION,,ASPHALT,FAILURE TO YIELD RIGHT OF WAY,$5001 TO $10000,LEFT TURN,WSTATERD45INDUSTRIALBLVD,0,,2022-05-12 15:37:00,,,
BLOOMINGTON PD,B22-17399,MONROE,PERRY,BLOOMINGTON,2,,0,0,0,315,W 2ND ST,,,,,W 2ND ST,,,,,Y,,0.0,,39.21207842913727,-86.58722647379527,PRIVATE DR,,,,URBAN,N,N,N,,DAYLIGHT,CLEAR,DRY,,NO JUNCTION INVOLVED,,ASPHALT,UNSAFE BACKING,$1001 TO $2500,REAR TO REAR,W 2NDST,0,,2022-05-12 15:11:00,,,
MONROE SD,M22A21450,MONROE,RICHLAND,BLOOMINGTON,2,,0,0,0,,W LOST MANS LN,,,,,W LOST MANS LN,WHITE RIVER DR,,,,N,,0.0,,39.12168,-86.54209,LOCAL/CITY RD,,,,RURAL,N,N,N,,DAYLIGHT,CLEAR,DRY,,NO JUNCTION INVOLVED,,ASPHALT,UNSAFE BACKING,$5001 TO $10000,BACKING CRASH,WHITERIVERDRWLOSTMANSLN,0,,2022-09-01 07:59:00,,,
DNR LAW ENFORCEMENT,06-22-00290,MONROE,BENTON,BLOOMINGTON,1,,0,0,0,,FOREST RD,,,,,FOREST RD,,,,,N,,0.0,,39.057838351236235,-86.6813044262328,COUNTY RD,,,,RURAL,N,N,N,,DAYLIGHT,CLEAR,SNOW/SLUSH,,NO JUNCTION INVOLVED,,ASPHALT,SPEED TOO FAST FOR WEATHER CONDITIONS,$5001 TO $10000,RAN OFF RD,FORESTRD,0,,2022-02-07 14:59:00,,,
BLOOMINGTON PD,B22-16153,MONROE,BLOOMINGTON,BLOOMINGTON,2,,0,0,0,,S OVERHILL DR,,,,,S OVERHILL DR,E 3RD ST,,,,Y,,0.0,,39.300653074675964,-86.5179952937248,LOCAL/CITY RD,,,,URBAN,N,N,N,,DAYLIGHT,CLOUDY,DRY,,T-INTERSECTION,,ASPHALT,FAILURE TO YIELD RIGHT OF WAY,$10001 TO $25000,RIGHT ANGLE,SOVERHILLDRE 3RDST,0,,2022-05-04 13:14:00,,,
MONROE SD,M22A23081,MONROE,VAN BUREN,BLOOMINGTON,2,,0,0,0,,W AIRPORT RD,,,,,W AIRPORT RD,W ST RD 45,,,,Y,,0.0,,39.16777099835438,-86.49800008385682,LOCAL/CITY RD,,,,URBAN,N,N,N,,DAWN/DUSK,CLEAR,DRY,,T-INTERSECTION,,ASPHALT,IMPROPER LN USAGE,$5001 TO $10000,HEAD ON BETWEEN TWO MOTOR VEHICLES,WSTATERD45 WAIRPORTRD,0,,2022-09-19 08:02:00,,,
BLOOMINGTON PD,B2202870,MONROE,BLOOMINGTON,BLOOMINGTON,3,,0,0,0,,S SPICEWOOD LN,,,,,S SPICEWOOD LN,E ROGERS ST,,,,Y,,0.0,,39.16036,-86.52399,LOCAL/CITY RD,,,,URBAN,N,N,N,,DAYLIGHT,CLEAR,DRY,,FOUR-WAY INTERSECTION,,ASPHALT,FOLLOWING TOO CLOSELY,$10001 TO $25000,REAR END,SSPICEWOODLNEROGERSRD,0,,2022-01-26 15:40:00,,,
MONROE SD,M22A13302,MONROE,BLOOMINGTON,BLOOMINGTON,1,,1,0,0,,I-69,,,,,I-69,,,,,N,,0.0,,39.1642574390893,-86.50712849185324,ST RD,,,,RURAL,N,Y,N,,DARK (NOT LIGHTED),RAIN,WET,,NO JUNCTION INVOLVED,,ASPHALT,FAILURE TO MAINTAIN LN,$5001 TO $10000,RAN OFF RD,I-69,0,,2022-06-06 22:40:00,,,
BLOOMINGTON PD,B22-04250,MONROE,BLOOMINGTON,BLOOMINGTON,2,,0,0,0,,N ADAMS ST,,,,,N ADAMS ST,W KIRKWOOD AVE,,,,Y,,0.0,,39.164217865247835,-86.49827996312054,LOCAL/CITY RD,,,,URBAN,N,N,N,,DARK (LIGHTED),CLEAR,DRY,,FOUR-WAY INTERSECTION,,ASPHALT,FOLLOWING TOO CLOSELY,$5001 TO $10000,REAR END,WKIRKWOODAVENADAMSST,0,,2022-02-07 19:23:00,,,
BLOOMINGTON PD,B22-40712,MONROE,PERRY,BLOOMINGTON,2,,0,0,0,,W GRIMES LN,,,,,W GRIMES LN,S WALNUT ST,,,,Y,,0.0,,39.15280869990871,-86.4976359822742,LOCAL/CITY RD,,,,URBAN,N,N,N,,DAYLIGHT,CLEAR,DRY,,FOUR-WAY INTERSECTION,,ASPHALT,FOLLOWING TOO CLOSELY,$2501 TO $5000,REAR END,WGRIMESLNSWALNUTST,0,,2022-10-04 17:26:00,,,
ISP BLOOMINGTON 33,2.022E+11,MONROE,SALT CREEK,BLOOMINGTON,1,,0,0,0,,ST RD 446,,,,,ST RD 446,,,,,N,,0.0,,39.26109012899145,-86.58314712615773,ST RD,,,,RURAL,N,N,N,,DAYLIGHT,CLEAR,DRY,,NO JUNCTION INVOLVED,,ASPHALT,ENGINE FAILURE OR DEFECTIVE,$25001 TO $50000,NON-COLLISION,STATERD446,0,,2022-08-06 13:25:00,,,
BLOOMINGTON PD,B22-21667,MONROE,BLOOMINGTON,BLOOMINGTON,2,,0,0,0,,S ROGERS ST,,,,,S ROGERS ST,,,,,Y,,0.0,,39.14354723340343,-86.58033230672314,PRIVATE DR,,,,URBAN,N,N,N,,DAYLIGHT,CLEAR,DRY,,NO JUNCTION INVOLVED,,ASPHALT,UNSAFE BACKING,UNDER $1001,BACKING CRASH,SROGERSST,0,,2022-06-10 11:23:00,,,
MONROE SD,M22A11049,MONROE,BEAN BLOSSOM,,2,,1,0,0,,W ST RD 46,,,,,W ST RD 46,N STINESVILLE RD,,,,N,,1000.0,,39.16041568,-86.54284604,ST RD,,,,RURAL,N,N,N,,DAWN/DUSK,CLEAR,DRY,,T-INTERSECTION,,ASPHALT,FOLLOWING TOO CLOSELY,$2501 TO $5000,SAME DIRECTION SIDESWIPE,WST RD 46NSTINESVILLERD,0,,2022-05-13 20:00:00,,,
BLOOMINGTON PD,B22-07126,MONROE,BLOOMINGTON,BLOOMINGTON,2,,0,0,0,,E 7TH ST,,,,,E 7TH ST,N DUNN ST,,,,Y,,0.0,,39.222827315832916,-86.58905699798721,LOCAL/CITY RD,,,,URBAN,N,N,N,,DARK (LIGHTED),CLEAR,DRY,,FOUR-WAY INTERSECTION,,ASPHALT,FAILURE TO YIELD RIGHT OF WAY,$10001 TO $25000,RIGHT ANGLE,NDUNNSTE7THST,0,,2022-03-03 19:48:00,,,
MONROE SD,M22A12749,MONROE,RICHLAND,BLOOMINGTON,2,,0,0,0,,W ST RD 46,,,,,W ST RD 46,N CURRY PK,,,,N,,0.0,,39.32397649,-86.46786279,ST RD,,,,RURAL,N,Y,N,,DAYLIGHT,CLEAR,DRY,,FOUR-WAY INTERSECTION,,ASPHALT,IMPROPER LN USAGE,$2501 TO $5000,SAME DIRECTION SIDESWIPE,WST RD 46NCURRYPK,0,,2022-06-01 13:27:00,,,
BLOOMINGTON PD,B22-04749,MONROE,PERRY,BLOOMINGTON,2,,0,0,0,,S BAINBRIDGE DR,,,,,S BAINBRIDGE DR,E ALLENDALE DR,,,,N,,0.0,,39.164237587977325,-86.501651842967,LOCAL/CITY RD,,,,URBAN,N,N,N,,DAYLIGHT,RAIN,WET,,T-INTERSECTION,,ASPHALT,FAILURE TO YIELD RIGHT OF WAY,$1001 TO $2500,RIGHT ANGLE,SBAINBRIDGEDREALLENDALEDR,0,,2022-02-11 15:32:00,,,
ELLETTSVILLE PD,E22000696,MONROE,RICHLAND,ELLETTSVILLE,2,0.0,0,0,0,,,,ST RD 46 W,,,ST RD 46 W,LAKEVIEW,,,,Y,,,,39.13635918208367,-86.5944197425362,ST RD,,N,N,URBAN,N,N,N,,DAYLIGHT,RAIN,WET,,NO JUNCTION INVOLVED,STRAIGHT/LEVEL,ASPHALT,FOLLOWING TOO CLOSELY,$1001 TO $2500,REAR END,LAKEVIEWDRST RD 46 W,0,NONE,2022-02-24 16:09:00,,,
MONROE SD,M22A14735,MONROE,RICHLAND,BLOOMINGTON,2,,0,0,0,,N CURRY PK,,,,,N CURRY PK,ST RD 46,,,,N,,158.0,,39.13596798213678,-86.5008993910426,LOCAL/CITY RD,,,,URBAN,N,N,Y,LN CLOSURE,DAYLIGHT,CLEAR,DRY,,NO JUNCTION INVOLVED,,ASPHALT,UNSAFE LN MOVEMENT,UNDER $1001,OTHER - EXPLAIN IN NARRATIVE,STATERD46NCURRYPK,0,,2022-06-22 09:45:00,,,
MONROE SD,M22A10871,MONROE,,BLOOMINGTON,1,,0,0,1,,N SHUFFLE CREEK RD,,,,,N SHUFFLE CREEK RD,S SHORE DR,,,,N,,3500.0,,39.23816757,-86.53867532,LOCAL/CITY RD,,,,RURAL,N,N,N,,DAWN/DUSK,CLEAR,DRY,,NO JUNCTION INVOLVED,,ASPHALT,ANIMAL/OBJECT IN RDWAY,$2501 TO $5000,COLLISION WITH DEER,SSHOREDRNSHUFFLECREEKRD,0,,2022-05-12 05:58:00,,,
BLOOMINGTON PD,B22-31826,MONROE,BLOOMINGTON,BLOOMINGTON,2,,0,0,0,,ST RD 46,,,,,ST RD 46,E 7TH ST,,,,Y,,0.0,,39.16668982830868,-86.54964685897663,ST RD,,,,URBAN,N,N,N,,DAYLIGHT,CLEAR,DRY,,T-INTERSECTION,,ASPHALT,UNSAFE LN MOVEMENT,$5001 TO $10000,SAME DIRECTION SIDESWIPE,STATERD46E7THST,0,,2022-08-16 11:43:00,,,
INDIANA UNIV BLOOMINGTON PD,222645,MONROE,BLOOMINGTON,BLOOMINGTON,2,,0,0,0,,E 10TH ST,,,,,E 10TH ST,,,,,Y,,0.0,,39.15333133766757,-86.53371954558705,PRIVATE DR,,,,URBAN,N,N,N,,DARK (NOT LIGHTED),CLEAR,DRY,,NO JUNCTION INVOLVED,,ASPHALT,OTHER (VEHICLE) - EXPLAIN IN NARRATIVE,$1001 TO $2500,OTHER - EXPLAIN IN NARRATIVE,E 10THST,0,,2022-08-14 18:00:00,,,
INDIANA UNIV BLOOMINGTON PD,222345,MONROE,BLOOMINGTON,BLOOMINGTON,1,,0,0,1,,ST RD 45,,,,,ST RD 45,,,,,N,,0.0,,39.08121443562707,-86.41867804948593,ST RD,,,,URBAN,N,N,N,,DAYLIGHT,CLEAR,DRY,,NO JUNCTION INVOLVED,,ASPHALT,ANIMAL/OBJECT IN RDWAY,$2501 TO $5000,COLLISION WITH DEER,STATERD45,0,,2022-07-08 16:55:00,,,
BLOOMINGTON PD,B22-30694,MONROE,PERRY,BLOOMINGTON,2,,0,0,0,840,S CORY LN,,,,,S CORY LN,,,,,Y,,0.0,,,,PRIVATE DR,,,,RURAL,N,N,N,,DARK (LIGHTED),CLEAR,DRY,,NO JUNCTION INVOLVED,,ASPHALT,IMPROPER TURNING,$2501 TO $5000,LEFT TURN,SCORYLN,0,,2022-08-08 17:50:00,,,
ISP BLOOMINGTON 33,2.022E+11,MONROE,WASHINGTON,BLOOMINGTON,1,,1,0,0,,I-69,,,,,I-69,,,,,N,,1478.0,,39.266764176655265,-86.66569969101849,INTERSTATE,,,,RURAL,N,Y,N,,DAYLIGHT,CLEAR,DRY,,NO JUNCTION INVOLVED,,CONCRETE,DRIVER ILLNESS,$2501 TO $5000,RAN OFF RD,I-69,0,,2022-08-23 13:30:00,,,
BLOOMINGTON PD,B22-25315,MONROE,BLOOMINGTON,BLOOMINGTON,1,,0,0,0,,E COVENANTER DR,,,,,E COVENANTER DR,S COLLEGE MALL RD,,,,Y,,0.0,,39.16852,-86.52825,LOCAL/CITY RD,,,,URBAN,N,N,N,,DAYLIGHT,CLEAR,DRY,,FOUR-WAY INTERSECTION,,ASPHALT,FAILURE TO MAINTAIN LN,$10001 TO $25000,RAN OFF RD,SCOLLEGEMALLRDECOVENANTERDR,0,,2022-07-04 16:40:00,,,
BLOOMINGTON PD,B22-41108,MONROE,BLOOMINGTON,BLOOMINGTON,2,,0,0,0,,N DUNN ST,,,,,N DUNN ST,E VARSITY LN,,,,Y,,0.0,,39.19373912416505,-86.57119245117495,LOCAL/CITY RD,,,,URBAN,N,N,N,,DAYLIGHT,CLEAR,DRY,,NO JUNCTION INVOLVED,,ASPHALT,FAILURE TO YIELD RIGHT OF WAY,$5001 TO $10000,RIGHT ANGLE,NDUNNSTEVARSITYLN,0,,2022-10-06 16:52:00,,,
BLOOMINGTON PD,B22-14265,MONROE,BLOOMINGTON,BLOOMINGTON,2,,0,0,0,,3140 W WHITEHALL CROSSING BLVD,,,,,W WHITEHALL CROSSING BLVD,,,,,Y,,0.0,,39.13078816087254,-86.52035537265436,PRIVATE DR,,,,URBAN,N,N,N,,DAYLIGHT,CLEAR,DRY,,NO JUNCTION INVOLVED,,ASPHALT,IMPROPER TURNING,$1001 TO $2500,SAME DIRECTION SIDESWIPE,3140WWHITEHALLCROSSINGBLVD,0,,2022-04-22 15:30:00,3140.0,,
BLOOMINGTON PD,B22-34938,MONROE,BLOOMINGTON,BLOOMINGTON,2,,5,0,0,,W TAPP RD,,,,,W TAPP RD,S ADAMS ST,,,,Y,,100.0,,39.22104,-86.60539,LOCAL/CITY RD,,,,URBAN,N,N,N,,DARK (NOT LIGHTED),CLEAR,DRY,,NO JUNCTION INVOLVED,,ASPHALT,FOLLOWING TOO CLOSELY,$1001 TO $2500,REAR END,WTAPPRDSADAMSST,0,,2022-09-02 01:16:00,,,
MONROE SD,M22A20153,MONROE,VAN BUREN,BLOOMINGTON,3,,1,0,0,,,,45,,,45,CURRY PK,,,,N,,0.0,,39.19368,-86.57139,ST RD,,,,URBAN,N,Y,N,,DAYLIGHT,CLEAR,DRY,,NO JUNCTION INVOLVED,,ASPHALT,FOLLOWING TOO CLOSELY,$10001 TO $25000,REAR END,CURRYPK45,0,,2022-08-17 15:00:00,,,
BLOOMINGTON PD,B22-21800,MONROE,PERRY,BLOOMINGTON,2,,0,0,0,2375,S WALNUT ST,,,,,S WALNUT ST,,,,,Y,,0.0,,39.251363229911206,-86.40091014565374,LOCAL/CITY RD,,,,URBAN,N,N,N,,DAYLIGHT,CLEAR,DRY,,NO JUNCTION INVOLVED,,ASPHALT,IMPROPER TURNING,UNDER $1001,OPPOSITE DIRECTION SIDESWIPE,SWALNUTST,0,,2022-06-11 10:45:00,,,
BLOOMINGTON PD,B22-25015,MONROE,VAN BUREN,BLOOMINGTON,2,,0,0,0,,S LEONARD SPRINGS RD,,,,,S LEONARD SPRINGS RD,ST RD 45,,,,Y,,0.0,,39.16762471577647,-86.50005169155698,LOCAL/CITY RD,,,,URBAN,N,N,N,,DAYLIGHT,CLOUDY,DRY,,NO JUNCTION INVOLVED,,ASPHALT,FAILURE TO YIELD RIGHT OF WAY,$2501 TO $5000,RIGHT ANGLE,STATERD45SLEONARDSPRINGSRD,0,,2022-07-02 09:46:00,,,
INDIANA UNIV BLOOMINGTON PD,220715,MONROE,PERRY,BLOOMINGTON,2,,0,0,0,,S HENDERSON ST,,,,,S HENDERSON ST,ATWATER AVE,,,,Y,,200.0,,39.17182239,-86.51257376,LOCAL/CITY RD,,,,URBAN,N,N,N,,DAYLIGHT,CLOUDY,DRY,,NO JUNCTION INVOLVED,,ASPHALT,FAILURE TO YIELD RIGHT OF WAY,$2501 TO $5000,SAME DIRECTION SIDESWIPE,SOUTHHENDERSONSTATWATERAVE,0,,2022-02-24 14:00:00,,,
MONROE SD,M22A7577,MONROE,PERRY,BLOOMINGTON,2,,1,0,0,,S ROGERS ST,,,,,S ROGERS ST,S ST RD 37,,,,N,,0.0,,39.18493010467846,-86.51578575217563,LOCAL/CITY RD,,,,RURAL,N,N,N,,DAYLIGHT,CLEAR,DRY,,T-INTERSECTION,,ASPHALT,OTHER (DRIVER) - EXPLAIN IN NARRATIVE,$5001 TO $10000,REAR END,SROGERSSTSOLDSTATERD37,0,,2022-04-03 18:47:00,,,
BLOOMINGTON PD,B22-11610,MONROE,BLOOMINGTON,BLOOMINGTON,2,,0,0,0,,E 10TH ST,,,,,E 10TH ST,N LINCOLN ST,,,,Y,,0.0,,39.15777458034752,-86.56209126656492,LOCAL/CITY RD,,,,URBAN,N,N,N,,DAYLIGHT,CLEAR,DRY,,FOUR-WAY INTERSECTION,,ASPHALT,FAILURE TO YIELD RIGHT OF WAY,$1001 TO $2500,RIGHT ANGLE,NLINCOLNSTE 10THST,0,,2022-04-01 11:30:00,,,
BLOOMINGTON PD,B22-09720,MONROE,PERRY,BLOOMINGTON,2,,0,0,0,1300,S PATTERSON DR: CATALENT PHARM,,,,,S PATTERSON DR,,,,,N,,0.0,,39.336089808100354,-86.51086937885317,PRIVATE DR,,,,URBAN,N,N,N,,DARK (LIGHTED),RAIN,WET,,NO JUNCTION INVOLVED,,GRAVEL,RDWAY SURFACE CONDITION,$2501 TO $5000,SAME DIRECTION SIDESWIPE,SPATTERSONDR:CATALENTPHARMASOLUTIONS,0,,2022-03-22 18:12:00,,,
BLOOMINGTON PD,B22-09680,MONROE,BLOOMINGTON,BLOOMINGTON,2,,0,0,0,,E HUNTER AVE,,,,,E HUNTER AVE,S PARK AVE,,,,Y,,317.0,,39.16425,-86.52261,LOCAL/CITY RD,,,,URBAN,N,N,N,,DAYLIGHT,RAIN,WET,,NO JUNCTION INVOLVED,,ASPHALT,FAILURE TO YIELD RIGHT OF WAY,$5001 TO $10000,RIGHT ANGLE,SPARKAVEEHUNTERAVE,0,,2022-03-22 14:50:00,,,
INDIANA UNIV BLOOMINGTON PD,222551,MONROE,BLOOMINGTON,BLOOMINGTON,2,,0,0,0,,ST RD 45,,,,,ST RD 45,WALKWAY,,,,Y,,686.0,,39.155158444570006,-86.49776568055587,ST RD,,,,URBAN,N,N,N,,DAYLIGHT,CLOUDY,DRY,,NO JUNCTION INVOLVED,,ASPHALT,FOLLOWING TOO CLOSELY,$2501 TO $5000,REAR END,WALKWAYSTATERD45,0,,2022-08-05 15:30:00,,,