Agency,Local Code,County,Township,City,Vehicles Involved,Trailers Involved,Number Injured,Number Dead,Number Deer,House Number,Roadway Name,Roadway Suffix,Roadway Number,Roadway Interchange,Roadway Ramp,Roadway Id,Intersecting Road,Intersecting Road Number,Mile Marker,Interchange,Corporate Limits?,Property Type,Feet From,Direction,Latitude,Longitude,Roadway Class,Traffic Control Devices?,Aggressive Driving?,Hit and Run?,Locality,School Zone?,Rumble Strips?,Construction?,Construction Type,Light Condition,Weather Conditions,Surface Condition,Type of Median,Roadway Junction Type,Road Character,Roadway Surface,Primary Factor,Damage Estimate,Manner of Collision,Unique Location Id,State Property Damage?,Traffic Control,DateTime,Address Number,Cyclist Involved,Pedestrian Involved
BLOOMINGTON PD,B22-09405,MONROE,PERRY,BLOOMINGTON,2,,0,0,0,,S ROGERS ST,,,,,S ROGERS ST,W CHEROKEE DR,,,,Y,,0.0,,39.18299,-86.52832,LOCAL/CITY RD,,,,URBAN,N,N,N,,DAYLIGHT,CLEAR,DRY,,T-INTERSECTION,,CONCRETE,FOLLOWING TOO CLOSELY,$5001 TO $10000,REAR END,WCHEROKEEDRSROGERSST,0,,2022-03-20 14:25:00,,,
MONROE SD,M22A20863,MONROE,PERRY,BLOOMINGTON,1,,0,0,0,,S VICTOR PK,,,,,S VICTOR PK,W BOLIN LN,,,,N,,0.0,,39.17280511,-86.57139069,LOCAL/CITY RD,,,,RURAL,N,N,N,,DAYLIGHT,CLEAR,DRY,,NO JUNCTION INVOLVED,,ASPHALT,FAILURE TO MAINTAIN LN,$5001 TO $10000,RAN OFF RD,WBOLINLNSVICTORPK,0,,2022-08-25 18:22:00,,,
MONROE SD,M22A14668,MONROE,RICHLAND,BLOOMINGTON,2,,0,0,0,,ST RD 46,,,,,ST RD 46,W ARLINGTON RD,,,,N,,0.0,,39.136524156858435,-86.55444144543866,ST RD,,,,RURAL,N,N,N,,DAYLIGHT,CLEAR,DRY,,FOUR-WAY INTERSECTION,,ASPHALT,FOLLOWING TOO CLOSELY,$2501 TO $5000,REAR END,WARLINGTONRDSTATERD46,0,,2022-06-21 03:24:00,,,
INDIANA UNIV BLOOMINGTON PD,222378,MONROE,BLOOMINGTON,BLOOMINGTON,2,,0,0,0,,N INDIANA AVE,,,,,N INDIANA AVE,E 10TH ST,,,,Y,,0.0,,39.14192098487317,-86.58263455237754,LOCAL/CITY RD,,,,URBAN,N,N,N,,DAYLIGHT,CLEAR,DRY,,FOUR-WAY INTERSECTION,,ASPHALT,FAILURE TO YIELD RIGHT OF WAY,$2501 TO $5000,REAR END,NINDIANAAVEE 10THST,0,,2022-07-13 10:18:00,,,
BLOOMINGTON PD,B22-08401,MONROE,PERRY,BLOOMINGTON,2,,0,0,0,,S SARE RD,,,,,S SARE RD,E CATHCART,,,,Y,,0.0,,39.13892192,-86.53047721,LOCAL/CITY RD,,,,URBAN,N,N,N,,DAYLIGHT,CLEAR,DRY,,T-INTERSECTION,,ASPHALT,IMPROPER TURNING,$5001 TO $10000,RIGHT ANGLE,SSARERDECATHCART,0,,2022-03-13 13:20:00,,,
MONROE SD,M22A9504,MONROE,BLOOMINGTON,,1,,0,0,0,,,,,,,,,,,,Y,,0.0,,39.14190651680445,-86.58262129843133,COUNTY RD,,,,URBAN,N,N,N,,DAYLIGHT,CLEAR,DRY,,FOUR-WAY INTERSECTION,,ASPHALT,FAILURE TO YIELD RIGHT OF WAY,$5001 TO $10000,RIGHT ANGLE,,0,,2022-04-26 16:56:00,,,
INDIANA UNIV BLOOMINGTON PD,222547,MONROE,BLOOMINGTON,BLOOMINGTON,1,,0,0,0,,N DUNN ST,,,,,N DUNN ST,,,,,Y,,0.0,,39.163126050473544,-86.5272718864918,LOCAL/CITY RD,,,,URBAN,N,N,N,,DAYLIGHT,CLEAR,DRY,,T-INTERSECTION,,ASPHALT,ANIMAL/OBJECT IN RDWAY,$1001 TO $2500,COLLISION WITH OBJECT IN RD,NDUNNST,0,,2022-08-05 09:55:00,,,
INDIANA UNIV BLOOMINGTON PD,221705,MONROE,BLOOMINGTON,BLOOMINGTON,2,,0,0,0,,E 10TH ST,,,,,E 10TH ST,E 10TH ST,,,,Y,,0.0,,39.165576772045895,-86.53876269142538,ST RD,,,,URBAN,N,N,N,,DAYLIGHT,CLEAR,DRY,,FOUR-WAY INTERSECTION,,ASPHALT,IMPROPER PASSING,$2501 TO $5000,REAR END,E 10THSTE 10THST,0,,2022-04-30 16:00:00,,,
ISP BLOOMINGTON 33,2.022E+11,MONROE,BLOOMINGTON,BLOOMINGTON,1,,0,0,1,,I-69,,,,,I-69,,,122.0,,N,,500.0,,39.17165505001804,-86.53105493023396,INTERSTATE,,,,RURAL,N,N,N,,DAYLIGHT,CLEAR,DRY,,NO JUNCTION INVOLVED,,ASPHALT,ANIMAL/OBJECT IN RDWAY,$1001 TO $2500,COLLISION WITH DEER,I-69122,0,,2022-06-30 20:53:00,,,
BLOOMINGTON PD,B22-16342,MONROE,PERRY,BLOOMINGTON,2,,1,0,0,,S ROCKPORT RD,,,,,S ROCKPORT RD,W COUNTRY CLUB DR,,,,Y,,0.0,,39.15069751922197,-86.54556834581071,LOCAL/CITY RD,,,,URBAN,N,N,N,,DAYLIGHT,RAIN,WET,,FOUR-WAY INTERSECTION,,ASPHALT,DISREGARD SIGNAL/REG SIGN,$25001 TO $50000,OTHER - EXPLAIN IN NARRATIVE,WCOUNTRYCLUBDRSROCKPORTRD,0,,2022-05-05 14:40:00,,,
ELLETTSVILLE PD,E2200836,MONROE,RICHLAND,ELLETTSVILLE,2,0.0,0,0,0,,SALE,ST,,,,SALE,TEMPERANCE,,,,Y,,75.0,N,39.16219313664469,-86.52405883610706,LOCAL/CITY RD,,N,N,URBAN,N,N,N,,DAYLIGHT,RAIN,WET,,NO JUNCTION INVOLVED,STRAIGHT/GRADE,ASPHALT,FAILURE TO YIELD RIGHT OF WAY,$5001 TO $10000,LEFT TURN,SALESTTEMPERANCEST,0,LN CONTROL,2022-03-07 08:14:00,,,
MONROE SD,M22A23049,MONROE,RICHLAND,BLOOMINGTON,2,,0,0,0,,N CRESTWOOD DR,,,,,N CRESTWOOD DR,N UNION VALLEY RD,,,,N,,0.0,,39.17152,-86.49793,LOCAL/CITY RD,,,,URBAN,N,N,N,,DAYLIGHT,CLOUDY,DRY,,T-INTERSECTION,,ASPHALT,LEFT OF CENTER,$10001 TO $25000,RIGHT ANGLE,NUNIONVALLEYRDNCRESTWOODDR,0,,2022-09-19 13:10:00,,,
INDIANA UNIV BLOOMINGTON PD,221353,MONROE,BLOOMINGTON,BLOOMINGTON,2,,1,0,0,,E 17TH ST,,,,,E 17TH ST,ST RD 45,,,,Y,,0.0,,39.146967954320694,-86.53890029548771,ST RD,,,,URBAN,N,N,N,,DAYLIGHT,CLEAR,DRY,,T-INTERSECTION,,ASPHALT,IMPROPER TURNING,$10001 TO $25000,LEFT TURN,STATERD45E17THST,0,,2022-04-10 15:57:00,,,
BLOOMINGTON PD,B22-12335,MONROE,PERRY,BLOOMINGTON,1,,1,0,0,2446,S HENDERSON ST,,,,,S HENDERSON ST,,,,,Y,,0.0,,39.10019588670789,-86.55798378033637,PRIVATE DR,,,,URBAN,N,N,N,,DAYLIGHT,CLEAR,DRY,,NO JUNCTION INVOLVED,,ASPHALT,FAILURE TO YIELD RIGHT OF WAY,UNDER $1001,BACKING CRASH,S.HENDERSONST,1,,2022-04-10 15:58:00,,,True
MONROE SD,M22A15736,MONROE,RICHLAND,BLOOMINGTON,1,,1,0,0,,N CURRY PK,,,,,N CURRY PK,W WOODYARD,,,,N,,0.0,,39.20763,-86.57988,LOCAL/CITY RD,,,,RURAL,N,N,Y,X-OVER/LN SHIFT,DAYLIGHT,CLEAR,LOOSE MATERIAL ON RD,,TRAFFIC CIRCLE/ROUNDABOUT,,ASPHALT,UNSAFE SPEED,$1001 TO $2500,RAN OFF RD,WWOODYARDRDNCURRYPK,0,,2022-06-30 19:49:00,,,
MONROE SD,M22A4970,MONROE,PERRY,BLOOMINGTON,2,,0,0,0,,S ST RD 37,,,,,S ST RD 37,DILLMAN RD,,,,N,,0.0,,39.17167,-86.527,ST RD,,,,RURAL,N,N,N,,DAYLIGHT,CLEAR,DRY,,FOUR-WAY INTERSECTION,,ASPHALT,FAILURE TO YIELD RIGHT OF WAY,$10001 TO $25000,RIGHT ANGLE,OLDSTATERD37SDILLMANRD,0,,2022-03-02 16:16:00,,,
MONROE SD,M22A6406,MONROE,VAN BUREN,BLOOMINGTON,2,,0,0,0,1284,1284 S LIBERTY DR.,,,,,S LIBERTY DR.,,,,,N,,0.0,,39.14877604759891,-86.49906301683062,PRIVATE DR,,,,RURAL,N,N,N,,DAYLIGHT,CLEAR,DRY,,NO JUNCTION INVOLVED,,ASPHALT,UNSAFE SPEED,$1001 TO $2500,BACKING CRASH,1284S.LIBERTYDR.,0,,2022-03-21 13:44:00,1284.0,,
BLOOMINGTON PD,B22-21196,MONROE,BLOOMINGTON,BLOOMINGTON,3,,0,0,0,,W 2ND ST,,,,,W 2ND ST,S WALKER ST,,,,Y,,317.0,,39.21541819606679,-86.53705999223958,LOCAL/CITY RD,,,,URBAN,N,N,N,,DAYLIGHT,CLOUDY,DRY,,NO JUNCTION INVOLVED,,ASPHALT,FOLLOWING TOO CLOSELY,$5001 TO $10000,REAR END,W 2NDSTSWALKERST,0,,2022-06-07 16:35:00,,,
INDIANA UNIV BLOOMINGTON PD,222062,MONROE,BLOOMINGTON,BLOOMINGTON,2,,1,0,0,,ST RD 45,,,,,ST RD 45,E 17TH ST,,,,Y,,0.0,,39.18399205885888,-86.52838113495142,ST RD,,,,URBAN,N,N,N,,DAYLIGHT,RAIN,WET,,T-INTERSECTION,,ASPHALT,SPEED TOO FAST FOR WEATHER CONDITIONS,$1001 TO $2500,REAR END,STATERD45E17THST,0,,2022-06-06 17:00:00,,,
BLOOMINGTON PD,B22-32063,MONROE,VAN BUREN,BLOOMINGTON,1,,1,0,0,,S CURRY PK,,,,,S CURRY PK,W ST RD 45,,,,Y,,0.0,,39.17158488305722,-86.50215289015578,LOCAL/CITY RD,,,,URBAN,N,Y,N,,DAYLIGHT,CLEAR,DRY,,INTERCHANGE,,ASPHALT,FOLLOWING TOO CLOSELY,UNDER $1001,OTHER - EXPLAIN IN NARRATIVE,WSTATERD45SCURRYPK,0,,2022-08-17 14:39:00,,,
INDIANA UNIV BLOOMINGTON PD,223555,MONROE,BLOOMINGTON,BLOOMINGTON,2,,0,0,0,,ST RD 45,,,,,ST RD 45,E 10TH ST,,,,Y,,0.0,,39.217484523556664,-86.55233581830956,ST RD,,,,URBAN,N,N,N,,DAYLIGHT,CLEAR,DRY,,FOUR-WAY INTERSECTION,,ASPHALT,FOLLOWING TOO CLOSELY,$5001 TO $10000,REAR END,STATERD45E 10THST,0,,2022-09-25 11:20:00,,,
ELLETTSVILLE PD,E22-03869,MONROE,RICHLAND,ELLETTSVILLE,1,,0,0,1,,N HARTSTRAIT RD,,,,,N HARTSTRAIT RD,,,,,Y,,0.0,,39.13631259926089,-86.54876145950733,COUNTY RD,,,,URBAN,N,N,N,,DAYLIGHT,CLEAR,DRY,,T-INTERSECTION,,ASPHALT,ANIMAL/OBJECT IN RDWAY,$1001 TO $2500,COLLISION WITH DEER,NHARTSTRAITRD,0,,2022-09-27 07:29:00,,,
INDIANA UNIV BLOOMINGTON PD,221546,MONROE,BLOOMINGTON,BLOOMINGTON,2,,0,0,0,,E 17TH ST,,,,,E 17TH ST,N FEE LN,,,,Y,,0.0,,39.23373162637346,-86.62471423576957,LOCAL/CITY RD,,,,URBAN,N,N,N,,DAYLIGHT,CLEAR,DRY,,FOUR-WAY INTERSECTION,,ASPHALT,DISREGARD SIGNAL/REG SIGN,$10001 TO $25000,RIGHT ANGLE,NFEELNE17THST,0,,2022-04-22 19:30:00,,,
BLOOMINGTON PD,B22-08643,MONROE,BLOOMINGTON,BLOOMINGTON,2,,1,0,0,,N WALNUT ST,,,,,N WALNUT ST,W 7TH ST,,,,Y,,0.0,,39.217627367734096,-86.5927035923183,LOCAL/CITY RD,,,,URBAN,N,N,N,,DAYLIGHT,CLEAR,DRY,,NO JUNCTION INVOLVED,,ASPHALT,OVERCORRECTING/OVERSTEERING,$1001 TO $2500,OTHER - EXPLAIN IN NARRATIVE,W7THSTNWALNUTST,0,,2022-03-15 13:08:00,,,
BLOOMINGTON PD,B22-10832,MONROE,PERRY,BLOOMINGTON,3,,1,0,0,,S COLLEGE MALL RD,,,,,S COLLEGE MALL RD,ACCESS RD EASTLAND PLAZA,,,,Y,,0.0,,39.17971,-86.50727,LOCAL/CITY RD,,,,URBAN,N,N,N,,DAYLIGHT,CLOUDY,DRY,,FOUR-WAY INTERSECTION,,ASPHALT,FOLLOWING TOO CLOSELY,$1001 TO $2500,REAR END,SCOLLEGEMALLRDACCESSRDEASTLANDPLAZA,0,,2022-03-30 13:27:00,,,
BLOOMINGTON PD,B22-05420,MONROE,BLOOMINGTON,BLOOMINGTON,3,,2,0,0,,W GOURLEY PK,,,,,W GOURLEY PK,W ARLINGTON RD,,,,Y,,0.0,,39.13721714463004,-86.52778752563894,LOCAL/CITY RD,,,,URBAN,N,N,N,,DAYLIGHT,CLEAR,WET,,FOUR-WAY INTERSECTION,,ASPHALT,IMPROPER TURNING,$10001 TO $25000,HEAD ON BETWEEN TWO MOTOR VEHICLES,WGOURLEYPKWARLINGTONRD,0,,2022-02-18 08:56:00,,,
INDIANA UNIV BLOOMINGTON PD,221578,MONROE,BLOOMINGTON,BLOOMINGTON,2,,0,0,0,,N EAGLESON AVE,,,,,N EAGLESON AVE,,,,,Y,,0.0,,39.19022272551032,-86.5825221690647,PRIVATE DR,,,,URBAN,N,N,N,,DAYLIGHT,CLEAR,DRY,,NO JUNCTION INVOLVED,,ASPHALT,DRIVER DISTRACTED - EXPLAIN IN NARRATIVE,$2501 TO $5000,BACKING CRASH,NEAGLESON AVEAVE,0,,2022-04-22 18:15:00,,,
INDIANA UNIV BLOOMINGTON PD,221216,MONROE,BLOOMINGTON,BLOOMINGTON,2,,0,0,0,,WOODLAWN AVE,,,,,WOODLAWN AVE,11TH ST,,,,Y,,0.0,,39.09295,-86.54415,LOCAL/CITY RD,,,,URBAN,N,N,N,,DAYLIGHT,CLEAR,DRY,,FOUR-WAY INTERSECTION,,ASPHALT,FAILURE TO YIELD RIGHT OF WAY,$5001 TO $10000,RIGHT ANGLE,WOODLAWNAVE11THST,0,,2022-04-01 15:12:00,,,
MONROE SD,M22A15677,MONROE,VAN BUREN,BLOOMINGTON,1,,0,0,1,,I-69,,,,,I-69,W TAPP RD,,,,N,,0.0,,39.15735997552205,-86.57675143158691,,,,,URBAN,N,Y,N,,DAYLIGHT,CLEAR,DRY,,NO JUNCTION INVOLVED,,ASPHALT,ANIMAL/OBJECT IN RDWAY,$1001 TO $2500,COLLISION WITH DEER,WTAPPRDI-69,0,,2022-07-01 10:54:00,,,
BLOOMINGTON PD,B22-11217,MONROE,PERRY,BLOOMINGTON,2,,0,0,0,1300,S PATTERSON DR,,,,,S PATTERSON DR,,,,,Y,,0.0,,39.16141376348986,-86.5461432435771,LOCAL/CITY RD,,,,URBAN,N,N,N,,DAYLIGHT,CLEAR,DRY,,NO JUNCTION INVOLVED,,ASPHALT,FAILURE TO YIELD RIGHT OF WAY,$2501 TO $5000,RIGHT ANGLE,SPATTERSONDR,0,,2022-04-01 18:51:00,,,
BLOOMINGTON PD,B22-15176,MONROE,,BLOOMINGTON,2,,0,0,0,,W 3RD ST,,,,,W 3RD ST,ST RD 37,,,,Y,,0.0,,39.17966260920601,-86.50731442077945,LOCAL/CITY RD,,,,URBAN,N,N,N,,DAYLIGHT,CLEAR,DRY,,FOUR-WAY INTERSECTION,,ASPHALT,FAILURE TO YIELD RIGHT OF WAY,$5001 TO $10000,RIGHT ANGLE,W 3RDSTSTATERD37,0,,2022-04-27 17:15:00,,,
BLOOMINGTON PD,B22-24162,MONROE,BLOOMINGTON,BLOOMINGTON,2,,1,0,0,,S COLLEGE AVE,,,,,S COLLEGE AVE,W 1ST,,,,Y,,200.0,,39.14194171727896,-86.58262374108806,LOCAL/CITY RD,,,,URBAN,N,N,N,,DAYLIGHT,CLEAR,DRY,,NO JUNCTION INVOLVED,,ASPHALT,FOLLOWING TOO CLOSELY,$5001 TO $10000,REAR END,W.1STSTS.COLLEGEAVE,0,,2022-06-27 12:19:00,,,
BLOOMINGTON PD,B22-40392,MONROE,PERRY,BLOOMINGTON,2,,0,0,0,,W GORDON PK,,,,,W GORDON PK,W GORDON PK,,,,Y,,0.0,,39.17679,-86.47847,LOCAL/CITY RD,,,,URBAN,N,N,N,,DARK (NOT LIGHTED),CLEAR,DRY,,FOUR-WAY INTERSECTION,,ASPHALT,FOLLOWING TOO CLOSELY,$2501 TO $5000,REAR END,WGORDONPKWGORDONPK,0,,2022-09-28 21:30:00,,,
BLOOMINGTON PD,B22-11103,MONROE,PERRY,BLOOMINGTON,1,,0,0,1,,N MAPLE ST,,,,,N MAPLE ST,W 7TH ST,,,,Y,,317.0,,39.21364497692396,-86.61134951785353,LOCAL/CITY RD,,,,URBAN,N,N,N,,DARK (LIGHTED),SNOW,WET,,NO JUNCTION INVOLVED,,ASPHALT,ANIMAL/OBJECT IN RDWAY,$1001 TO $2500,COLLISION WITH DEER,W7THSTNMAPLEST,0,,2022-04-01 05:55:00,,,
BLOOMINGTON PD,B22-20668,MONROE,BLOOMINGTON,BLOOMINGTON,1,,1,0,0,,N WASHINGTON ST,,,,,N WASHINGTON ST,E 7TH ST,,,,Y,,0.0,,39.17897408085615,-86.5190045447165,LOCAL/CITY RD,,,,URBAN,N,N,N,,DARK (LIGHTED),CLEAR,DRY,,FOUR-WAY INTERSECTION,,CONCRETE,PEDESTRIAN ACTION,UNDER $1001,LEFT TURN,NWASHINGTONSTE7THST,1,,2022-06-03 21:03:00,,True,
BLOOMINGTON PD,B22-20743,MONROE,BLOOMINGTON,BLOOMINGTON,1,,0,0,0,,E TAMARACK TRL,,,,,E TAMARACK TRL,,,,,Y,,0.0,,39.16854467740736,-86.53361517862628,PRIVATE DR,,,,URBAN,N,N,N,,DAYLIGHT,CLEAR,DRY,,NO JUNCTION INVOLVED,,ASPHALT,UNSAFE SPEED,$2501 TO $5000,OTHER - EXPLAIN IN NARRATIVE,ETAMARACKTRL,0,,2022-06-04 11:15:00,,,
BLOOMINGTON PD,B22-24905,MONROE,BLOOMINGTON,BLOOMINGTON,1,,0,0,0,3750,W 3RD ST,,,,,W 3RD ST,,,,,Y,,0.0,,39.1572747502344,-86.49786100537408,LOCAL/CITY RD,,,,URBAN,N,N,N,,DAYLIGHT,CLEAR,DRY,,NO JUNCTION INVOLVED,,ASPHALT,FAILURE TO MAINTAIN LN,$5001 TO $10000,OTHER - EXPLAIN IN NARRATIVE,W 3RDST,0,,2022-07-01 15:24:00,,,
BLOOMINGTON PD,B22-07195,MONROE,BLOOMINGTON,BLOOMINGTON,2,,0,0,0,,W 10TH ST,,,,,W 10TH ST,N COLLEGE AVE,,,,Y,,0.0,,39.18648001773602,-86.55114153098904,LOCAL/CITY RD,,,,URBAN,N,N,N,,DAYLIGHT,CLEAR,DRY,,FOUR-WAY INTERSECTION,,ASPHALT,UNSAFE LN MOVEMENT,$5001 TO $10000,SAME DIRECTION SIDESWIPE,W.10THSTN.COLLEGEAVE,0,,2022-03-04 11:11:00,,,
INDIANA UNIV BLOOMINGTON PD,223115,MONROE,BLOOMINGTON,BLOOMINGTON,2,,0,0,0,1410,N EAGLESON AVE,,,,,N EAGLESON AVE,,,,,Y,,0.0,,39.180293861861585,-86.51169611224148,PRIVATE DR,,,,URBAN,N,N,N,,DAYLIGHT,CLEAR,DRY,,NO JUNCTION INVOLVED,,ASPHALT,UNSAFE BACKING,UNDER $1001,BACKING CRASH,NEAGLESON AVEAVE,0,,2022-09-06 17:09:00,,,
BLOOMINGTON PD,B22-23385,MONROE,PERRY,BLOOMINGTON,1,,0,0,0,,1823 S HIGHLAND AVE,,,,,S HIGHLAND AVE,,,,,Y,,0.0,,39.173377306766085,-86.52352971483803,PRIVATE DR,,,,URBAN,Y,N,N,,DAYLIGHT,CLEAR,DRY,,NO JUNCTION INVOLVED,,ASPHALT,OTHER (ENVIRONMENTAL) - EXPLAIN IN NARR,$2501 TO $5000,NON-COLLISION,1823SHIGHLANDAVE,0,,2022-06-22 10:23:00,1823.0,,
BLOOMINGTON PD,B2203886,MONROE,BLOOMINGTON,BLOOMINGTON,2,,0,0,0,,S LIBERTY DR,,,,,S LIBERTY DR,W 3RD ST,,,,Y,,0.0,,39.13681576696928,-86.57322764383393,,,,,URBAN,N,N,N,,DARK (LIGHTED),CLEAR,DRY,,NO JUNCTION INVOLVED,,ASPHALT,IMPROPER LN USAGE,$2501 TO $5000,REAR END,W 3RDSTSLIBERTYDR,0,,2022-01-18 20:40:00,,,
MONROE SD,M22A14012,MONROE,CLEAR CREEK,BLOOMINGTON,2,,0,0,0,,5100 S VICTOR PK,,,,,S VICTOR PK,CHURCH LN,,,,N,,0.0,,39.15536076,-86.54526914,LOCAL/CITY RD,,,,RURAL,N,N,N,,DAYLIGHT,CLEAR,DRY,,NO JUNCTION INVOLVED,,ASPHALT,FOLLOWING TOO CLOSELY,$5001 TO $10000,REAR END,CHURCHLN5100SVICTORPK,0,,2022-06-14 17:44:00,5100.0,,
BLOOMINGTON PD,B22-14234,MONROE,BLOOMINGTON,BLOOMINGTON,2,,0,0,0,,N ROGERS ST,,,,,N ROGERS ST,W 6TH ST,,,,Y,,0.0,,39.16449294353111,-86.57327918801833,LOCAL/CITY RD,,,,URBAN,N,N,N,,DAYLIGHT,CLEAR,DRY,,FOUR-WAY INTERSECTION,,ASPHALT,FAILURE TO YIELD RIGHT OF WAY,$5001 TO $10000,RIGHT ANGLE,W6THSTNROGERSST,0,,2022-04-22 15:28:00,,,
BLOOMINGTON PD,B22-21039,MONROE,PERRY,BLOOMINGTON,2,,0,0,0,,W BLOOMFIELD RD,,,,,W BLOOMFIELD RD,S ANNA LEE LN,,,,Y,,0.0,,39.159365842392205,-86.5350979230485,LOCAL/CITY RD,,,,URBAN,N,N,N,,DAYLIGHT,CLOUDY,DRY,,T-INTERSECTION,,ASPHALT,FOLLOWING TOO CLOSELY,$2501 TO $5000,REAR END,WBLOOMFIELDRDSANNALEELN,0,,2022-06-06 13:50:00,,,
BLOOMINGTON PD,B22-19419,MONROE,PERRY,BLOOMINGTON,2,,1,0,0,,E 3RD ST,,,,,E 3RD ST,S CLARIZZ BLVD,,,,Y,,0.0,,39.57853925347989,-86.45065231145018,LOCAL/CITY RD,,,,URBAN,N,N,N,,DAYLIGHT,CLEAR,DRY,,FOUR-WAY INTERSECTION,,ASPHALT,DISREGARD SIGNAL/REG SIGN,$5001 TO $10000,RIGHT ANGLE,SCLARIZZBLVDE 3RDST,0,,2022-05-26 15:56:00,,,
BLOOMINGTON PD,B22-04215,MONROE,,BLOOMINGTON,2,,0,0,0,,PETE LLIS DR,,,,,PETE LLIS DR,E 3RD ST,,,,Y,,0.0,,39.168580913794415,-86.54220214703703,LOCAL/CITY RD,,,,URBAN,N,N,N,,DAYLIGHT,CLEAR,DRY,,FOUR-WAY INTERSECTION,,ASPHALT,FOLLOWING TOO CLOSELY,UNDER $1001,REAR END,PETEELLISDRE 3RDST,0,,2022-02-07 14:06:00,,,
INDIANA UNIV BLOOMINGTON PD,222886,MONROE,BLOOMINGTON,BLOOMINGTON,2,,0,0,0,1600,E 10TH ST,,,,,E 10TH ST,,,,,Y,,0.0,,39.16849096761745,-86.53235871893376,PRIVATE DR,,,,URBAN,N,N,N,,DAYLIGHT,CLEAR,DRY,,NO JUNCTION INVOLVED,,ASPHALT,IMPROPER TURNING,$1001 TO $2500,SAME DIRECTION SIDESWIPE,E 10THST,0,,2022-08-28 14:40:00,,,
BLOOMINGTON PD,B22-12603,MONROE,PERRY,BLOOMINGTON,2,,0,0,0,,600 E MILLER DR,,,,,E MILLER DR,,,,,Y,,0.0,,39.19229213726653,-86.52648385062395,PRIVATE DR,,,,URBAN,N,N,N,,DAYLIGHT,CLOUDY,DRY,,NO JUNCTION INVOLVED,,ASPHALT,UNSAFE BACKING,$1001 TO $2500,BACKING CRASH,600EMILLERDR,0,,2022-04-11 14:59:00,600.0,,
BLOOMINGTON PD,B22-31746,MONROE,BLOOMINGTON,BLOOMINGTON,2,,0,0,0,,E 4TH ST,,,,,E 4TH ST,S WALNUT ST,,,,Y,,0.0,,39.16461823007203,-86.58151473847893,LOCAL/CITY RD,,,,URBAN,N,N,N,,DARK (LIGHTED),CLEAR,DRY,,NO JUNCTION INVOLVED,,ASPHALT,IMPROPER TURNING,$2501 TO $5000,SAME DIRECTION SIDESWIPE,SWALNUTSTE4THST,0,,2022-08-15 19:00:00,,,
BLOOMINGTON PD,B22-34428,MONROE,PERRY,BLOOMINGTON,2,,0,0,0,3901,N KINSER PK,,,,,N KINSER PK,,,,,Y,,0.0,,39.171641637511506,-86.53486383763794,PRIVATE DR,,,,URBAN,N,N,N,,DAYLIGHT,CLEAR,DRY,,NO JUNCTION INVOLVED,,ASPHALT,OVERCORRECTING/OVERSTEERING,$2501 TO $5000,REAR END,NKINSERPK,0,,2022-08-30 10:31:00,,,
ELLETTSVILLE PD,E2201867,MONROE,RICHLAND,ELLETTSVILLE,2,,0,0,0,,ST RD 46 WEST,,,,,ST RD 46 WEST,MAPLE GROVE RD,,,,Y,,0.0,,39.17963342,-86.51055283,ST RD,,,,URBAN,N,N,N,,DAYLIGHT,CLOUDY,DRY,,NO JUNCTION INVOLVED,,ASPHALT,FAILURE TO YIELD RIGHT OF WAY,$2501 TO $5000,RIGHT ANGLE,STATERD46 WESTMAPLEGROVERD,0,,2022-05-18 19:25:00,,,
BLOOMINGTON PD,B22-37322,MONROE,PERRY,BLOOMINGTON,2,,2,0,0,,W COUNTRY CLUB DR,,,,,W COUNTRY CLUB DR,S MADISON ST,,,,Y,,0.0,,,,LOCAL/CITY RD,,,,URBAN,N,N,N,,DAYLIGHT,CLEAR,DRY,,FOUR-WAY INTERSECTION,,ASPHALT,FAILURE TO YIELD RIGHT OF WAY,$2501 TO $5000,RIGHT ANGLE,WCOUNTRYCLUBDRSMADISONST,0,,2022-09-15 17:29:00,,,
INDIANA UNIV BLOOMINGTON PD,221395,MONROE,BLOOMINGTON,BLOOMINGTON,2,,0,0,0,,E VARSITY LN,,,,,E VARSITY LN,N DUNN ST,,,,Y,,0.0,,39.164600449100135,-86.57917435123314,LOCAL/CITY RD,,,,URBAN,N,N,N,,DAYLIGHT,RAIN,WET,,T-INTERSECTION,,ASPHALT,SPEED TOO FAST FOR WEATHER CONDITIONS,$5001 TO $10000,REAR END,NDUNNSTEVARSITYLN,0,,2022-04-13 12:50:00,,,
BLOOMINGTON PD,B22-22651,MONROE,BLOOMINGTON,BLOOMINGTON,2,,0,0,0,,N KINSER PK,,,,,N KINSER PK,W VAUGHN CLIPP WAY,,,,Y,,0.0,,39.10745,-86.54985,,,,,URBAN,N,N,N,,DARK (LIGHTED),CLEAR,DRY,,T-INTERSECTION,,ASPHALT,FAILURE TO YIELD RIGHT OF WAY,$5001 TO $10000,RIGHT ANGLE,WVAUGHNCLIPPWAYNKINSERPK,0,,2022-06-16 22:45:00,,,
BLOOMINGTON PD,B22-08999,MONROE,PERRY,BLOOMINGTON,1,,1,0,0,,S COLLEGE MALL RD,,,,,S COLLEGE MALL RD,,,,,Y,,0.0,,39.16756291385437,-86.53869365201399,PRIVATE DR,,,,URBAN,N,N,N,,DAYLIGHT,CLEAR,DRY,,NO JUNCTION INVOLVED,,ASPHALT,UNSAFE BACKING,$5001 TO $10000,BACKING CRASH,SCOLLEGEMALLRD,0,,2022-03-17 15:50:00,,,