Agency,Local Code,County,Township,City,Vehicles Involved,Trailers Involved,Number Injured,Number Dead,Number Deer,House Number,Roadway Name,Roadway Suffix,Roadway Number,Roadway Interchange,Roadway Ramp,Roadway Id,Intersecting Road,Intersecting Road Number,Mile Marker,Interchange,Corporate Limits?,Property Type,Feet From,Direction,Latitude,Longitude,Roadway Class,Traffic Control Devices?,Aggressive Driving?,Hit and Run?,Locality,School Zone?,Rumble Strips?,Construction?,Construction Type,Light Condition,Weather Conditions,Surface Condition,Type of Median,Roadway Junction Type,Road Character,Roadway Surface,Primary Factor,Damage Estimate,Manner of Collision,Unique Location Id,State Property Damage?,Traffic Control,DateTime,Address Number,Cyclist Involved,Pedestrian Involved
BLOOMINGTON PD,B22-12059,MONROE,PERRY,BLOOMINGTON,2,,0,0,0,,S LIBERTY DR,,,,,S LIBERTY DR,W 3RD ST,,,,Y,,0.0,,39.15799620682114,-86.55761534855587,LOCAL/CITY RD,,,,URBAN,N,N,N,,DAYLIGHT,CLOUDY,DRY,,NO JUNCTION INVOLVED,,ASPHALT,FOLLOWING TOO CLOSELY,$1001 TO $2500,REAR END,W 3RDSTSLIBERTYDR,0,,2022-04-07 17:13:00,,,
BLOOMINGTON PD,B22-04941,MONROE,BLOOMINGTON,BLOOMINGTON,2,,0,0,0,,E KIRKWOOD AVE,,,,,E KIRKWOOD AVE,S GRANT ST,,,,Y,,0.0,,39.16418555065571,-86.49086082491634,LOCAL/CITY RD,,,,URBAN,N,N,N,,DAYLIGHT,CLOUDY,DRY,,NO JUNCTION INVOLVED,,ASPHALT,OTHER (DRIVER) - EXPLAIN IN NARRATIVE,$1001 TO $2500,OTHER - EXPLAIN IN NARRATIVE,SGRANTSTEKIRKWOODAVE,0,,2022-02-13 14:30:00,,,
BLOOMINGTON PD,B22-36625,MONROE,PERRY,BLOOMINGTON,2,,0,0,0,,W 2ND ST,,,,,W 2ND ST,S COLLEGE AVE,,,,Y,,0.0,,39.164164144654656,-86.4949783913196,LOCAL/CITY RD,,,,URBAN,N,N,N,,DAYLIGHT,CLOUDY,WET,,FOUR-WAY INTERSECTION,,ASPHALT,FAILURE TO YIELD RIGHT OF WAY,$2501 TO $5000,SAME DIRECTION SIDESWIPE,W 2NDSTSCOLLEGEAVE,0,,2022-09-11 14:51:00,,,
MONROE SD,M22A9370,MONROE,PERRY,BLOOMINGTON,2,,1,0,0,,ALLEN ST,,,,,ALLEN ST,RANSOM LN,,,,N,,0.0,,39.17188044,-86.51281712,LOCAL/CITY RD,,,,URBAN,N,N,N,,DARK (NOT LIGHTED),RAIN,WET,,T-INTERSECTION,,ASPHALT,LEFT OF CENTER,$10001 TO $25000,SAME DIRECTION SIDESWIPE,RANSOMLNALLENST,0,,2022-04-25 05:42:00,,,
MONROE SD,M22A19769,MONROE,VAN BUREN,BLOOMINGTON,2,,0,0,0,,W KARST FARM PARK DR,,,,,W KARST FARM PARK DR,S ENDWRIGHT RD,,,,N,,0.0,,39.14699195,-86.5257076,PRIVATE DR,,,,RURAL,N,N,N,,DAYLIGHT,CLEAR,DRY,,NO JUNCTION INVOLVED,,ASPHALT,UNSAFE BACKING,$2501 TO $5000,BACKING CRASH,WKARSTFARMPARKDRSENDWRIGHTRD,0,,2022-08-13 13:37:00,,,
INDIANA UNIV BLOOMINGTON PD,222408,MONROE,BLOOMINGTON,BLOOMINGTON,1,,0,0,0,,E 10TH ST,,,,,E 10TH ST,N FEE LN,,,,Y,,0.0,,39.165556593158385,-86.53365366457975,LOCAL/CITY RD,,,,URBAN,N,N,N,,DARK (LIGHTED),CLEAR,DRY,,NO JUNCTION INVOLVED,,ASPHALT,OTHER (DRIVER) - EXPLAIN IN NARRATIVE,$2501 TO $5000,RAN OFF RD,NFEELNE 10THST,0,,2022-07-17 03:24:00,,,
BLOOMINGTON PD,B2207894,MONROE,BLOOMINGTON,BLOOMINGTON,1,,1,0,0,,S MORTON ST,,,,,S MORTON ST,W 2ND ST,,,,Y,,0.0,,39.201486726577386,-86.55090726361624,LOCAL/CITY RD,,,,URBAN,N,N,N,,DARK (LIGHTED),CLEAR,DRY,,TRAIL CROSSINGS,,ASPHALT,FAILURE TO YIELD RIGHT OF WAY,UNDER $1001,RIGHT ANGLE,W 2NDSTSMORTONST,1,,2022-03-09 20:40:00,,,True
INDIANA UNIV BLOOMINGTON PD,222566,MONROE,BLOOMINGTON,BLOOMINGTON,2,,0,0,0,,ST RD 45,,,,,ST RD 45,E 10TH ST,,,,Y,,0.0,,39.24507633195754,-86.63520913824188,ST RD,,,,URBAN,N,N,N,,DAYLIGHT,CLEAR,DRY,,FOUR-WAY INTERSECTION,,ASPHALT,FOLLOWING TOO CLOSELY,$1001 TO $2500,REAR END,STATERD45E 10THST,0,,2022-08-08 08:05:00,,,
ELLETTSVILLE PD,E2201690,MONROE,RICHLAND,ELLETTSVILLE,1,0.0,0,0,0,,UNION VALLEY,RD,,,,UNION VALLEY,LYNWEST,,,,N,PRIVATE,,,39.136,-86.53712,COUNTY RD,,N,N,URBAN,N,N,N,,DAYLIGHT,RAIN,WET,,T-INTERSECTION,STRAIGHT/LEVEL,ASPHALT,OTHER (ENVIRONMENTAL) - EXPLAIN IN NARR,$1001 TO $2500,RAN OFF RD,LYNWESTDRUNIONVALLEYRD,0,NONE,2022-05-05 18:17:00,,,
INDIANA UNIV BLOOMINGTON PD,223189,MONROE,BLOOMINGTON,BLOOMINGTON,2,,0,0,0,,E 10TH ST,,,,,E 10TH ST,ST RD 45,,,,N,,0.0,,39.182961189799784,-86.52833932171718,ST RD,,,,URBAN,N,N,N,,DAYLIGHT,CLEAR,DRY,,FOUR-WAY INTERSECTION,,ASPHALT,FOLLOWING TOO CLOSELY,UNDER $1001,REAR END,STATERD45E 10THST,0,,2022-09-09 10:55:00,,,
MONROE SD,M22A4986,MONROE,PERRY,,2,,0,0,0,,E STIPP RD,,,,,E STIPP RD,HANDY RIDGE RD,,,,N,,0.0,,39.18242,-86.53774,COUNTY RD,,,,RURAL,N,N,N,,DARK (NOT LIGHTED),CLEAR,DRY,,NO JUNCTION INVOLVED,,ASPHALT,FAILURE TO MAINTAIN LN,$1001 TO $2500,OPPOSITE DIRECTION SIDESWIPE,HANDYRIDGERDESTIPPRD,0,,2022-03-02 19:16:00,,,
MONROE SD,M22A7737,MONROE,VAN BUREN,BLOOMINGTON,2,,0,0,0,2000,S LIBERTY DR,,,,,S LIBERTY DR,,,,,N,,0.0,,39.15766213050131,-86.49756668321149,PRIVATE DR,,,,URBAN,N,N,N,,DAWN/DUSK,RAIN,WET,,NO JUNCTION INVOLVED,,ASPHALT,DRIVER DISTRACTED - EXPLAIN IN NARRATIVE,$1001 TO $2500,REAR END,SLIBERTYDR,0,,2022-04-06 07:11:00,,,
BLOOMINGTON PD,B22-28903,MONROE,PERRY,BLOOMINGTON,2,,1,0,0,,SARE RD,,,,,SARE RD,WINSTON ST,,,,Y,,300.0,,39.15993,-86.55382,LOCAL/CITY RD,,,,URBAN,N,N,N,,DAYLIGHT,CLEAR,DRY,,NO JUNCTION INVOLVED,,ASPHALT,LEFT OF CENTER,$1001 TO $2500,OPPOSITE DIRECTION SIDESWIPE,WINSTONSTSARERD,0,,2022-07-28 13:15:00,,,
BLOOMINGTON PD,B22-32997,MONROE,PERRY,BLOOMINGTON,2,,0,0,0,,1519 S PIAZZA DR,,,,,S PIAZZA DR,,,,,Y,,0.0,,39.164569915106526,-86.57915565995617,PRIVATE DR,,,,URBAN,N,N,N,,DAYLIGHT,CLEAR,DRY,,NO JUNCTION INVOLVED,,ASPHALT,UNDER STEERING/UNDER CORRECTING,$2501 TO $5000,OPPOSITE DIRECTION SIDESWIPE,1519S.PIAZZADR,0,,2022-08-05 17:00:00,1519.0,,
BLOOMINGTON PD,B22-05443,MONROE,BLOOMINGTON,BLOOMINGTON,2,,1,0,0,,W 8TH ST,,,,,W 8TH ST,N COLLEGE AVE,,,,Y,,0.0,,39.16650567979577,-86.52980318663639,LOCAL/CITY RD,,,,URBAN,N,N,N,,DAYLIGHT,CLEAR,DRY,,NO JUNCTION INVOLVED,,ASPHALT,FOLLOWING TOO CLOSELY,$5001 TO $10000,REAR END,W8THSTNCOLLEGEAVE,0,,2022-02-18 13:20:00,,,
ISP BLOOMINGTON 33,2.022E+11,MONROE,CLEAR CREEK,BLOOMINGTON,1,,0,0,0,,ST RD 37,,,114,A,ST RD 37,,,,,N,,0.0,,39.161350853245764,-86.53503717205031,INTERSTATE,,,,RURAL,N,N,N,,DAYLIGHT,CLEAR,DRY,,RAMP,,ASPHALT,,$2501 TO $5000,RAN OFF RD,STATERD37114A,0,,2022-05-11 16:52:00,,,
BLOOMINGTON PD,B22-41298,MONROE,VAN BUREN,BLOOMINGTON,2,,1,0,0,,W 3RD ST,,,,,W 3RD ST,S LIBERTY DR,,,,Y,,0.0,,39.155869435911356,-86.55507769959634,LOCAL/CITY RD,,,,RURAL,N,N,N,,DAYLIGHT,CLEAR,DRY,,T-INTERSECTION,,CONCRETE,FAILURE TO YIELD RIGHT OF WAY,$2501 TO $5000,RIGHT ANGLE,W 3RDSTSLIBERTYDR,0,,2022-10-07 15:28:00,,True,
BLOOMINGTON PD,B22-06442,MONROE,BLOOMINGTON,BLOOMINGTON,2,,0,0,0,,S WASHINGTON ST,,,,,S WASHINGTON ST,E 3RD ST,,,,Y,,0.0,,39.140361333128425,-86.59637920498163,,,,,URBAN,N,N,N,,DAYLIGHT,CLEAR,DRY,,T-INTERSECTION,,ASPHALT,DISREGARD SIGNAL/REG SIGN,$1001 TO $2500,RIGHT ANGLE,SWASHINGTONSTE 3RDST,0,,2022-02-26 13:20:00,,,
BLOOMINGTON PD,B22-36583,MONROE,RICHLAND,BLOOMINGTON,2,,0,0,0,,W 3RD ST,,,,,W 3RD ST,ST RD 37,,,,Y,,0.0,,39.171565886576396,-86.51905584955138,ST RD,,,,URBAN,N,N,N,,DAYLIGHT,RAIN,WET,,FOUR-WAY INTERSECTION,,ASPHALT,FOLLOWING TOO CLOSELY,$1001 TO $2500,REAR END,W 3RDSTSTATERD37,0,,2022-09-11 08:55:00,,,
BLOOMINGTON PD,B22-09908,MONROE,RICHLAND,BLOOMINGTON,2,,1,0,0,,N GATES DR,,,,,N GATES DR,W JACOB DR,,,,Y,,0.0,,39.16133136006425,-86.5363476842949,,,,,RURAL,N,N,N,,DARK (LIGHTED),CLOUDY,WET,,T-INTERSECTION,,ASPHALT,FAILURE TO YIELD RIGHT OF WAY,$10001 TO $25000,LEFT TURN,WJACOBDRNGATESDR,0,,2022-03-23 20:50:00,,,
ISP BLOOMINGTON 33,2.022E+11,MONROE,CLEAR CREEK,BLOOMINGTON,1,,0,0,1,,ST RD 37 3800' N OF INGRAM RD,,,,,ST RD 37 3800' N OF INGRAM RD,,,,,N,,0.0,,39.1767813930644,-86.47848637743591,ST RD,,,,RURAL,N,N,N,,DARK (NOT LIGHTED),CLEAR,DRY,,NO JUNCTION INVOLVED,,ASPHALT,ANIMAL/OBJECT IN RDWAY,$2501 TO $5000,COLLISION WITH DEER,ST RD 373800'NORTHOFINGRAMRD,0,,2022-07-19 21:40:00,,,
BLOOMINGTON PD,B22-04178,MONROE,PERRY,BLOOMINGTON,2,,0,0,0,,PINEMEADOW DR,,,,,PINEMEADOW DR,W GRAHAM DR,,,,Y,,0.0,,39.21605,-86.5927,,,,,URBAN,N,N,N,,DAYLIGHT,CLEAR,ICE,,NO JUNCTION INVOLVED,,ASPHALT,OTHER (DRIVER) - EXPLAIN IN NARRATIVE,$2501 TO $5000,RIGHT ANGLE,WGRAHAMDRPINEMEADOWDR,0,,2022-02-06 16:00:00,,,
BLOOMINGTON PD,B22-27600,MONROE,BLOOMINGTON,BLOOMINGTON,2,,0,0,0,,E KIRKWOOD AVE,,,,,E KIRKWOOD AVE,,,,,Y,,0.0,,39.17160779760688,-86.50216185032679,PRIVATE DR,,,,URBAN,N,N,N,,DAYLIGHT,CLEAR,DRY,,NO JUNCTION INVOLVED,,ASPHALT,UNSAFE BACKING,$2501 TO $5000,BACKING CRASH,EKIRKWOODAVE,0,,2022-07-17 09:00:00,,,
ELLETTSVILLE PD,E2201691,MONROE,RICHLAND,ELLETTSVILLE,1,0.0,0,0,0,7821,,,ST RD 46 W,,,ST RD 46 W,,,,,Y,PRIVATE,,,39.0996864977104,-86.49385903846591,ST RD,,N,N,RURAL,N,N,N,,DAWN/DUSK,CLOUDY,WET,,NO JUNCTION INVOLVED,CURVE/LEVEL,ASPHALT,DRIVER DISTRACTED - EXPLAIN IN NARRATIVE,$5001 TO $10000,RAN OFF RD,ST RD 46 W,0,NONE,2022-05-05 20:11:00,,,
BLOOMINGTON PD,B22-04252,MONROE,PERRY,BLOOMINGTON,2,,0,0,0,,1175 S COLLEGE MALL RD,,,,,S COLLEGE MALL RD,,,,,Y,,0.0,,39.148421088358994,-86.57751284313032,,,,,URBAN,N,N,N,,DARK (LIGHTED),CLEAR,DRY,,NO JUNCTION INVOLVED,,ASPHALT,IMPROPER TURNING,$1001 TO $2500,SAME DIRECTION SIDESWIPE,1175SCOLLEGEMALLRD,0,,2022-02-07 19:15:00,1175.0,,
BLOOMINGTON PD,B22-04001,MONROE,RICHLAND,BLOOMINGTON,2,,0,0,0,,W JACOB DR,,,,,W JACOB DR,N JACOB DR,,,,N,,0.0,,39.14508,-86.49701,LOCAL/CITY RD,,,,RURAL,N,N,N,,DARK (LIGHTED),CLEAR,WET,,FOUR-WAY INTERSECTION,,CONCRETE,FAILURE TO YIELD RIGHT OF WAY,$1001 TO $2500,HEAD ON BETWEEN TWO MOTOR VEHICLES,WJACOBDRNJACOBDR,0,,2022-02-05 06:30:00,,,
BLOOMINGTON PD,B22-42168,MONROE,VAN BUREN,BLOOMINGTON,1,,0,0,0,,W ST RD 45,,,,,W ST RD 45,S HICKORY LEAF DR,,,,Y,,211.0,,0.0,0.0,ST RD,,,,URBAN,N,N,N,,DAYLIGHT,RAIN,WET,,NO JUNCTION INVOLVED,,ASPHALT,OVERCORRECTING/OVERSTEERING,$1001 TO $2500,RAN OFF RD,WSTATERD45SHICKORYLEAFDR,0,,2022-10-12 13:38:00,,,
BLOOMINGTON PD,B22-13826,MONROE,PERRY,BLOOMINGTON,2,,0,0,0,,S WALNUT ST,,,,,S WALNUT ST,E MILLER DR,,,,Y,,0.0,,39.16948606480473,-86.53485413942639,LOCAL/CITY RD,,,,URBAN,N,N,N,,DAYLIGHT,CLOUDY,DRY,,T-INTERSECTION,,ASPHALT,FAILURE TO YIELD RIGHT OF WAY,$1001 TO $2500,LEFT TURN,S.WALNUTSTEMILLERDR,0,,2022-04-20 10:37:00,,,
BLOOMINGTON PD,B2235181,MONROE,PERRY,BLOOMINGTON,1,,0,0,1,,E MOORES PK,,,,,E MOORES PK,E CAPE COD CT,,,,Y,,0.0,,39.10761829,-86.55727857,,,,,URBAN,N,N,N,,DAWN/DUSK,RAIN,WET,,NO JUNCTION INVOLVED,,ASPHALT,ANIMAL/OBJECT IN RDWAY,$1001 TO $2500,COLLISION WITH DEER,EMOORESPKECAPECODCT,0,,2022-09-03 08:00:00,,,
ISP BLOOMINGTON 33,2.022E+11,MONROE,CLEAR CREEK,SMITHVILLE(MONROE),1,,0,0,1,,ST RD 37,,,,,ST RD 37,SMITHVILLE RD,,,,N,,700.0,,39.16461,-86.57913,ST RD,,,,RURAL,N,N,N,,DARK (NOT LIGHTED),CLEAR,DRY,,NO JUNCTION INVOLVED,,ASPHALT,ANIMAL/OBJECT IN RDWAY,$1001 TO $2500,COLLISION WITH DEER,S ST RD 37MITHVILLERD,0,,2022-06-17 21:45:00,,,
BLOOMINGTON PD,B22-38948,MONROE,BLOOMINGTON,BLOOMINGTON,2,,2,0,0,,S CORY LN,,,,,S CORY LN,W 3RD ST,,,,Y,,0.0,,39.16458287917132,-86.53240671708942,,,,,URBAN,N,N,N,,DAYLIGHT,CLEAR,DRY,,FOUR-WAY INTERSECTION,,ASPHALT,DRIVER DISTRACTED - EXPLAIN IN NARRATIVE,$1001 TO $2500,REAR END,W 3RDSTSCORYLN,0,,2022-09-25 16:15:00,,,
MONROE SD,M22A12990,MONROE,RICHLAND,BLOOMINGTON,2,,0,0,0,,N THOMAS RD,,,,,N THOMAS RD,W RATLIFF RD,,,,N,,0.0,,39.16451470650581,-86.57330667017952,LOCAL/CITY RD,,,,RURAL,N,N,N,,DAYLIGHT,CLEAR,DRY,,T-INTERSECTION,,ASPHALT,ANIMAL/OBJECT IN RDWAY,$1001 TO $2500,COLLISION WITH OBJECT IN RD,WRATLIFFRDNTHOMASRD,0,,2022-06-03 14:30:00,,,
ELLETTSVILLE PD,E2202816,MONROE,RICHLAND,ELLETTSVILLE,2,0.0,0,0,0,7355,MAPLE GROVE WEST,RD,,,,MAPLE GROVE WEST,,,,,Y,,,,39.16557423682448,-86.57599203637865,OTHER,,N,N,URBAN,N,N,N,,DAYLIGHT,CLEAR,DRY,,NO JUNCTION INVOLVED,STRAIGHT/GRADE,ASPHALT,UNSAFE BACKING,$2501 TO $5000,BACKING CRASH,MAPLEGROVEWESTRD,0,NONE,2022-07-29 11:57:00,,,
BLOOMINGTON PD,B22-18659,MONROE,PERRY,BLOOMINGTON,1,,0,0,0,1175,S COLLEGE MALL RD,,,,,S COLLEGE MALL RD,,,,,Y,,0.0,,39.0036630273228,-86.5371138291707,PRIVATE DR,,,,URBAN,N,N,N,,DAYLIGHT,CLEAR,DRY,,NO JUNCTION INVOLVED,,ASPHALT,PEDESTRIAN ACTION,$1001 TO $2500,RIGHT ANGLE,S.COLLEGEMALLRD,1,,2022-05-20 16:19:00,,,True
BLOOMINGTON PD,B22-13515,MONROE,PERRY,BLOOMINGTON,2,,0,0,0,,W 2ND ST,,,,,W 2ND ST,S WALNUT ST,,,,Y,,0.0,,39.13733642109931,-86.54868166734629,LOCAL/CITY RD,,,,URBAN,N,N,N,,DAYLIGHT,CLOUDY,WET,,FOUR-WAY INTERSECTION,,ASPHALT,DISREGARD SIGNAL/REG SIGN,$2501 TO $5000,RIGHT ANGLE,W 2NDSTSWALNUTST,0,,2022-04-18 10:00:00,,,
MONROE SD,M22A7446,MONROE,PERRY,BLOOMINGTON,1,,0,0,1,,ST RD 37,,,,,ST RD 37,ST RD 37,,,,N,,0.0,,39.1662431556767,-86.53189350523586,ST RD,,,,RURAL,N,N,N,,DARK (NOT LIGHTED),CLEAR,DRY,,NO JUNCTION INVOLVED,,ASPHALT,ANIMAL/OBJECT IN RDWAY,$1001 TO $2500,COLLISION WITH DEER,STATERD37OLDSTATERD37,0,,2022-04-01 23:18:00,,,
BLOOMINGTON PD,B22-36801,MONROE,PERRY,BLOOMINGTON,2,,0,0,0,,2309 S ROCKPORT RD,,,,,S ROCKPORT RD,,,,,Y,,0.0,,39.25116153388426,-86.65251740757428,PRIVATE DR,,,,URBAN,N,N,N,,DAYLIGHT,CLOUDY,DRY,,NO JUNCTION INVOLVED,,CONCRETE,FAILURE TO YIELD RIGHT OF WAY,$2501 TO $5000,BACKING CRASH,2309SROCKPORTRD,0,,2022-09-12 17:56:00,2309.0,,
MONROE SD,M22A22327,MONROE,WASHINGTON,BLOOMINGTON,1,,0,0,0,,I-69,,,,,I-69,,,,,N,,0.0,,39.15352075263091,-86.49604293751477,INTERSTATE,,,,URBAN,N,Y,N,,DARK (NOT LIGHTED),RAIN,WET,,NO JUNCTION INVOLVED,,ASPHALT,SPEED TOO FAST FOR WEATHER CONDITIONS,$10001 TO $25000,SAME DIRECTION SIDESWIPE,I-69,0,,2022-09-10 20:44:00,,,
BLOOMINGTON PD,B22-06312,MONROE,PERRY,BLOOMINGTON,2,,0,0,0,,S PATTERSON DR,,,,,S PATTERSON DR,W 3RD ST,,,,Y,,0.0,,39.16564456170275,-86.57425871425983,LOCAL/CITY RD,,,,URBAN,N,N,N,,DAYLIGHT,CLOUDY,DRY,,FOUR-WAY INTERSECTION,,ASPHALT,FOLLOWING TOO CLOSELY,$10001 TO $25000,REAR END,W.3RDSTS.PATTERSONDR,0,,2022-02-25 13:59:00,,,
BLOOMINGTON PD,B22-31155,MONROE,BLOOMINGTON,BLOOMINGTON,2,,0,0,0,,W GOURLEY PK,,,,,W GOURLEY PK,W ARLINGTON RD,,,,Y,,0.0,,39.14499669288356,-86.57778163875378,,,,,URBAN,N,N,N,,DAYLIGHT,CLEAR,DRY,,T-INTERSECTION,,ASPHALT,FOLLOWING TOO CLOSELY,$1001 TO $2500,REAR END,WGOURLEYPKWARLINGTONRD,0,,2022-08-11 18:34:00,,,
ISP BLOOMINGTON 33,2.022E+11,MONROE,RICHLAND,ELLETTSVILLE,2,,0,0,0,,ST RD 46,,,,,ST RD 46,LAKEVIEW DR,,,,Y,,100.0,,39.14689,-86.53265,ST RD,,,,URBAN,N,N,N,,DAYLIGHT,CLOUDY,DRY,,NO JUNCTION INVOLVED,,ASPHALT,FAILURE TO YIELD RIGHT OF WAY,$2501 TO $5000,REAR END,ST RD 46LAKEVIEWDR,0,,2022-04-21 17:25:00,,,
MONROE SD,M22A9383,MONROE,PERRY,BLOOMINGTON,2,,2,0,0,,S ST RD 37,,,,,S ST RD 37,ST RD 37,,,,N,,0.0,,39.15047079243123,-86.50669066158645,ST RD,,,,RURAL,N,N,N,,DAYLIGHT,RAIN,WET,,FOUR-WAY INTERSECTION,,ASPHALT,DISREGARD SIGNAL/REG SIGN,$10001 TO $25000,RIGHT ANGLE,STATERD37SOLDSTATERD37,0,,2022-04-25 09:45:00,,,
MONROE SD,M22A3766,MONROE,CLEAR CREEK,BLOOMINGTON,1,,0,0,0,,S ST RD 37,,,,,S ST RD 37,W HOBART RD,,,,N,,800.0,,39.07096,-86.5364,LOCAL/CITY RD,,,,RURAL,N,N,N,,DARK (NOT LIGHTED),CLEAR,DRY,,T-INTERSECTION,,ASPHALT,OTHER (VEHICLE) - EXPLAIN IN NARRATIVE,$5001 TO $10000,RAN OFF RD,WHOBARTRDSOLDSTATERD37,0,,2022-02-16 19:34:00,,,
MONROE SD,M22A24450,MONROE,CLEAR CREEK,BLOOMINGTON,1,,0,0,0,,ST RD 37,,,,,ST RD 37,S ST RD 37,,,,N,,0.0,,39.16447706532111,-86.56015162148883,ST RD,,,,RURAL,N,N,N,,DAYLIGHT,CLEAR,DRY,,FOUR-WAY INTERSECTION,,ASPHALT,FOLLOWING TOO CLOSELY,$1001 TO $2500,REAR END,STATERD37SOLDSTATERD37,0,,2022-10-05 08:30:00,,,
BLOOMINGTON PD,B22-11678,MONROE,PERRY,BLOOMINGTON,2,,0,0,0,,700 W COUNTRY CLUB DR,,,,,W COUNTRY CLUB DR,S MILTON DR,,,,Y,,500.0,,39.21514972767196,-86.63043125473823,LOCAL/CITY RD,,,,URBAN,N,N,N,,DAYLIGHT,RAIN,WET,,NO JUNCTION INVOLVED,,ASPHALT,FOLLOWING TOO CLOSELY,$2501 TO $5000,REAR END,S.MILTONDR700BLKW.COUNTRYCLUBDR,0,,2022-04-05 08:55:00,700.0,,
BLOOMINGTON PD,B22-12070,MONROE,VAN BUREN,BLOOMINGTON,2,,0,0,0,,W 3RD ST,,,,,W 3RD ST,S LIBERTY DR,,,,N,,0.0,,,,LOCAL/CITY RD,,,,URBAN,N,N,N,,DAYLIGHT,CLEAR,DRY,,FOUR-WAY INTERSECTION,,ASPHALT,FAILURE TO MAINTAIN LN,$1001 TO $2500,HEAD ON BETWEEN TWO MOTOR VEHICLES,W 3RDSTSLIBERTYDR,0,,2022-04-07 18:41:00,,,
BLOOMINGTON PD,B22-15530,MONROE,BLOOMINGTON,BLOOMINGTON,2,,0,0,0,,W KIRKWOOD AVE,,,,,W KIRKWOOD AVE,S WALNUT ST,,,,Y,,0.0,,39.15367110125755,-86.49525010501218,LOCAL/CITY RD,,,,URBAN,N,N,N,,UNKNOWN,CLOUDY,DRY,,NO JUNCTION INVOLVED,,ASPHALT,UNSAFE BACKING,$2501 TO $5000,BACKING CRASH,WKIRKWOODAVESWALNUTST,0,,2022-04-29 19:12:00,,,
BLOOMINGTON PD,B22-32704,MONROE,PERRY,BLOOMINGTON,2,,0,0,0,,E COVENANTER DR,,,,,E COVENANTER DR,S COLLEGE MALL RD,,,,Y,,0.0,,39.161342613769264,-86.5336692468464,LOCAL/CITY RD,,,,URBAN,N,N,N,,DAYLIGHT,CLEAR,DRY,,FOUR-WAY INTERSECTION,,ASPHALT,UNSAFE LN MOVEMENT,$2501 TO $5000,SAME DIRECTION SIDESWIPE,SCOLLEGEMALLRDECOVENANTERDR,0,,2022-08-20 16:39:00,,,
BLOOMINGTON PD,B22-41088,MONROE,PERRY,BLOOMINGTON,2,,0,0,0,,S ST RD 37,,,,,S ST RD 37,S WALNUT ST PK,,,,N,,0.0,,39.18214990210564,-86.55693867107985,LOCAL/CITY RD,,,,URBAN,N,N,N,,DAYLIGHT,CLEAR,DRY,,NO JUNCTION INVOLVED,,ASPHALT,FOLLOWING TOO CLOSELY,$5001 TO $10000,REAR END,SWALNUTSTPKSOLDSTATERD37,0,,2022-10-06 15:41:00,,,
BLOOMINGTON PD,B22-12671,MONROE,BLOOMINGTON,BLOOMINGTON,2,,0,0,0,3900,E 3RD ST,,,,,E 3RD ST,,,,,Y,,0.0,,39.14330057944194,-86.54098057183924,PRIVATE DR,,,,URBAN,N,N,N,,DARK (NOT LIGHTED),CLEAR,WET,,NO JUNCTION INVOLVED,,ASPHALT,UNSAFE BACKING,$1001 TO $2500,BACKING CRASH,E 3RDST,0,,2022-04-11 21:50:00,,,
INDIANA UNIV BLOOMINGTON PD,224754,MONROE,BLOOMINGTON,BLOOMINGTON,2,,0,0,0,,E 3RD ST,,,,,E 3RD ST,S SWAIN AVE,,,,Y,,211.0,,39.257033823727845,-86.5258420631087,LOCAL/CITY RD,,,,URBAN,N,N,N,,DAWN/DUSK,CLEAR,DRY,,NO JUNCTION INVOLVED,,ASPHALT,FOLLOWING TOO CLOSELY,$2501 TO $5000,REAR END,SSWAINAVEE 3RDST,0,,2022-12-04 17:35:00,,,
ELLETTSVILLE PD,E22-04313,MONROE,RICHLAND,BLOOMINGTON,2,,1,0,0,,W ST RD 46,,,,,W ST RD 46,N SMITH PK,,,,N,,0.0,,39.16435261095135,-86.55196260304155,ST RD,,,,RURAL,N,N,N,,DAYLIGHT,CLEAR,DRY,,T-INTERSECTION,,ASPHALT,DISREGARD SIGNAL/REG SIGN,$10001 TO $25000,LEFT TURN,WSTATERD46NSMITHPK,0,,2022-10-21 15:00:00,,,
INDIANA UNIV BLOOMINGTON PD,224951,MONROE,BLOOMINGTON,BLOOMINGTON,2,,0,0,0,1021,E 3RD ST,,,,,E 3RD ST,,,,,Y,,0.0,,39.1864412319694,-86.55111763202233,PRIVATE DR,,,,URBAN,N,N,N,,DAYLIGHT,CLOUDY,DRY,,NO JUNCTION INVOLVED,,ASPHALT,OTHER (DRIVER) - EXPLAIN IN NARRATIVE,$2501 TO $5000,BACKING CRASH,E 3RDST,0,,2022-12-16 13:57:00,,,
MONROE SD,M22A28874,MONROE,RICHLAND,BLOOMINGTON,1,,0,0,0,,N CURRY PK,,,,,N CURRY PK,W WOODYARD,,,,N,,0.0,,39.22099761775871,-86.6054125121248,LOCAL/CITY RD,,,,RURAL,N,N,N,,DAYLIGHT,CLEAR,DRY,,NO JUNCTION INVOLVED,,ASPHALT,OTHER (DRIVER) - EXPLAIN IN NARRATIVE,$2501 TO $5000,REAR END,WWOODYARDRDNCURRYPK,0,,2022-11-25 09:50:00,,,