Agency,Local Code,County,Township,City,Vehicles Involved,Trailers Involved,Number Injured,Number Dead,Number Deer,House Number,Roadway Name,Roadway Suffix,Roadway Number,Roadway Interchange,Roadway Ramp,Roadway Id,Intersecting Road,Intersecting Road Number,Mile Marker,Interchange,Corporate Limits?,Property Type,Feet From,Direction,Latitude,Longitude,Roadway Class,Traffic Control Devices?,Aggressive Driving?,Hit and Run?,Locality,School Zone?,Rumble Strips?,Construction?,Construction Type,Light Condition,Weather Conditions,Surface Condition,Type of Median,Roadway Junction Type,Road Character,Roadway Surface,Primary Factor,Damage Estimate,Manner of Collision,Unique Location Id,State Property Damage?,Traffic Control,DateTime,Address Number,Cyclist Involved,Pedestrian Involved
MONROE SD,M22A11707,MONROE,BENTON,BLOOMINGTON,1,,0,0,0,,E BETHEL LN,,,,,E BETHEL LN,,,,,N,,0.0,,39.1732581191443,-86.519611408403,COUNTY RD,,,,RURAL,Y,N,N,,DARK (NOT LIGHTED),CLEAR,DRY,,NO JUNCTION INVOLVED,,ASPHALT,ANIMAL/OBJECT IN RDWAY,$10001 TO $25000,COLLISION WITH ANIMAL OTHER,EBETHELLN,0,,2022-05-20 23:33:00,,,
INDIANA UNIV BLOOMINGTON PD,223421,MONROE,BLOOMINGTON,BLOOMINGTON,2,,0,0,0,1320,E 10TH ST,,,,,E 10TH ST,,,,,Y,,0.0,,39.104729034072236,-86.54028434070834,PRIVATE DR,,,,URBAN,N,N,N,,DAYLIGHT,CLEAR,DRY,,NO JUNCTION INVOLVED,,ASPHALT,UNSAFE BACKING,$2501 TO $5000,BACKING CRASH,EAST10THST,0,,2022-09-20 17:45:00,,,
BLOOMINGTON PD,B22-42782,MONROE,BLOOMINGTON,BLOOMINGTON,2,,0,0,0,,S HENDERSON ST,,,,,S HENDERSON ST,E HILLSIDE DR,,,,Y,,0.0,,39.16426825599632,-86.52694467065214,LOCAL/CITY RD,,,,URBAN,N,N,N,,DAYLIGHT,CLEAR,DRY,,FOUR-WAY INTERSECTION,,ASPHALT,FOLLOWING TOO CLOSELY,UNDER $1001,REAR END,SHENDERSONSTEHILLSIDEDR,0,,2022-10-16 11:50:00,,,
ISP BLOOMINGTON 33,2.022E+11,MONROE,VAN BUREN,BLOOMINGTON,1,,0,0,0,,W ST RD 45,,,,,W ST RD 45,S DARRELL DR.,,,,N,,500.0,,39.17240899,-86.51285886,ST RD,,,,RURAL,N,N,N,,DARK (NOT LIGHTED),RAIN,WET,,NO JUNCTION INVOLVED,,ASPHALT,FAILURE TO MAINTAIN LN,$1001 TO $2500,RAN OFF RD,WSTATERD45SDARRELLDR.,0,,2022-09-03 20:52:00,,,
MONROE SD,M22A17879,MONROE,PERRY,BLOOMINGTON,2,,0,0,0,,S ROGERS,,,,,S ROGERS,THAT RD,,,,N,,0.0,,39.02870776,-86.40843544,LOCAL/CITY RD,,,,RURAL,N,N,N,,DAYLIGHT,CLEAR,DRY,,T-INTERSECTION,,ASPHALT,FAILURE TO YIELD RIGHT OF WAY,$5001 TO $10000,RIGHT ANGLE,THATRDSROGERS,0,,2022-07-24 14:30:00,,,
BLOOMINGTON PD,B22-33929,MONROE,BLOOMINGTON,BLOOMINGTON,2,,0,0,0,1918,W 3RD ST,,,,,W 3RD ST,,,,,Y,,0.0,,39.061832985544015,-86.53615123539733,PRIVATE DR,,,,URBAN,N,N,N,,DAYLIGHT,CLEAR,DRY,,NO JUNCTION INVOLVED,,ASPHALT,IMPROPER TURNING,UNDER $1001,OPPOSITE DIRECTION SIDESWIPE,W 3RDST,0,,2022-08-27 12:10:00,,,
BLOOMINGTON PD,B22-15914,MONROE,BLOOMINGTON,BLOOMINGTON,2,,0,0,0,,,,,,,,,,,,Y,,0.0,,39.164169309607296,-86.49497080649856,PRIVATE DR,,,,URBAN,N,N,N,,DAYLIGHT,CLEAR,DRY,,NO JUNCTION INVOLVED,,ASPHALT,UNSAFE BACKING,$1001 TO $2500,BACKING CRASH,,0,,2022-05-02 17:45:00,,,
BLOOMINGTON PD,B22-32297,MONROE,BLOOMINGTON,BLOOMINGTON,2,,0,0,0,,W 3RD ST,,,,,W 3RD ST,ON RAMP TO NB I-69,,,,Y,,0.0,,39.18629,-86.53163,ST RD,,,,URBAN,N,N,N,,DAYLIGHT,CLEAR,DRY,,FOUR-WAY INTERSECTION,,ASPHALT,FOLLOWING TOO CLOSELY,$2501 TO $5000,REAR END,W 3RDSTONRAMPTONBI-69,0,,2022-08-18 16:30:00,,,
INDIANA UNIV BLOOMINGTON PD,221262,MONROE,BLOOMINGTON,BLOOMINGTON,2,,0,0,0,,N FEE LN,,,,,N FEE LN,N FEE LN,,,,Y,,0.0,,39.15731079874015,-86.573305490319,LOCAL/CITY RD,,,,URBAN,N,N,N,,DAYLIGHT,RAIN,WET,,FOUR-WAY INTERSECTION,,ASPHALT,FAILURE TO YIELD RIGHT OF WAY,$1001 TO $2500,RIGHT ANGLE,NFEELNNFEELN,0,,2022-04-05 09:25:00,,,
BLOOMINGTON PD,B22-32503,MONROE,BLOOMINGTON,BLOOMINGTON,2,,0,0,0,,N COLLEGE AVE,,,,,N COLLEGE AVE,W 7TH ST,,,,Y,,0.0,,39.172021731859985,-86.51236027759327,LOCAL/CITY RD,,,,URBAN,N,N,N,,DAYLIGHT,CLEAR,DRY,,FOUR-WAY INTERSECTION,,ASPHALT,IMPROPER LN USAGE,$1001 TO $2500,SAME DIRECTION SIDESWIPE,W7THSTNCOLLEGEAVE,0,,2022-08-19 16:07:00,,,
MONROE SD,M22A21752,MONROE,CLEAR CREEK,BLOOMINGTON,1,,3,0,0,,S ST RD 37,,,,,S ST RD 37,W HOBART DR,,,,N,,0.0,,39.15051,-86.53367,COUNTY RD,,,,RURAL,N,N,N,,DAYLIGHT,CLOUDY,DRY,,T-INTERSECTION,,ASPHALT,UNSAFE SPEED,$25001 TO $50000,RAN OFF RD,WHOBARTDRS.OLDSTATERD37,0,,2022-09-04 14:15:00,,,
BLOOMINGTON PD,B22-14015,MONROE,PERRY,BLOOMINGTON,2,,0,0,0,,S WALNUT ST,,,,,S WALNUT ST,E GRIMES LN,,,,Y,,0.0,,39.32688,-86.47237,LOCAL/CITY RD,,,,URBAN,N,N,N,,DAYLIGHT,RAIN,WET,,FOUR-WAY INTERSECTION,,ASPHALT,UNSAFE LN MOVEMENT,$1001 TO $2500,SAME DIRECTION SIDESWIPE,S.WALNUTSTEGRIMESLN,0,,2022-04-21 11:57:00,,,
INDIANA UNIV BLOOMINGTON PD,222706,MONROE,BLOOMINGTON,BLOOMINGTON,2,,0,0,0,,N EAGLESON AVE,,,,,N EAGLESON AVE,,,,,Y,,0.0,,39.17011485124906,-86.50138153095772,PRIVATE DR,,,,URBAN,N,N,N,,DAYLIGHT,CLEAR,DRY,,NO JUNCTION INVOLVED,,ASPHALT,UNSAFE BACKING,$2501 TO $5000,SAME DIRECTION SIDESWIPE,NEAGLESON AVEAVE,0,,2022-08-19 14:00:00,,,
INDIANA UNIV BLOOMINGTON PD,223116,MONROE,BLOOMINGTON,BLOOMINGTON,2,,0,0,0,,N EAGLESON AVE,,,,,N EAGLESON AVE,E 17TH ST,,,,Y,,0.0,,39.16458732356862,-86.58297933517227,LOCAL/CITY RD,,,,URBAN,N,N,N,,UNKNOWN,CLEAR,DRY,,NO JUNCTION INVOLVED,,ASPHALT,UNSAFE LN MOVEMENT,UNDER $1001,SAME DIRECTION SIDESWIPE,NEAGLESON AVEAVEE17THST,0,,2022-09-01 18:00:00,,,
BLOOMINGTON PD,B22-22991,MONROE,BLOOMINGTON,BLOOMINGTON,2,,0,0,0,,W 6TH ST,,,,,W 6TH ST,N WALNUT ST,,,,Y,,0.0,,39.15048744486878,-86.51107961184852,LOCAL/CITY RD,,,,URBAN,N,N,N,,DARK (LIGHTED),CLEAR,DRY,,FOUR-WAY INTERSECTION,,ASPHALT,OTHER (DRIVER) - EXPLAIN IN NARRATIVE,$1001 TO $2500,OTHER - EXPLAIN IN NARRATIVE,W6THSTNWALNUTST,0,,2022-06-19 01:00:00,,,
BLOOMINGTON PD,B22-25982,MONROE,PERRY,BLOOMINGTON,2,,0,0,0,,W BLOOMFIELD RD,,,,,W BLOOMFIELD RD,W ALLEN ST,,,,Y,,0.0,,39.18592131569967,-86.51969049376588,LOCAL/CITY RD,,,,URBAN,N,N,N,,DAYLIGHT,RAIN,WET,,T-INTERSECTION,,ASPHALT,FAILURE TO YIELD RIGHT OF WAY,$2501 TO $5000,SAME DIRECTION SIDESWIPE,W.BLOOMFIELDRDW.ALLENST,0,,2022-07-08 12:15:00,,,
ISP BLOOMINGTON 33,2.022E+11,MONROE,VAN BUREN,BLOOMINGTON,1,,0,0,0,,W ST RD 45,,,,,W ST RD 45,S BUNGER RD,,,,N,,0.0,,39.09295,-86.54415,COUNTY RD,,,,RURAL,N,N,N,,DAYLIGHT,SNOW,SNOW/SLUSH,,FOUR-WAY INTERSECTION,,ASPHALT,SPEED TOO FAST FOR WEATHER CONDITIONS,$2501 TO $5000,RAN OFF RD,WSTATERD45SBUNGERRD,0,,2022-01-28 03:15:00,,,
MONROE SD,M22A10037,MONROE,RICHLAND,,1,,0,0,0,,W ST RD 48,,,,,W ST RD 48,W ST RD 43,,,,N,,950.0,,39.13602,-86.52688,,,,,RURAL,N,N,N,,DAWN/DUSK,RAIN,WET,,NO JUNCTION INVOLVED,,ASPHALT,SPEED TOO FAST FOR WEATHER CONDITIONS,$5001 TO $10000,RAN OFF RD,WSTATERD48WSTATERD43,0,,2022-05-03 07:07:00,,,
BLOOMINGTON PD,B22-33557,MONROE,BLOOMINGTON,BLOOMINGTON,2,,0,0,0,,ST RD 46,,,,,ST RD 46,E 3RD ST,,,,Y,,634.0,,39.16135966713394,-86.53363827219096,ST RD,,,,URBAN,N,N,N,,DAYLIGHT,CLEAR,DRY,,T-INTERSECTION,,ASPHALT,FOLLOWING TOO CLOSELY,$1001 TO $2500,REAR END,STATERD46E 3RDST,0,,2022-08-25 10:41:00,,,
BLOOMINGTON PD,B22-07014,MONROE,PERRY,BLOOMINGTON,1,,1,0,0,,S WALNUT ST PK,,,,,S WALNUT ST PK,E WINSLOW RD,,,,Y,,528.0,,39.21515322,-86.5099842,LOCAL/CITY RD,,,,URBAN,N,N,N,,DARK (LIGHTED),CLEAR,DRY,,NO JUNCTION INVOLVED,,ASPHALT,FAILURE TO MAINTAIN LN,$5001 TO $10000,RAN OFF RD,SWALNUTSTPKEWINSLOWRD,0,,2022-03-02 20:45:00,,,
ELLETTSVILLE PD,E2203517,MONROE,BEAN BLOSSOM,STINESVILLE,2,0.0,0,0,0,,N STINESVILLE,RD,,,,N STINESVILLE,W HEDRICK,,,,N,,,,39.17031814,-86.51651806,COUNTY RD,,N,N,RURAL,N,N,N,,DAYLIGHT,CLOUDY,DRY,,NO JUNCTION INVOLVED,STRAIGHT/LEVEL,ASPHALT,FAILURE TO YIELD RIGHT OF WAY,$2501 TO $5000,RIGHT ANGLE,NSTINESVILLERDWHEDRICKRD,0,STOP SIGN,2022-09-10 12:53:00,,,
BLOOMINGTON PD,B22-24342,MONROE,BLOOMINGTON,BLOOMINGTON,2,,1,0,0,,N KINSER PK,,,,,N KINSER PK,W WINDING WAY,,,,Y,,1000.0,,39.15056,-86.52692,LOCAL/CITY RD,,,,URBAN,N,N,N,,DAYLIGHT,CLEAR,DRY,,NO JUNCTION INVOLVED,,ASPHALT,FAILURE TO YIELD RIGHT OF WAY,$2501 TO $5000,LEFT TURN,W.WINDINGWAYN.KINSERPK,0,,2022-06-28 14:36:00,,,
INDIANA UNIV BLOOMINGTON PD,221551,MONROE,BLOOMINGTON,BLOOMINGTON,1,,0,0,1,,ST RD 45,,,,,ST RD 45,E 17TH ST,,,,Y,,0.0,,39.115078860725134,-86.62769312169777,ST RD,,,,RURAL,N,N,N,,DARK (LIGHTED),CLEAR,DRY,,NO JUNCTION INVOLVED,,ASPHALT,ANIMAL/OBJECT IN RDWAY,$1001 TO $2500,COLLISION WITH DEER,STATERD45E17THST,0,,2022-04-22 22:18:00,,,
ISP BLOOMINGTON 33,2.022E+11,MONROE,POLK,BLOOMINGTON,1,,0,0,1,,ST RD 446,,,,,ST RD 446,DUTCH RIDGE RD,,,,N,,1500.0,,39.11462,-86.53981,ST RD,,,,RURAL,N,N,N,,DAWN/DUSK,CLEAR,DRY,,NO JUNCTION INVOLVED,,ASPHALT,ANIMAL/OBJECT IN RDWAY,$2501 TO $5000,COLLISION WITH DEER,ST RD 446DUTCHRIDGERD,0,,2022-05-05 06:50:00,,,
MONROE SD,M22A2845,MONROE,RICHLAND,BLOOMINGTON,2,,0,0,0,750,N DANIELS WAY,,,,,N DANIELS WAY,,,,,N,,0.0,,39.16443077888627,-86.56018543205965,LOCAL/CITY RD,,,,RURAL,N,N,N,,DAYLIGHT,CLEAR,DRY,,NO JUNCTION INVOLVED,,ASPHALT,UNSAFE BACKING,$5001 TO $10000,RIGHT ANGLE,N.DANIELSWAY,0,,2022-02-06 09:00:00,,,
ISP BLOOMINGTON 33,2.022E+11,MONROE,PERRY,BLOOMINGTON,2,,0,0,0,,ST RD 37,,,,,ST RD 37,S ST RD 37,,,,N,,0.0,,39.16578957317653,-86.49974870011555,ST RD,,,,RURAL,N,N,N,,DAYLIGHT,CLEAR,DRY,,FOUR-WAY INTERSECTION,,ASPHALT,FOLLOWING TOO CLOSELY,$2501 TO $5000,REAR END,STATERD37SOLDSTATERD37,0,,2022-04-02 12:35:00,,,
ELLETTSVILLE PD,E22-03507,MONROE,RICHLAND,ELLETTSVILLE,2,,0,0,0,4727,ST RD 46,,,,,ST RD 46,,,,,Y,,0.0,,39.164591130145915,-86.58031371530386,PRIVATE DR,,,,URBAN,N,N,N,,DARK (NOT LIGHTED),CLEAR,DRY,,NO JUNCTION INVOLVED,,ASPHALT,UNSAFE BACKING,UNDER $1001,BACKING CRASH,STATERD46,0,,2022-09-09 23:57:00,,,
BLOOMINGTON PD,B22-35257,MONROE,PERRY,BLOOMINGTON,2,,1,0,0,,W 3RD ST,,,,,W 3RD ST,,,,,Y,,0.0,,39.17700394244522,-86.51885815174671,INTERSTATE,,,,URBAN,N,N,N,,DAYLIGHT,RAIN,WET,,INTERCHANGE,,ASPHALT,FAILURE TO YIELD RIGHT OF WAY,$2501 TO $5000,RIGHT ANGLE,W 3RDST,0,,2022-09-03 17:46:00,,,
BLOOMINGTON PD,B22-04486,MONROE,BLOOMINGTON,BLOOMINGTON,2,,0,0,0,,W 11TH ST,,,,,W 11TH ST,N MONROE ST,,,,N,,0.0,,39.16853794433744,-86.53486159126784,LOCAL/CITY RD,,,,URBAN,N,N,N,,DAYLIGHT,CLEAR,DRY,,FOUR-WAY INTERSECTION,,ASPHALT,FAILURE TO YIELD RIGHT OF WAY,$2501 TO $5000,SAME DIRECTION SIDESWIPE,W11THSTNMONROEST,0,,2022-02-09 16:15:00,,,
BLOOMINGTON PD,B2227930,MONROE,BLOOMINGTON,BLOOMINGTON,1,,0,0,0,2951,DISCOVERY PKWY,,,,,DISCOVERY PKWY,,,,,Y,,0.0,,39.014343364898565,-86.5385580967404,PRIVATE DR,,,,URBAN,N,N,N,,DAYLIGHT,CLEAR,DRY,,NO JUNCTION INVOLVED,,ASPHALT,OTHER (DRIVER) - EXPLAIN IN NARRATIVE,UNDER $1001,RAN OFF RD,DISCOVERYPKWY,0,,2022-07-21 08:00:00,,,
INDIANA UNIV BLOOMINGTON PD,221775,MONROE,BLOOMINGTON,BLOOMINGTON,2,,0,0,0,,ST RD 45,,,,,ST RD 45,E 10TH ST,,,,Y,,739.0,,39.153340898926274,-86.53373391001233,ST RD,,,,URBAN,N,N,N,,DAWN/DUSK,RAIN,WET,,FOUR-WAY INTERSECTION,,ASPHALT,SPEED TOO FAST FOR WEATHER CONDITIONS,$1001 TO $2500,REAR END,STATERD45E 10THST,0,,2022-05-05 20:48:00,,,
BLOOMINGTON PD,B22-22591,MONROE,PERRY,BLOOMINGTON,2,,0,0,0,,S WALNUT ST,,,,,S WALNUT ST,E DRISCOLL ST,,,,Y,,0.0,,39.18421783,-86.51777602,LOCAL/CITY RD,,,,URBAN,N,N,N,,DAYLIGHT,CLEAR,DRY,,T-INTERSECTION,,ASPHALT,FOLLOWING TOO CLOSELY,$2501 TO $5000,REAR END,S.WALNUTSTEDRISCOLLST,0,,2022-06-16 14:56:00,,,
INDIANA UNIV BLOOMINGTON PD,221991,MONROE,BLOOMINGTON,BLOOMINGTON,1,,1,0,0,,N EAGLESON AVE,,,,,N EAGLESON AVE,N FISHER CT,,,,Y,,0.0,,39.17145844040441,-86.53230260477562,LOCAL/CITY RD,,,,URBAN,N,N,N,,DAYLIGHT,CLOUDY,WET,,NO JUNCTION INVOLVED,,ASPHALT,IMPROPER PASSING,UNDER $1001,OTHER - EXPLAIN IN NARRATIVE,NEAGLESON AVEAVENFISHERCT,1,,2022-05-27 16:00:00,,,True
ELLETTSVILLE PD,E2204013,MONROE,RICHLAND,ELLETTSVILLE,2,,0,0,0,,W MAIN ST,,,,,W MAIN ST,N MATHEWS DR,,,,Y,,0.0,,39.17882,-86.51243,LOCAL/CITY RD,,,,URBAN,N,N,N,,DAYLIGHT,CLEAR,DRY,,FOUR-WAY INTERSECTION,,CONCRETE,DRIVER DISTRACTED - EXPLAIN IN NARRATIVE,$2501 TO $5000,REAR END,W MAINSTNMATHEWSDR,0,,2022-10-04 17:04:00,,,
ELLETTSVILLE PD,E22-03134,MONROE,RICHLAND,ELLETTSVILLE,2,,0,0,0,,W TEMPERANCE ST,,,,,W TEMPERANCE ST,N MATHEWS DR,,,,Y,,0.0,,39.16754280825503,-86.53363266186797,ST RD,,,,URBAN,N,N,N,,DAWN/DUSK,CLEAR,DRY,,T-INTERSECTION,,ASPHALT,UNSAFE LN MOVEMENT,$2501 TO $5000,SAME DIRECTION SIDESWIPE,WTEMPERANCESTNMATHEWSDR,0,,2022-08-19 19:08:00,,,
MONROE SD,M22A24330,MONROE,,BLOOMINGTON,2,,0,0,0,,E ST RD 46,,,,,E ST RD 46,N DOUBLIN DR,,,,N,,0.0,,39.15611,-86.56144,ST RD,,,,RURAL,N,N,N,,DARK (NOT LIGHTED),CLEAR,DRY,,NO JUNCTION INVOLVED,,ASPHALT,LEFT OF CENTER,$5001 TO $10000,HEAD ON BETWEEN TWO MOTOR VEHICLES,NDOUBLINDREST RD 46,0,,2022-10-04 04:01:00,,,
BLOOMINGTON PD,B22-17997,MONROE,BLOOMINGTON,BLOOMINGTON,2,,1,0,0,,W GOURLEY PK,,,,,W GOURLEY PK,N KINSER PK,,,,Y,,0.0,,39.12920613025063,-86.60429537723084,LOCAL/CITY RD,,,,URBAN,N,N,N,,DAYLIGHT,CLEAR,DRY,,FOUR-WAY INTERSECTION,,ASPHALT,FAILURE TO YIELD RIGHT OF WAY,$5001 TO $10000,RIGHT ANGLE,WGOURLEYPKNKINSERPK,0,,2022-05-16 19:39:00,,,
MONROE SD,M22A20791,MONROE,BLOOMINGTON,BLOOMINGTON,1,,1,0,0,,ST RD 45,,,,,ST RD 45,N PRAIRIE GREEN CT,,,,N,,0.0,,39.17057,-86.68146,ST RD,,,,RURAL,N,N,N,,DARK (NOT LIGHTED),CLEAR,DRY,,NO JUNCTION INVOLVED,,ASPHALT,CELL PHONE USAGE,$5001 TO $10000,RAN OFF RD,STATERD45NPRAIRIEGREENCT,0,,2022-08-24 23:39:00,,,
MONROE SD,M22A15606,MONROE,RICHLAND,BLOOMINGTON,3,,0,0,0,,N HARTSTRAIT RD,,,,,N HARTSTRAIT RD,SEKIU CT,,,,N,,0.0,,39.16433,-86.47207,COUNTY RD,,,,RURAL,N,N,N,,DAYLIGHT,CLEAR,DRY,,T-INTERSECTION,,ASPHALT,FOLLOWING TOO CLOSELY,$10001 TO $25000,REAR END,SEKIUCTNHARTSTRAITRD,0,,2022-06-30 03:22:00,,,
MONROE SD,M22A24084,MONROE,PERRY,BLOOMINGTON,2,,1,0,0,,E DILLMAN RD,,,,,E DILLMAN RD,S ST RD 37,,,,N,,0.0,,39.135942351425804,-86.52885348817209,,,,,RURAL,N,N,N,,DARK (NOT LIGHTED),CLEAR,DRY,,FOUR-WAY INTERSECTION,,ASPHALT,DRIVER DISTRACTED - EXPLAIN IN NARRATIVE,$1001 TO $2500,RIGHT ANGLE,SOLDSTATERD37EDILLMANRD,0,,2022-09-30 08:40:00,,,
BLOOMINGTON PD,B22-09834,MONROE,BLOOMINGTON,BLOOMINGTON,2,,0,0,0,,W ARLINGTON RD,,,,,W ARLINGTON RD,W GOURLEY PK,,,,Y,,0.0,,39.28162,-86.66311,LOCAL/CITY RD,,,,URBAN,N,N,N,,DAYLIGHT,CLOUDY,DRY,,T-INTERSECTION,,ASPHALT,OVERCORRECTING/OVERSTEERING,$2501 TO $5000,LEFT TURN,W.GOURLEYPKW.ARLINGTONRD,0,,2022-03-23 12:53:00,,,
BLOOMINGTON PD,B22-23391,MONROE,VAN BUREN,BLOOMINGTON,2,,2,0,0,,W 3RD ST,,,,,W 3RD ST,I-69 OVERPASS,,,,Y,,0.0,,39.198124499730696,-86.54215812883774,LOCAL/CITY RD,,,,URBAN,N,N,N,,DAYLIGHT,CLEAR,DRY,,FOUR-WAY INTERSECTION,,CONCRETE,FOLLOWING TOO CLOSELY,$5001 TO $10000,REAR END,W.3RDSTI-69OVERPASS,0,,2022-06-22 11:31:00,,,
BLOOMINGTON PD,B22-42087,MONROE,BLOOMINGTON,BLOOMINGTON,1,,0,0,0,,N MADISON ST,,,,,N MADISON ST,W KENWOOD DR,,,,Y,,0.0,,39.17971,-86.50727,LOCAL/CITY RD,,,,URBAN,N,N,N,,DARK (NOT LIGHTED),CLEAR,DRY,,T-INTERSECTION,,ASPHALT,UNSAFE LN MOVEMENT,$2501 TO $5000,OTHER - EXPLAIN IN NARRATIVE,WKENWOODDRNMADISONST,0,,2022-10-11 23:35:00,,,
BLOOMINGTON PD,B2215866,MONROE,BLOOMINGTON,BLOOMINGTON,2,,0,0,0,,N WALNUT,,,,,N WALNUT,ST RD 45/46 BYPASS,,,,Y,,0.0,,39.00515387329433,-86.39827649674675,ST RD,,,,URBAN,N,N,N,,DAYLIGHT,CLEAR,DRY,,FOUR-WAY INTERSECTION,,ASPHALT,FOLLOWING TOO CLOSELY,$2501 TO $5000,REAR END,ST RD 45/46BYPASSNWALNUT,0,,2022-05-02 12:20:00,,,
MONROE SD,M22A9192,MONROE,RICHLAND,BLOOMINGTON,2,,0,0,0,,W ST RD 46,,,,,W ST RD 46,N SMITH PK,,,,N,,0.0,,39.17387617216766,-86.59800123378547,,,,,URBAN,N,N,N,,DAYLIGHT,CLEAR,DRY,,FOUR-WAY INTERSECTION,,ASPHALT,FAILURE TO YIELD RIGHT OF WAY,$5001 TO $10000,LEFT TURN,WESTSTATERD46NORTHSMITHPK,0,,2022-04-23 07:54:00,,,
MONROE SD,M22A19821,MONROE,RICHLAND,BLOOMINGTON,1,,0,0,0,,N HARTSTRAIT RD,,,,,N HARTSTRAIT RD,W WALCOTT LN,,,,N,,845.0,,39.08526,-86.54273,COUNTY RD,,,,RURAL,N,N,N,,DARK (NOT LIGHTED),CLEAR,LOOSE MATERIAL ON RD,,NO JUNCTION INVOLVED,,ASPHALT,ANIMAL/OBJECT IN RDWAY,$5001 TO $10000,COLLISION WITH OBJECT IN RD,WWALCOTTLNNHARTSTRAITRD,0,,2022-08-14 04:00:00,,,
INDIANA UNIV BLOOMINGTON PD,222516,MONROE,BLOOMINGTON,BLOOMINGTON,2,,0,0,0,,ST RD 45,,,,,ST RD 45,WALKWAY,,,,Y,,0.0,,39.21662865148829,-86.59671263368213,ST RD,,,,URBAN,N,N,N,,DARK (NOT LIGHTED),CLEAR,DRY,,T-INTERSECTION,,ASPHALT,FAILURE TO YIELD RIGHT OF WAY,$5001 TO $10000,RIGHT TURN,WALKWAYSTATERD45,0,,2022-07-31 21:50:00,,,
BLOOMINGTON PD,B22-33085,MONROE,PERRY,BLOOMINGTON,2,,0,0,0,,S WOODSCREST DR,,,,,S WOODSCREST DR,S HILLSDALE DR,,,,Y,,0.0,,39.16456723,-86.57394529,PRIVATE DR,,,,URBAN,N,N,N,,DARK (NOT LIGHTED),CLEAR,DRY,,NO JUNCTION INVOLVED,,ASPHALT,OTHER (DRIVER) - EXPLAIN IN NARRATIVE,$1001 TO $2500,RIGHT TURN,SWOODSCRESTDRSHILLSDALEDR,0,,2022-08-22 22:50:00,,,
MONROE SD,M22A11732,MONROE,PERRY,BLOOMINGTON,1,,0,0,0,,I-69,,,,,I-69,N ST RD 37,,,,N,,528.0,,39.173228841163535,-86.54717982172566,ST RD,,,,RURAL,N,N,N,,DAYLIGHT,RAIN,WET,,INTERCHANGE,,ASPHALT,RDWAY SURFACE CONDITION,$5001 TO $10000,RAN OFF RD,NBUSINESS37I-69,0,,2022-05-21 10:31:00,,,
MONROE SD,M22A15722,MONROE,RICHLAND,BLOOMINGTON,1,,3,0,0,,W REEVES RD,,,,,W REEVES RD,,,,,N,,0.0,,39.17591100371824,-86.49179896485025,LOCAL/CITY RD,,,,RURAL,N,N,N,,DAYLIGHT,CLEAR,DRY,,T-INTERSECTION,,ASPHALT,OVERCORRECTING/OVERSTEERING,$10001 TO $25000,RAN OFF RD,WREEVESRD,0,,2022-06-30 17:30:00,,,
BLOOMINGTON PD,B22-06413,MONROE,BLOOMINGTON,BLOOMINGTON,1,,0,0,0,300,N WALNUT ST,,,,,N WALNUT ST,,,,,Y,,0.0,,39.1767489051649,-86.4784985418082,,,,,URBAN,N,N,N,,DARK (LIGHTED),CLEAR,DRY,,NO JUNCTION INVOLVED,,CONCRETE,OTHER (DRIVER) - EXPLAIN IN NARRATIVE,$1001 TO $2500,OTHER - EXPLAIN IN NARRATIVE,NWALNUTST,0,,2022-02-26 03:10:00,,,
MONROE SD,M22A10194,MONROE,CLEAR CREEK,BLOOMINGTON,1,,0,0,1,,ST RD 37,,,,,ST RD 37,ZIKES RD S,,,,N,,0.0,,39.15245,-86.5337,ST RD,,,,RURAL,N,N,N,,DARK (NOT LIGHTED),CLEAR,DRY,,NO JUNCTION INVOLVED,,ASPHALT,ANIMAL/OBJECT IN RDWAY,$5001 TO $10000,COLLISION WITH DEER,ZIKESRDSSTATERD37,0,,2022-05-04 09:26:00,,,
BLOOMINGTON PD,B22-27693,MONROE,VAN BUREN,BLOOMINGTON,2,,6,0,0,,W 3RD ST,,,,,W 3RD ST,S CURRY PK,,,,Y,,0.0,,39.1837368657437,-86.51690427248724,LOCAL/CITY RD,,,,URBAN,N,N,N,,DAYLIGHT,CLEAR,DRY,,FOUR-WAY INTERSECTION,,ASPHALT,FAILURE TO YIELD RIGHT OF WAY,$25001 TO $50000,RIGHT ANGLE,W 3RDSTSCURRYPK,0,,2022-07-19 17:54:00,,,
ISP BLOOMINGTON 33,2.022E+11,MONROE,PERRY,BLOOMINGTON,1,,0,0,0,,I-69,,,,,I-69,,,106.5,,N,,581.0,,39.23595037550877,-86.62501676368001,INTERSTATE,,,,RURAL,N,N,N,,DAYLIGHT,RAIN,WET,,NO JUNCTION INVOLVED,,ASPHALT,FAILURE TO MAINTAIN LN,$25001 TO $50000,,I-69106.5,0,,2022-04-13 14:33:00,,,
BLOOMINGTON PD,B2218174,MONROE,BLOOMINGTON,BLOOMINGTON,2,,0,0,0,,S WILLIAMSBURG DR,,,,,S WILLIAMSBURG DR,,,,,Y,,0.0,,39.23479933255386,-86.62632684999451,PRIVATE DR,,,,URBAN,N,N,N,,DAYLIGHT,CLEAR,DRY,,NO JUNCTION INVOLVED,,ASPHALT,UNSAFE BACKING,$1001 TO $2500,BACKING CRASH,SWILLIAMSBURGDR,0,,2022-05-14 10:00:00,,,