Agency,Local Code,County,Township,City,Vehicles Involved,Trailers Involved,Number Injured,Number Dead,Number Deer,House Number,Roadway Name,Roadway Suffix,Roadway Number,Roadway Interchange,Roadway Ramp,Roadway Id,Intersecting Road,Intersecting Road Number,Mile Marker,Interchange,Corporate Limits?,Property Type,Feet From,Direction,Latitude,Longitude,Roadway Class,Traffic Control Devices?,Aggressive Driving?,Hit and Run?,Locality,School Zone?,Rumble Strips?,Construction?,Construction Type,Light Condition,Weather Conditions,Surface Condition,Type of Median,Roadway Junction Type,Road Character,Roadway Surface,Primary Factor,Damage Estimate,Manner of Collision,Unique Location Id,State Property Damage?,Traffic Control,DateTime,Address Number,Cyclist Involved,Pedestrian Involved
BLOOMINGTON PD,B22-03963,MONROE,BLOOMINGTON,BLOOMINGTON,2,,0,0,0,,310 W 12TH ST,,,,,W 12TH ST,N ASHLYNN PARK DR,,,,Y,,300.0,,39.15053,-86.52261,LOCAL/CITY RD,,,,URBAN,N,N,N,,DAYLIGHT,CLEAR,ICE,,NO JUNCTION INVOLVED,,ASPHALT,RDWAY SURFACE CONDITION,$1001 TO $2500,RIGHT ANGLE,NASHLYNNPARKDR310W.12THST,0,,2022-02-05 12:21:00,310.0,,
BLOOMINGTON PD,B22-13076,MONROE,BLOOMINGTON,BLOOMINGTON,2,,0,0,0,,N JACKSON ST,,,,,N JACKSON ST,W 7TH ST,,,,Y,,25.0,,39.16105215167873,-86.52264394341674,LOCAL/CITY RD,,,,URBAN,N,N,N,,DAYLIGHT,CLEAR,DRY,,NO JUNCTION INVOLVED,,ASPHALT,FAILURE TO MAINTAIN LN,$2501 TO $5000,OPPOSITE DIRECTION SIDESWIPE,W7THSTNJACKSONST,0,,2022-04-14 16:45:00,,,
BLOOMINGTON PD,B22-14781,MONROE,PERRY,BLOOMINGTON,2,,0,0,0,,S WALNUT ST,,,,,S WALNUT ST,E 3RD ST,,,,Y,,0.0,,,,LOCAL/CITY RD,,,,URBAN,N,N,N,,DAYLIGHT,RAIN,WET,,FOUR-WAY INTERSECTION,,ASPHALT,UNSAFE LN MOVEMENT,$1001 TO $2500,LEFT TURN,S.WALNUTSTE 3RDST,0,,2022-04-25 08:09:00,,,
INDIANA UNIV BLOOMINGTON PD,223323,MONROE,BLOOMINGTON,BLOOMINGTON,2,,0,0,0,,N UNION ST,,,,,N UNION ST,,,,,Y,,0.0,,39.1607328890646,-86.54848856308578,PRIVATE DR,,,,URBAN,N,N,N,,DAYLIGHT,CLEAR,DRY,,NO JUNCTION INVOLVED,,ASPHALT,OTHER (DRIVER) - EXPLAIN IN NARRATIVE,$1001 TO $2500,OTHER - EXPLAIN IN NARRATIVE,NUNIONST,0,,2022-09-15 11:30:00,,,
BLOOMINGTON PD,B22-41920,MONROE,PERRY,BLOOMINGTON,2,,0,0,0,,1501 S MADISON ST,,,,,S MADISON ST,,,,,Y,,0.0,,39.13076663250537,-86.50183706143383,PRIVATE DR,,,,URBAN,N,N,N,,DAYLIGHT,CLEAR,DRY,,NO JUNCTION INVOLVED,,GRAVEL,UNSAFE BACKING,$1001 TO $2500,BACKING CRASH,1501S.MADISONST,0,,2022-10-11 08:40:00,1501.0,,
MONROE SD,M22A17344,MONROE,BLOOMINGTON,BLOOMINGTON,2,,0,0,0,1200,S ROLLING RIDGE WAY,,,,,S ROLLING RIDGE WAY,,,,,N,,0.0,,39.10671741414018,-86.54026138360314,PRIVATE DR,,,,URBAN,N,N,N,,DAYLIGHT,CLEAR,DRY,,NO JUNCTION INVOLVED,,ASPHALT,UNSAFE BACKING,$5001 TO $10000,BACKING CRASH,SROLLINGRIDGEWAY,0,,2022-07-19 09:40:00,,,
BLOOMINGTON PD,B22-25471,MONROE,BLOOMINGTON,BLOOMINGTON,1,,0,0,0,,W 14TH ST,,,,,W 14TH ST,N WALNUT ST,,,,Y,,0.0,,39.17161862518331,-86.50216196027826,LOCAL/CITY RD,,,,URBAN,N,N,Y,LN CLOSURE,DAYLIGHT,CLEAR,DRY,,NO JUNCTION INVOLVED,,ASPHALT,FAILURE TO MAINTAIN LN,$2501 TO $5000,COLLISION WITH OBJECT IN RD,W14THSTNWALNUTST,0,,2022-07-05 13:45:00,,,
INDIANA UNIV BLOOMINGTON PD,222538,MONROE,BLOOMINGTON,BLOOMINGTON,2,,0,0,0,,E 10TH ST,,,,,E 10TH ST,E 10TH ST,,,,Y,,0.0,,39.14417119182357,-86.46691944428629,,,,,URBAN,N,N,N,,DARK (NOT LIGHTED),CLOUDY,DRY,,FOUR-WAY INTERSECTION,,ASPHALT,FOLLOWING TOO CLOSELY,$1001 TO $2500,REAR END,E 10THSTE 10THST,0,,2022-08-03 21:27:00,,,
BLOOMINGTON PD,B22-13559,MONROE,BLOOMINGTON,BLOOMINGTON,2,,0,0,0,,W 6TH ST,,,,,W 6TH ST,N MORTON ST,,,,Y,,0.0,,39.22335529335471,-86.59272164410487,LOCAL/CITY RD,,,,URBAN,N,N,Y,WORK ON SHOULDER,DAYLIGHT,CLOUDY,WET,,NO JUNCTION INVOLVED,,ASPHALT,OTHER (DRIVER) - EXPLAIN IN NARRATIVE,$10001 TO $25000,RIGHT ANGLE,W6THSTNMORTONST,0,,2022-04-18 16:17:00,,,
MONROE SD,M22A11090,MONROE,PERRY,BLOOMINGTON,2,,0,0,0,,E ROGERS ST,,,,,E ROGERS ST,SADDLEBROOK LN,,,,N,,211.0,,39.15048,-86.50843,LOCAL/CITY RD,,,,RURAL,N,N,N,,DAYLIGHT,RAIN,WATER (STANDING OR MOVING),,NO JUNCTION INVOLVED,,ASPHALT,SPEED TOO FAST FOR WEATHER CONDITIONS,$25001 TO $50000,REAR END,SADDLEBROOKLNEROGERSRD,0,,2022-05-14 13:01:00,,,
BLOOMINGTON PD,B22-34529,MONROE,BLOOMINGTON,BLOOMINGTON,2,,1,0,0,,E 3RD ST,,,,,E 3RD ST,S PARK RIDGE RD,,,,Y,,0.0,,39.1797741013721,-86.54080146496524,,,,,URBAN,N,N,N,,DAYLIGHT,CLEAR,DRY,,FOUR-WAY INTERSECTION,,ASPHALT,FAILURE TO YIELD RIGHT OF WAY,$2501 TO $5000,RIGHT ANGLE,SPARKRIDGERDE 3RDST,0,,2022-08-30 19:26:00,,,
MONROE SD,M22A15281,MONROE,INDIAN CREEK,BLOOMINGTON,1,,0,0,0,,I-69,,,,,I-69,,,105.0,,N,,0.0,,39.22317387734273,-86.6091234349741,INTERSTATE,,,,RURAL,N,Y,N,,DAYLIGHT,CLEAR,DRY,,NO JUNCTION INVOLVED,,ASPHALT,OTHER (VEHICLE) - EXPLAIN IN NARRATIVE,$5001 TO $10000,OTHER - EXPLAIN IN NARRATIVE,I-69105,0,,2022-06-27 19:28:00,,,
BLOOMINGTON PD,B22-06591,MONROE,BLOOMINGTON,BLOOMINGTON,2,,0,0,0,,W 10TH ST,,,,,W 10TH ST,N WALNUT ST,,,,Y,,0.0,,39.17393022853862,-86.51894125513786,LOCAL/CITY RD,,,,URBAN,N,N,N,,DAYLIGHT,CLEAR,DRY,,FOUR-WAY INTERSECTION,,ASPHALT,FAILURE TO YIELD RIGHT OF WAY,$2501 TO $5000,SAME DIRECTION SIDESWIPE,W10THSTNWALNUTST,0,,2022-02-27 15:40:00,,,
MONROE SD,M22A16460,MONROE,PERRY,BLOOMINGTON,1,,0,0,0,2801,S ROGERS ST,,,,,S ROGERS ST,,,,,Y,,0.0,,39.15367965554269,-86.49529441016514,PRIVATE DR,,,,URBAN,N,N,N,,DAYLIGHT,CLEAR,DRY,,NO JUNCTION INVOLVED,,ASPHALT,UNSAFE BACKING,UNDER $1001,BACKING CRASH,SROGERSST,0,,2022-07-09 14:00:00,,,
BLOOMINGTON PD,B22-29719,MONROE,BLOOMINGTON,BLOOMINGTON,2,,0,0,0,,N KINSER PK,,,,,N KINSER PK,ST RD 46,,,,Y,,0.0,,39.23198047340946,-86.62718919535867,LOCAL/CITY RD,,,,URBAN,N,N,N,,DAYLIGHT,CLOUDY,DRY,,FOUR-WAY INTERSECTION,,ASPHALT,FOLLOWING TOO CLOSELY,$1001 TO $2500,REAR END,STATERD46NKINSERPK,0,,2022-08-02 16:49:00,,,
ELLETTSVILLE PD,E22-02396,MONROE,RICHLAND,ELLETTSVILLE,2,,0,0,0,,CENTENNIAL DR,,,,,CENTENNIAL DR,W ST RD 46,,,,Y,,0.0,,39.20762092875454,-86.57991056000859,ST RD,,,,URBAN,N,N,N,,DAYLIGHT,RAIN,WET,,FOUR-WAY INTERSECTION,,ASPHALT,SPEED TOO FAST FOR WEATHER CONDITIONS,UNDER $1001,REAR END,WSTATERD46CENTENNIALDR,0,,2022-08-06 14:30:00,,,
INDIANA UNIV BLOOMINGTON PD,223918,MONROE,BLOOMINGTON,BLOOMINGTON,2,,0,0,0,,E ATWATER AVE,,,,,E ATWATER AVE,S FACULTY AVE,,,,Y,,0.0,,39.27284193103295,-86.45990264575505,LOCAL/CITY RD,,,,URBAN,N,N,N,,DAYLIGHT,CLOUDY,DRY,,NO JUNCTION INVOLVED,,ASPHALT,FOLLOWING TOO CLOSELY,$2501 TO $5000,REAR END,SFACULTYAVEEATWATERAVE,0,,2022-10-12 16:20:00,,,
MONROE SD,M22A9503,MONROE,RICHLAND,BLOOMINGTON,2,,0,0,0,,W ST RD 46,,,,,W ST RD 46,W ST RD 46,,,,N,,0.0,,-7.085012511470603e-06,-4.049441396985686e-05,LOCAL/CITY RD,,,,URBAN,N,N,N,,DAYLIGHT,CLEAR,DRY,,FOUR-WAY INTERSECTION,,ASPHALT,FAILURE TO YIELD RIGHT OF WAY,$2501 TO $5000,LEFT/RIGHT TURN,WSTATERD46 WSTATERD46,0,,2022-04-26 16:33:00,,,
MONROE SD,M22A3887,MONROE,VAN BUREN,BLOOMINGTON,2,,0,0,0,,W BELLE AVE,,,,,W BELLE AVE,S HICKORY DR,,,,N,,0.0,,39.1697236,-86.59643211,LOCAL/CITY RD,,,,URBAN,N,N,N,,DAYLIGHT,CLEAR,LOOSE MATERIAL ON RD,,NO JUNCTION INVOLVED,,ASPHALT,FOLLOWING TOO CLOSELY,$5001 TO $10000,REAR END,WBELLEAVESHICKORYDR,0,,2022-02-18 00:00:00,,,
INDIANA UNIV BLOOMINGTON PD,223108,MONROE,BLOOMINGTON,BLOOMINGTON,2,,0,0,0,,N EAGLESON AVE,,,,,N EAGLESON AVE,N EAGLESON AVE,,,,Y,,0.0,,39.13632179981974,-86.54878958124827,PRIVATE DR,,,,URBAN,N,N,N,,DAYLIGHT,CLOUDY,DRY,,NO JUNCTION INVOLVED,,ASPHALT,OTHER (DRIVER) - EXPLAIN IN NARRATIVE,$1001 TO $2500,REAR END,NEAGLESON AVEAVENEAGLESON AVEAVE,0,,2022-09-06 09:00:00,,,
BLOOMINGTON PD,B22-39707,MONROE,BLOOMINGTON,BLOOMINGTON,2,,0,0,0,,W 3RD ST,,,,,W 3RD ST,S LIBERTY DR,,,,Y,,0.0,,39.16101678024699,-86.51642632898412,LOCAL/CITY RD,,,,URBAN,N,N,N,,DAYLIGHT,CLEAR,DRY,,FOUR-WAY INTERSECTION,,ASPHALT,DISREGARD SIGNAL/REG SIGN,$10001 TO $25000,RIGHT ANGLE,W 3RDSTSLIBERTYDR,0,,2022-09-29 07:09:00,,,
BLOOMINGTON PD,B22-39590,MONROE,PERRY,BLOOMINGTON,3,,1,0,0,,S SMITH RD,,,,,S SMITH RD,E HAGAN ST,,,,Y,,0.0,,39.174,-86.53689,LOCAL/CITY RD,,,,URBAN,N,N,N,,DAYLIGHT,CLEAR,DRY,,T-INTERSECTION,,ASPHALT,FAILURE TO MAINTAIN LN,$25001 TO $50000,OTHER - EXPLAIN IN NARRATIVE,SSMITHRDEHAGANST,0,,2022-09-28 16:45:00,,,
BLOOMINGTON PD,B22-41174,MONROE,PERRY,BLOOMINGTON,2,,0,0,0,458,E MELROSE AVE,,,,,E MELROSE AVE,,,,,N,,0.0,,39.16857550466006,-86.5398567037524,PRIVATE DR,,,,URBAN,N,N,N,,DARK (LIGHTED),CLOUDY,DRY,,NO JUNCTION INVOLVED,,ASPHALT,UNSAFE BACKING,$1001 TO $2500,BACKING CRASH,EMELROSEAVE,0,,2022-10-06 20:00:00,,,
MONROE SD,M22A22368,MONROE,PERRY,BLOOMINGTON,2,,0,0,0,4025,S ST RD 37,,,,,S ST RD 37,,,,,N,,0.0,,39.16458157306421,-86.53366219168927,PRIVATE DR,,,,RURAL,N,N,N,,DAYLIGHT,CLOUDY,WET,,NO JUNCTION INVOLVED,,ASPHALT,UNSAFE BACKING,$1001 TO $2500,BACKING CRASH,SOLD37,0,,2022-09-11 14:31:00,,,
INDIANA UNIV BLOOMINGTON PD,224524,MONROE,BLOOMINGTON,BLOOMINGTON,2,,0,0,0,,E 3RD ST,,,,,E 3RD ST,BALLANTINE RD,,,,Y,,0.0,,39.17300213,-86.50899581,LOCAL/CITY RD,,,,URBAN,N,N,N,,DAYLIGHT,CLOUDY,DRY,,NO JUNCTION INVOLVED,,ASPHALT,FAILURE TO YIELD RIGHT OF WAY,$5001 TO $10000,SAME DIRECTION SIDESWIPE,E 3RDSTBALLANTINERD,0,,2022-11-16 16:50:00,,,
MONROE SD,M22A27913,MONROE,VAN BUREN,BLOOMINGTON,1,,0,0,0,3585,W ST RD 45,,,,,W ST RD 45,,,,,N,,0.0,,-4.2672888565540795e-05,-5.051083346307377e-06,PRIVATE DR,,,,URBAN,N,N,N,,DAYLIGHT,CLEAR,DRY,,NO JUNCTION INVOLVED,,ASPHALT,IMPROPER TURNING,$5001 TO $10000,RIGHT TURN,WESTSTATERD45,0,,2022-11-13 17:07:00,,,
DNR LAW ENFORCEMENT,HQ-22-00132,MONROE,BEAN BLOSSOM,BLOOMINGTON,1,,0,0,0,,FOREST RD,,,,,FOREST RD,SERVICE RD,,,,N,,0.0,,,,COUNTY RD,,,,RURAL,N,N,N,,DAYLIGHT,RAIN,WET,,NO JUNCTION INVOLVED,,ASPHALT,OTHER (DRIVER) - EXPLAIN IN NARRATIVE,$10001 TO $25000,RAN OFF RD,SERVICERDFORESTRD,0,,2022-10-31 11:00:00,,,
BLOOMINGTON PD,B22-43592,MONROE,VAN BUREN,BLOOMINGTON,2,,0,0,0,,W 3RD ST,,,,,W 3RD ST,S LIBERTY DR,,,,Y,,250.0,,39.175911348721854,-86.53357012382996,LOCAL/CITY RD,,,,URBAN,N,N,N,,DAYLIGHT,CLEAR,DRY,,T-INTERSECTION,,ASPHALT,FAILURE TO YIELD RIGHT OF WAY,$2501 TO $5000,RIGHT ANGLE,W 3RDSTSLIBERTYDR,0,,2022-10-19 17:00:00,,,
BLOOMINGTON PD,B22-48299,MONROE,PERRY,BLOOMINGTON,2,,0,0,0,,S ROGERS ST,,,,,S ROGERS ST,W PROSPECT ST,,,,Y,,0.0,,39.17162,-86.50215,LOCAL/CITY RD,,,,URBAN,N,N,N,,DARK (NOT LIGHTED),CLEAR,DRY,,FOUR-WAY INTERSECTION,,ASPHALT,OTHER (DRIVER) - EXPLAIN IN NARRATIVE,$5001 TO $10000,REAR END,WPROSPECTSTSROGERSST,0,,2022-11-19 22:23:00,,,
BLOOMINGTON PD,B22-52607,MONROE,PERRY,BLOOMINGTON,2,,0,0,0,,2910 W 3RD ST,,,,,W 3RD ST,,,,,Y,,0.0,,39.16754758419283,-86.53614154995358,PRIVATE DR,,,,URBAN,N,N,N,,DAYLIGHT,CLOUDY,DRY,,NO JUNCTION INVOLVED,,ASPHALT,UNSAFE BACKING,$1001 TO $2500,BACKING CRASH,2910W.3RDST,0,,2022-12-19 11:00:00,2910.0,,
MONROE SD,M22A30117,MONROE,PERRY,BLOOMINGTON,2,,1,0,0,,S ROCKPORT RD,,,,,S ROCKPORT RD,W HENNESSEY ST,,,,Y,,0.0,,39.13576,-86.48732,COUNTY RD,,,,URBAN,N,N,N,,DARK (NOT LIGHTED),RAIN,WET,,Y-INTERSECTION,,ASPHALT,SPEED TOO FAST FOR WEATHER CONDITIONS,$10001 TO $25000,OPPOSITE DIRECTION SIDESWIPE,WHENNESSEYSTSROCKPORTRD,0,,2022-12-08 20:56:00,,,
BLOOMINGTON PD,B22-47733,MONROE,VAN BUREN,BLOOMINGTON,2,,0,0,0,350,N GATES DR; LOWES,,,,,N GATES DR,,,,,Y,,0.0,,39.164176016851115,-86.47629684596454,PRIVATE DR,,,,URBAN,N,N,N,,DAYLIGHT,CLEAR,DRY,,NO JUNCTION INVOLVED,,ASPHALT,UNSAFE BACKING,$1001 TO $2500,BACKING CRASH,NGATESDR;LOWES,0,,2022-11-15 17:30:00,,,
MONROE SD,M22A30534,MONROE,BLOOMINGTON,BLOOMINGTON,2,,0,0,0,,I-69,,,,,I-69,,,,,Y,,0.0,,39.05007258555111,-86.68005794769006,INTERSTATE,,,,URBAN,N,N,N,,DAYLIGHT,RAIN,WET,,NO JUNCTION INVOLVED,,ASPHALT,IMPROPER LN USAGE,$2501 TO $5000,SAME DIRECTION SIDESWIPE,I-69,0,,2022-12-14 13:15:00,,,
ELLETTSVILLE PD,E22-04697,MONROE,RICHLAND,ELLETTSVILLE,1,,0,0,1,,W ST RD 46,,,,,W ST RD 46,N CAPITOL AVE,,,,Y,,370.0,,39.17164931548899,-86.53358388439331,ST RD,,,,URBAN,N,N,N,,DARK (NOT LIGHTED),CLOUDY,DRY,,NO JUNCTION INVOLVED,,ASPHALT,ANIMAL/OBJECT IN RDWAY,$10001 TO $25000,COLLISION WITH DEER,WSTATERD46NCAPITOLAVE,0,,2022-11-12 00:50:00,,,
BLOOMINGTON PD,B22-45349,MONROE,RICHLAND,BLOOMINGTON,2,,0,0,0,,W 3RD ST,,,,,W 3RD ST,I-69,,,,Y,,0.0,,39.13569647833097,-86.53826291239433,LOCAL/CITY RD,,,,URBAN,N,N,N,,DAYLIGHT,RAIN,WATER (STANDING OR MOVING),,FOUR-WAY INTERSECTION,,ASPHALT,RDWAY SURFACE CONDITION,$1001 TO $2500,LEFT TURN,W 3RDSTI-69,0,,2022-10-30 12:23:00,,,
MONROE SD,M22A31122,MONROE,BLOOMINGTON,BLOOMINGTON,1,,0,0,0,,W ARLINGTON RD,,,,,W ARLINGTON RD,HUNTER LN,,,,Y,,0.0,,39.18642,-86.53771,LOCAL/CITY RD,,,,URBAN,N,N,N,,DAYLIGHT,SNOW,SNOW/SLUSH,,NO JUNCTION INVOLVED,,ASPHALT,RDWAY SURFACE CONDITION,$10001 TO $25000,RAN OFF RD,WARLINGTONRDHUNTERLN,0,,2022-12-23 07:45:00,,,
BLOOMINGTON PD,B22-44963,MONROE,PERRY,BLOOMINGTON,2,,0,0,0,,S COLLEGE AVE,,,,,S COLLEGE AVE,W 1ST,,,,Y,,0.0,,39.209938889383125,-86.58272670144503,LOCAL/CITY RD,,,,URBAN,N,N,N,,DAYLIGHT,CLEAR,DRY,,FOUR-WAY INTERSECTION,,ASPHALT,FAILURE TO YIELD RIGHT OF WAY,$5001 TO $10000,SAME DIRECTION SIDESWIPE,W1STSTSCOLLEGEAVE,0,,2022-10-28 11:00:00,,,
MONROE SD,M22A29092,MONROE,WASHINGTON,BLOOMINGTON,2,,0,0,0,,N ST RD 37,,,,,N ST RD 37,,,,,N,,0.0,,39.163068667307805,-86.52108038217112,ST RD,,,,RURAL,N,N,N,,DARK (NOT LIGHTED),RAIN,WET,,NO JUNCTION INVOLVED,,ASPHALT,ANIMAL/OBJECT IN RDWAY,$25001 TO $50000,COLLISION WITH OBJECT IN RD,NOLDSTATERD37,0,,2022-11-28 05:48:00,,,
BLOOMINGTON PD,B22-36634,MONROE,BLOOMINGTON,BLOOMINGTON,1,,1,0,0,,E KIRKWOOD AVE,,,,,E KIRKWOOD AVE,S WASHINGTON ST,,,,Y,,0.0,,39.207584539760944,-86.5799137622293,LOCAL/CITY RD,,,,URBAN,N,N,N,,DAYLIGHT,RAIN,WET,,FOUR-WAY INTERSECTION,,ASPHALT,FOLLOWING TOO CLOSELY,UNDER $1001,REAR END,SWASHINGTONSTEKIRKWOODAVE,1,,2022-09-11 16:18:00,,,
MONROE SD,M22A29544,MONROE,CLEAR CREEK,BLOOMINGTON,1,,0,0,0,,S ST RD 37,,,90,E,S ST RD 37,E MONROE DAM RD RAMP,,,,N,,0.0,,39.1633,-86.58586,ST RD,,,,RURAL,N,Y,N,,DAYLIGHT,CLEAR,DRY,,RAMP,,CONCRETE,UNSAFE SPEED,$10001 TO $25000,RAN OFF RD,SSTATERD37090EEMONROEDAMRDRAMP,0,,2022-12-02 12:02:00,,,
ISP BLOOMINGTON 33,2.022E+11,MONROE,INDIAN CREEK,BLOOMINGTON,1,,0,0,0,,I-69,,,,,I-69,,,105.5,,N,,0.0,,39.16694036468622,-86.51613842069979,INTERSTATE,,,,RURAL,N,N,N,,DARK (NOT LIGHTED),CLEAR,DRY,,NO JUNCTION INVOLVED,,CONCRETE,FAILURE TO MAINTAIN LN,$10001 TO $25000,RAN OFF RD,I-69105.5,0,,2022-11-01 20:30:00,,,
ELLETTSVILLE PD,E22-04636,MONROE,RICHLAND,ELLETTSVILLE,2,,0,0,0,,ST RD 46,,,,,ST RD 46,UNION VALLEY RD,,,,Y,,0.0,,39.16461,-86.57913,ST RD,,,,URBAN,N,N,N,,DAWN/DUSK,CLEAR,DRY,,FOUR-WAY INTERSECTION,,ASPHALT,FOLLOWING TOO CLOSELY,$1001 TO $2500,REAR END,UNIONVALLEYRDST RD 46,0,,2022-11-09 06:57:00,,,
MONROE SD,M22A30273,MONROE,BENTON,BLOOMINGTON,1,,0,0,0,,ST RD 45,,,,,ST RD 45,MARTIN DR,,,,N,,0.0,,39.16294,-86.48079,ST RD,,,,RURAL,N,N,N,,DARK (NOT LIGHTED),RAIN,WET,,T-INTERSECTION,,ASPHALT,SPEED TOO FAST FOR WEATHER CONDITIONS,$2501 TO $5000,RAN OFF RD,STATERD45MARTINDR,0,,2022-12-10 21:11:00,,,
BLOOMINGTON PD,B22-51894,MONROE,BLOOMINGTON,BLOOMINGTON,2,,0,0,0,,S OVERHILL DR,,,,,S OVERHILL DR,E 3RD ST,,,,Y,,0.0,,39.149114102582466,-86.52883938211741,LOCAL/CITY RD,,,,URBAN,N,N,N,,DAYLIGHT,RAIN,WET,,T-INTERSECTION,,ASPHALT,FOLLOWING TOO CLOSELY,$2501 TO $5000,REAR END,SOVERHILLDRE 3RDST,0,,2022-12-14 14:22:00,,,
ISP BLOOMINGTON 33,2.02201E+11,MONROE,CLEAR CREEK,BLOOMINGTON,2,,0,0,1,,ST RD 37,,,,,ST RD 37,INGRAM RD,,,,N,,500.0,,39.12025298682744,-86.5294677352943,ST RD,,,,RURAL,N,N,N,,DAYLIGHT,CLOUDY,DRY,,NO JUNCTION INVOLVED,,ASPHALT,ANIMAL/OBJECT IN RDWAY,$5001 TO $10000,COLLISION WITH DEER,ST RD 37INGRAMRD,0,,2022-12-19 10:30:00,,,
BLOOMINGTON PD,B22-52290,MONROE,BLOOMINGTON,BLOOMINGTON,2,,0,0,0,,N WALNUT ST,,,,,N WALNUT ST,ST RD 46,,,,Y,,0.0,,39.16424796494603,-86.5191599844388,LOCAL/CITY RD,,,,URBAN,N,N,N,,DARK (LIGHTED),CLEAR,DRY,,FOUR-WAY INTERSECTION,,ASPHALT,FOLLOWING TOO CLOSELY,UNDER $1001,REAR END,STATERD46NWALNUTST,0,,2022-12-16 18:02:00,,,
DNR LAW ENFORCEMENT,05-22-02030,MONROE,BLOOMINGTON,BLOOMINGTON,2,,0,0,0,,W 17TH ST,,,,,W 17TH ST,N JACKSON ST,,,,Y,,0.0,,39.14159608,-86.58021657,LOCAL/CITY RD,,,,URBAN,N,N,N,,DAYLIGHT,CLEAR,DRY,,NO JUNCTION INVOLVED,,ASPHALT,FAILURE TO YIELD RIGHT OF WAY,$2501 TO $5000,HEAD ON BETWEEN TWO MOTOR VEHICLES,W17THSTNJACKSONST,0,,2022-11-07 11:00:00,,,
INDIANA UNIV BLOOMINGTON PD,224139,MONROE,BLOOMINGTON,BLOOMINGTON,2,,0,0,0,,N FEE LN,,,,,N FEE LN,E 17TH ST,,,,Y,,0.0,,39.32494637409473,-86.41909686906274,PRIVATE DR,,,,URBAN,N,N,N,,DAYLIGHT,CLOUDY,DRY,,NO JUNCTION INVOLVED,,ASPHALT,UNSAFE BACKING,$1001 TO $2500,BACKING CRASH,NFEELNE17THST,0,,2022-10-22 15:30:00,,,
BLOOMINGTON PD,B22-48857,MONROE,PERRY,BLOOMINGTON,2,,0,0,0,,S LIBERTY DR,,,,,S LIBERTY DR,W CONSTITUTION AVE,,,,Y,,106.0,,39.16461,-86.57913,LOCAL/CITY RD,,,,URBAN,N,N,N,,DAYLIGHT,CLEAR,DRY,,T-INTERSECTION,,ASPHALT,FOLLOWING TOO CLOSELY,$25001 TO $50000,REAR END,WCONSTITUTIONAVESLIBERTYDR,0,,2022-11-23 14:44:00,,,
BLOOMINGTON PD,B22-43668,MONROE,BLOOMINGTON,BLOOMINGTON,2,,0,0,0,1150,S CLARIZ BLVD,,,,,S CLARIZ BLVD,,,,,Y,,0.0,,39.16368292104781,-86.5387376246611,,,,,URBAN,N,N,N,,DARK (LIGHTED),CLEAR,DRY,,NO JUNCTION INVOLVED,,ASPHALT,IMPROPER TURNING,$1001 TO $2500,LEFT TURN,SCLARIZBLVD,0,,2022-10-21 00:25:00,,,
BLOOMINGTON PD,B22-50016,MONROE,BLOOMINGTON,BLOOMINGTON,2,,0,0,0,,E 10TH ST,,,,,E 10TH ST,DECKARD DR,,,,Y,,50.0,,0.0,0.0,LOCAL/CITY RD,,,,URBAN,Y,N,N,,DAYLIGHT,CLOUDY,DRY,,FOUR-WAY INTERSECTION,,ASPHALT,FAILURE TO YIELD RIGHT OF WAY,$2501 TO $5000,RIGHT ANGLE,E 10THSTDECKARDDR,0,,2022-12-02 09:22:00,,,
MONROE SD,M22A24293,MONROE,VAN BUREN,BLOOMINGTON,2,,0,0,0,,W ST RD 45,,,,,W ST RD 45,W AIRPORT RD,,,,N,,0.0,,39.12817627482592,-86.55672352954335,,,,,RURAL,N,N,N,,DAYLIGHT,CLEAR,DRY,,NO JUNCTION INVOLVED,,CONCRETE,UNSAFE BACKING,$1001 TO $2500,BACKING CRASH,WSTATERD45 WAIRPORTRD,0,,2022-10-03 14:48:00,,,
INDIANA UNIV BLOOMINGTON PD,224212,MONROE,BLOOMINGTON,BLOOMINGTON,2,,0,0,0,,E 3RD ST,,,,,E 3RD ST,S HAWTHORNE DR,,,,Y,,0.0,,39.17031067227981,-86.57466276423133,LOCAL/CITY RD,,,,URBAN,N,N,N,,DAYLIGHT,CLOUDY,WET,,FOUR-WAY INTERSECTION,,ASPHALT,UNSAFE LN MOVEMENT,$10001 TO $25000,SAME DIRECTION SIDESWIPE,SHAWTHORNEDRE 3RDST,0,,2022-10-30 17:53:00,,,
BLOOMINGTON PD,B22-51581,MONROE,BLOOMINGTON,BLOOMINGTON,2,,0,0,0,,S KIMBLE DR,,,,,S KIMBLE DR,W 3RD ST,,,,Y,,0.0,,39.078985524600775,-86.53723615391382,LOCAL/CITY RD,,,,URBAN,N,N,N,,DAYLIGHT,CLEAR,DRY,,FOUR-WAY INTERSECTION,,ASPHALT,DISREGARD SIGNAL/REG SIGN,$5001 TO $10000,RIGHT ANGLE,W 3RDSTSKIMBLEDR,0,,2022-12-12 16:31:00,,,
BLOOMINGTON PD,B22-50359,MONROE,BLOOMINGTON,BLOOMINGTON,2,,0,0,0,,W ARLINGTON RD,,,,,W ARLINGTON RD,W 20TH ST,,,,Y,,0.0,,39.14787,-86.52691,LOCAL/CITY RD,,,,URBAN,N,N,N,,DAYLIGHT,CLEAR,DRY,,T-INTERSECTION,,ASPHALT,FAILURE TO YIELD RIGHT OF WAY,$5001 TO $10000,RIGHT ANGLE,WARLINGTONRDW20THST,0,,2022-12-04 14:51:00,,,