Agency,Local Code,County,Township,City,Vehicles Involved,Trailers Involved,Number Injured,Number Dead,Number Deer,House Number,Roadway Name,Roadway Suffix,Roadway Number,Roadway Interchange,Roadway Ramp,Roadway Id,Intersecting Road,Intersecting Road Number,Mile Marker,Interchange,Corporate Limits?,Property Type,Feet From,Direction,Latitude,Longitude,Roadway Class,Traffic Control Devices?,Aggressive Driving?,Hit and Run?,Locality,School Zone?,Rumble Strips?,Construction?,Construction Type,Light Condition,Weather Conditions,Surface Condition,Type of Median,Roadway Junction Type,Road Character,Roadway Surface,Primary Factor,Damage Estimate,Manner of Collision,Unique Location Id,State Property Damage?,Traffic Control,DateTime,Address Number,Cyclist Involved,Pedestrian Involved
BLOOMINGTON PD,B22-45772,MONROE,BLOOMINGTON,BLOOMINGTON,2,,0,0,0,,2300 N WALNUT,,,,,N WALNUT,,,,,Y,,0.0,,39.17676382888898,-86.47848006996621,PRIVATE DR,,,,URBAN,N,N,N,,DARK (LIGHTED),CLEAR,DRY,,NO JUNCTION INVOLVED,,ASPHALT,IMPROPER TURNING,$2501 TO $5000,OPPOSITE DIRECTION SIDESWIPE,2300NWALNUT,0,,2022-11-02 01:40:00,2300.0,,
INDIANA UNIV BLOOMINGTON PD,224461,MONROE,BLOOMINGTON,BLOOMINGTON,2,,0,0,0,,E 10TH ST,,,,,E 10TH ST,N CAMPBELL ST,,,,Y,,0.0,,39.10859737209679,-86.6383234001528,LOCAL/CITY RD,,,,URBAN,N,Y,N,,DAYLIGHT,SNOW,WET,,T-INTERSECTION,,ASPHALT,FOLLOWING TOO CLOSELY,$1001 TO $2500,REAR END,NCAMPBELLSTE 10THST,0,,2022-11-12 12:30:00,,,
BLOOMINGTON PD,B22-48343,MONROE,BLOOMINGTON,BLOOMINGTON,2,,0,0,0,,E VARSITY LN,,,,,E VARSITY LN,N DUNN ST,,,,Y,,0.0,,39.18625900674669,-86.53324613288937,PRIVATE DR,,,,URBAN,N,N,N,,DAYLIGHT,CLEAR,ICE,,T-INTERSECTION,,ASPHALT,OTHER (DRIVER) - EXPLAIN IN NARRATIVE,$2501 TO $5000,RIGHT ANGLE,NDUNNSTEVARSITYLN,0,,2022-11-20 15:02:00,,,
MONROE SD,M22A28892,MONROE,RICHLAND,ELLETTSVILLE,2,,0,0,0,,ST RD 46,,,,,ST RD 46,W RAINTREE LN,,,,Y,,0.0,,39.15383,-86.54109,ST RD,,,,URBAN,N,N,N,,DAYLIGHT,CLEAR,DRY,,NO JUNCTION INVOLVED,,ASPHALT,FAILURE TO MAINTAIN LN,$1001 TO $2500,SAME DIRECTION SIDESWIPE,WRAINTREELNSTATERD46,0,,2022-11-25 16:23:00,,,
MONROE SD,M22A27178,MONROE,RICHLAND,BLOOMINGTON,2,,0,0,0,,N CURRY PK,,,,,N CURRY PK,W VERNAL PK,,,,N,,0.0,,39.171611679530656,-86.50242050889445,LOCAL/CITY RD,,,,URBAN,N,N,N,,DAYLIGHT,CLEAR,DRY,,FOUR-WAY INTERSECTION,,ASPHALT,INSECURE/LEAKY LOAD,$5001 TO $10000,RIGHT ANGLE,WVERNALPKNCURRYPK,0,,2022-11-05 09:19:00,,,
BLOOMINGTON PD,B22-48242,MONROE,,BLOOMINGTON,3,,0,0,0,,WASHINGTON ST,,,,,WASHINGTON ST,WILSON ST,,,,Y,,0.0,,39.22645,-86.48992,LOCAL/CITY RD,,,,URBAN,N,N,N,,DAYLIGHT,CLEAR,DRY,,FOUR-WAY INTERSECTION,,ASPHALT,FAILURE TO YIELD RIGHT OF WAY,$10001 TO $25000,RIGHT ANGLE,WILSONSTWASHINGTONST,0,,2022-11-19 12:49:00,,,
BLOOMINGTON PD,B22-54050,MONROE,BLOOMINGTON,BLOOMINGTON,2,,0,0,0,,N KINSER PK,,,,,N KINSER PK,W GOURLEY PK,,,,Y,,0.0,,39.158078166171805,-86.4979081556568,LOCAL/CITY RD,,,,URBAN,N,N,N,,DAYLIGHT,CLEAR,DRY,,FOUR-WAY INTERSECTION,,ASPHALT,DISREGARD SIGNAL/REG SIGN,$1001 TO $2500,RIGHT ANGLE,WGOURLEYPKNKINSERPK,0,,2022-12-31 16:09:00,,,
MONROE SD,M22A31472,MONROE,RICHLAND,BLOOMINGTON,3,,0,0,0,,W 3RD ST,,,,,W 3RD ST,S PARK SQUARE DR,,,,N,,0.0,,39.0603229,-86.54089622,COUNTY RD,,,,RURAL,N,N,N,,DARK (NOT LIGHTED),CLOUDY,DRY,,FOUR-WAY INTERSECTION,,ASPHALT,FOLLOWING TOO CLOSELY,$10001 TO $25000,REAR END,W 3RDSTSPARKSQUAREDR,0,,2022-12-28 18:44:00,,,
BLOOMINGTON PD,B22-52622,MONROE,BLOOMINGTON,BLOOMINGTON,1,,1,0,0,,2813 E 3RD ST,,,,,E 3RD ST,,,,,Y,,0.0,,39.17283216811987,-86.53544728549537,PRIVATE DR,,,,URBAN,N,N,N,,DAYLIGHT,CLOUDY,DRY,,NO JUNCTION INVOLVED,,ASPHALT,VIEW OBSTRUCTED,UNDER $1001,LEFT TURN,2813E 3RDST,1,,2022-12-19 13:27:00,2813.0,,True
ISP BLOOMINGTON 33,2.02201E+11,MONROE,SALT CREEK,BLOOMINGTON,1,,1,0,0,,ST RD 46,,,,,ST RD 46,CONARD DR,,,,N,,1000.0,,39.17436,-86.53358,ST RD,,,,RURAL,N,N,N,,DAYLIGHT,SNOW,SNOW/SLUSH,,NO JUNCTION INVOLVED,,ASPHALT,FAILURE TO MAINTAIN LN,UNDER $1001,RAN OFF RD,ST RD 46CONARDDR,0,,2022-12-26 10:30:00,,,
ELLETTSVILLE PD,E22-05238,MONROE,RICHLAND,ELLETTSVILLE,2,,0,0,0,,ST RD 46,,,,,ST RD 46,UNION VALLEY RD,,,,Y,,0.0,,39.332155827034065,-86.51405093686134,ST RD,,,,URBAN,N,N,N,,DARK (NOT LIGHTED),CLOUDY,WET,,FOUR-WAY INTERSECTION,,ASPHALT,FOLLOWING TOO CLOSELY,$1001 TO $2500,REAR TO REAR,UNIONVALLEYRDSTATERD46,0,,2022-12-15 07:21:00,,,
BLOOMINGTON PD,B22-48142,MONROE,PERRY,BLOOMINGTON,2,,3,0,0,,S ST RD 37,,,,,S ST RD 37,E BURKS DR,,,,Y,,0.0,,39.17162,-86.50215,LOCAL/CITY RD,,,,URBAN,N,N,N,,DAYLIGHT,CLEAR,DRY,,T-INTERSECTION,,ASPHALT,FOLLOWING TOO CLOSELY,$10001 TO $25000,REAR END,SOLDSTATERD37EBURKSDR,0,,2022-11-18 18:44:00,,,
BLOOMINGTON PD,B22-45503,MONROE,PERRY,BLOOMINGTON,2,,0,0,0,,S COLLEGE MALL RD,,,,,S COLLEGE MALL RD,E 2ND ST,,,,Y,,317.0,,39.161333547361075,-86.53366892158554,LOCAL/CITY RD,,,,URBAN,N,N,N,,DAYLIGHT,CLOUDY,WET,,FOUR-WAY INTERSECTION,,ASPHALT,FOLLOWING TOO CLOSELY,$2501 TO $5000,REAR END,SCOLLEGEMALLRDE 2NDST,0,,2022-10-31 15:14:00,,,
ISP BLOOMINGTON 33,2.02201E+11,MONROE,BLOOMINGTON,BLOOMINGTON,1,,0,0,0,,I-69,,,,,I-69,,,,,Y,,0.0,,39.16077804193258,-86.53542324797554,INTERSTATE,,,,URBAN,N,N,N,,DARK (LIGHTED),CLEAR,WET,,INTERCHANGE,,ASPHALT,FAILURE TO MAINTAIN LN,$5001 TO $10000,SAME DIRECTION SIDESWIPE,I-69,0,,2022-12-24 17:55:00,,,
BLOOMINGTON PD,B22-50788,MONROE,PERRY,BLOOMINGTON,2,,0,0,0,,S ROGERS ST,,,,,S ROGERS ST,COUNTRY CLUB DR,,,,Y,,500.0,,39.1687,-86.51389,LOCAL/CITY RD,,,,URBAN,N,N,N,,DAYLIGHT,CLOUDY,WET,,FOUR-WAY INTERSECTION,,ASPHALT,FOLLOWING TOO CLOSELY,$1001 TO $2500,REAR END,S.ROGERSSTCOUNTRYCLUBDR,0,,2022-12-07 12:25:00,,,
BLOOMINGTON PD,B22-53100,MONROE,PERRY,BLOOMINGTON,2,,0,0,0,,2900 W 3RD ST,,,,,W 3RD ST,I-69 RAMP,,,,Y,,0.0,,39.16648704220755,-86.52694436724654,LOCAL/CITY RD,,,,URBAN,N,N,N,,DAYLIGHT,RAIN,WET,,FOUR-WAY INTERSECTION,,CONCRETE,FOLLOWING TOO CLOSELY,$1001 TO $2500,REAR END,I-69RAMP2900W.3RDST,0,,2022-12-22 10:45:00,2900.0,,
BLOOMINGTON PD,B22-52603,MONROE,VAN BUREN,BLOOMINGTON,3,,2,0,0,,S CURRY PK,,,,,S CURRY PK,W ST RD 45,,,,Y,,0.0,,39.16450108729102,-86.57328447218197,LOCAL/CITY RD,,,,URBAN,N,N,N,,DAYLIGHT,CLOUDY,DRY,,FOUR-WAY INTERSECTION,,ASPHALT,DRIVER DISTRACTED - EXPLAIN IN NARRATIVE,$10001 TO $25000,REAR END,WSTATERD45SCURRYPK,0,,2022-12-19 10:50:00,,,
BLOOMINGTON PD,B22-45689,MONROE,PERRY,BLOOMINGTON,2,,0,0,0,,S EAGLESON AVE,,,,,S EAGLESON AVE,E ATWATER AVE,,,,Y,,0.0,,39.25057320163214,-86.5298175640114,LOCAL/CITY RD,,,,URBAN,N,N,N,,DAYLIGHT,CLEAR,DRY,,FOUR-WAY INTERSECTION,,ASPHALT,FOLLOWING TOO CLOSELY,$2501 TO $5000,REAR END,SEAGLESON AVEAVEEATWATERAVE,0,,2022-11-01 15:20:00,,,
MONROE SD,M22A26984,MONROE,PERRY,BLOOMINGTON,1,,0,0,1,,ST RD 446,,,,,ST RD 446,,,,,N,,0.0,,39.20760062438263,-86.57990404494615,ST RD,,,,RURAL,N,N,N,,DARK (NOT LIGHTED),CLEAR,DRY,,NO JUNCTION INVOLVED,,CONCRETE,ANIMAL/OBJECT IN RDWAY,$1001 TO $2500,COLLISION WITH DEER,STATERD446,0,,2022-11-03 05:41:00,,,
ISP BLOOMINGTON 33,2.02201E+11,MONROE,VAN BUREN,BLOOMINGTON,4,,1,0,0,,W ST RD 45,,,,,W ST RD 45,INDUSTRIAL BLVD,,,,Y,,0.0,,39.17462229263305,-86.56485971114229,ST RD,,,,URBAN,N,N,N,,DAYLIGHT,CLOUDY,DRY,,FOUR-WAY INTERSECTION,,ASPHALT,DISREGARD SIGNAL/REG SIGN,$25001 TO $50000,RIGHT ANGLE,WSTATERD45INDUSTRIALBLVD,0,,2022-12-09 11:50:00,,,
BLOOMINGTON PD,B22-51151,MONROE,VAN BUREN,BLOOMINGTON,2,,0,0,0,,W 3RD ST,,,,,W 3RD ST,S LIBERTY DR,,,,Y,,200.0,,39.16422764556739,-86.52265760265308,LOCAL/CITY RD,,,,URBAN,N,N,N,,DAYLIGHT,CLOUDY,WET,,NO JUNCTION INVOLVED,,ASPHALT,FOLLOWING TOO CLOSELY,$1001 TO $2500,REAR END,W 3RDSTSLIBERTYDR,0,,2022-12-09 16:13:00,,,
BLOOMINGTON PD,B22-51130,MONROE,VAN BUREN,BLOOMINGTON,2,,0,0,0,,W CEDAR CHASE RD,,,,,W CEDAR CHASE RD,S LEONARD SPRINGS DR,,,,Y,,0.0,,39.13688433,-86.57413486,LOCAL/CITY RD,,,,URBAN,N,N,N,,DAYLIGHT,CLEAR,DRY,,T-INTERSECTION,,ASPHALT,FAILURE TO YIELD RIGHT OF WAY,$5001 TO $10000,RIGHT ANGLE,WCEDARCHASERDSLEONARDSPRINGSDR,0,,2022-12-09 14:27:00,,,
MONROE SD,M22A28479,MONROE,PERRY,BLOOMINGTON,2,,0,0,0,,S ST RD 37,,,,,S ST RD 37,S ST RD 37,,,,Y,,0.0,,39.17678825220322,-86.47847412198638,PRIVATE DR,,,,URBAN,N,N,N,,DAYLIGHT,CLOUDY,DRY,,NO JUNCTION INVOLVED,,ASPHALT,FAILURE TO YIELD RIGHT OF WAY,$1001 TO $2500,BACKING CRASH,SOLDSTATERD37SOLDSTATERD37,0,,2022-11-20 15:20:00,,,
BLOOMINGTON PD,B22-47943,MONROE,PERRY,BLOOMINGTON,2,,0,0,0,,S WALNUT ST,,,,,S WALNUT ST,S MONON DR,,,,Y,,0.0,,39.16453,-86.57327,LOCAL/CITY RD,,,,URBAN,N,N,N,,DAYLIGHT,CLOUDY,DRY,,NO JUNCTION INVOLVED,,ASPHALT,UNSAFE LN MOVEMENT,$2501 TO $5000,SAME DIRECTION SIDESWIPE,SWALNUTSTSMONONDR,0,,2022-11-17 12:43:00,,,
BLOOMINGTON PD,B22-51541,MONROE,PERRY,BLOOMINGTON,2,,0,0,0,,S HIGH ST,,,,,S HIGH ST,E 2ND ST,,,,Y,,0.0,,39.18702186228694,-86.53371020370004,LOCAL/CITY RD,,,,URBAN,N,N,N,,DAYLIGHT,CLOUDY,DRY,,FOUR-WAY INTERSECTION,,ASPHALT,OTHER (DRIVER) - EXPLAIN IN NARRATIVE,UNDER $1001,SAME DIRECTION SIDESWIPE,SHIGHSTE 2NDST,0,,2022-12-10 10:00:00,,,
MONROE SD,M22A29510,MONROE,RICHLAND,BLOOMINGTON,1,,0,0,1,,W MALLORY RD,,,,,W MALLORY RD,N STARNES RD,,,,N,,0.0,,39.17159,-86.51394,LOCAL/CITY RD,,,,RURAL,N,N,N,,DARK (NOT LIGHTED),CLEAR,DRY,,NO JUNCTION INVOLVED,,GRAVEL,ANIMAL/OBJECT IN RDWAY,$1001 TO $2500,COLLISION WITH DEER,WMALLORYRDNSTARNESRD,0,,2022-12-02 06:57:00,,,
BLOOMINGTON PD,B22-53106,MONROE,VAN BUREN,BLOOMINGTON,2,,0,0,0,,3702 W 3RD ST,,,,,W 3RD ST,,,,,Y,,0.0,,39.18296599222682,-86.52835540669433,PRIVATE DR,,,,URBAN,N,N,N,,DAYLIGHT,RAIN,WET,,NO JUNCTION INVOLVED,,ASPHALT,UNSAFE BACKING,$2501 TO $5000,BACKING CRASH,3702W.3RDST,0,,2022-12-22 12:36:00,3702.0,,
BLOOMINGTON PD,B22-50931,MONROE,PERRY,BLOOMINGTON,1,,0,0,0,120,E MILLER DR,,,,,E MILLER DR,,,,,Y,,0.0,,39.186250328546706,-86.52456077151848,PRIVATE DR,,,,URBAN,N,N,N,,DAYLIGHT,RAIN,WET,,NO JUNCTION INVOLVED,,ASPHALT,UNSAFE BACKING,$2501 TO $5000,BACKING CRASH,EMILLERDR,0,,2022-12-08 10:57:00,,,
MONROE SD,M22A29740,MONROE,BLOOMINGTON,BLOOMINGTON,2,,0,0,0,,W WALKER LN,,,,,W WALKER LN,N MT TABOR RD,,,,N,,0.0,,39.17915,-86.58308,COUNTY RD,,,,RURAL,N,N,N,,DARK (NOT LIGHTED),CLEAR,DRY,,T-INTERSECTION,,ASPHALT,IMPROPER TURNING,$2501 TO $5000,RIGHT ANGLE,WWALKERLNNMTTABORRD,0,,2022-12-05 07:20:00,,,
BLOOMINGTON PD,B22-33799,MONROE,PERRY,BLOOMINGTON,2,,1,0,0,,W BLOOMFIELD RD,,,,,W BLOOMFIELD RD,S PATTERSON DR,,,,Y,,0.0,,39.15143410061491,-86.53252612468351,LOCAL/CITY RD,,,,URBAN,N,N,N,,DAYLIGHT,CLEAR,DRY,,FOUR-WAY INTERSECTION,,ASPHALT,FOLLOWING TOO CLOSELY,$10001 TO $25000,REAR END,WBLOOMFIELDRDSPATTERSONDR,0,,2022-08-26 17:03:00,,,
ISP BLOOMINGTON 33,2.022E+11,MONROE,BLOOMINGTON,BLOOMINGTON,1,,0,0,0,,I-69,,,,,I-69,,,120.0,,Y,,898.0,,39.18502342165603,-86.53776805324704,INTERSTATE,,,,URBAN,N,N,N,,DARK (NOT LIGHTED),CLEAR,DRY,,NO JUNCTION INVOLVED,,ASPHALT,,$10001 TO $25000,,I-69120,0,,2022-01-16 05:50:00,,,
MONROE SD,M22A1094,MONROE,PERRY,BLOOMINGTON,1,,0,0,0,,S FAIRFAX RD,,,,,S FAIRFAX RD,,,,,N,,0.0,,39.158113220352575,-86.59178673057772,COUNTY RD,,,,RURAL,N,N,N,,DARK (NOT LIGHTED),SNOW,DRY,,NO JUNCTION INVOLVED,,ASPHALT,DRIVER DISTRACTED - EXPLAIN IN NARRATIVE,$25001 TO $50000,RAN OFF RD,SFAIRFAXRD,0,,2022-01-15 03:51:00,,,
BLOOMINGTON PD,B22-00692,MONROE,PERRY,BLOOMINGTON,1,,0,0,0,,1300 S PATTERSON DR,,,,,S PATTERSON DR,,,,,Y,,0.0,,39.165554199416725,-86.49599008324817,LOCAL/CITY RD,,,,URBAN,N,N,N,,DAYLIGHT,CLEAR,DRY,,NO JUNCTION INVOLVED,,ASPHALT,OVERCORRECTING/OVERSTEERING,$2501 TO $5000,RAN OFF RD,1300S.PATTERSONDR,0,,2022-01-07 11:36:00,1300.0,,
BLOOMINGTON PD,B22-01643,MONROE,BLOOMINGTON,BLOOMINGTON,1,,0,0,0,,E GLENDORA DR,,,,,E GLENDORA DR,N WALNUT ST,,,,Y,,0.0,,39.151787046511295,-86.38118056004168,LOCAL/CITY RD,,,,URBAN,N,N,N,,DARK (LIGHTED),CLEAR,DRY,,T-INTERSECTION,,ASPHALT,UNSAFE SPEED,$2501 TO $5000,RAN OFF RD,NWALNUTSTEGLENDORADR,0,,2022-01-15 23:30:00,,,
INDIANA UNIV BLOOMINGTON PD,220039,MONROE,BLOOMINGTON,BLOOMINGTON,2,,0,0,0,,N UNION ST,,,,,N UNION ST,,,,,Y,,0.0,,39.21510963975586,-86.59268005236063,,,,,URBAN,N,N,N,,DAYLIGHT,CLEAR,DRY,,NO JUNCTION INVOLVED,,ASPHALT,UNSAFE SPEED,$5001 TO $10000,RIGHT ANGLE,NUNIONST,0,,2022-01-07 14:00:00,,,
BLOOMINGTON PD,B22-01133,MONROE,BLOOMINGTON,BLOOMINGTON,2,,0,0,0,,W 17TH ST,,,,,W 17TH ST,N MONROE ST,,,,Y,,0.0,,39.12668516962238,-86.5313204323793,LOCAL/CITY RD,,,,URBAN,Y,N,N,,DAYLIGHT,CLEAR,DRY,,TRAFFIC CIRCLE/ROUNDABOUT,,ASPHALT,FAILURE TO YIELD RIGHT OF WAY,$2501 TO $5000,RIGHT ANGLE,W.17THSTN.MONROEST,0,,2022-01-11 12:31:00,,,
BLOOMINGTON PD,B22-02129,MONROE,PERRY,BLOOMINGTON,2,,0,0,0,,S COLLEGE MALL RD,,,,,S COLLEGE MALL RD,E MOORES PK,,,,Y,,0.0,,39.16088776503008,-86.49774675835955,LOCAL/CITY RD,,,,URBAN,N,N,N,,DAYLIGHT,CLOUDY,DRY,,FOUR-WAY INTERSECTION,,ASPHALT,FOLLOWING TOO CLOSELY,$1001 TO $2500,REAR END,SCOLLEGEMALLRDEMOORESPK,0,,2022-01-20 10:00:00,,,
BLOOMINGTON PD,B22-02030,MONROE,PERRY,BLOOMINGTON,2,,0,0,0,,S PETE LLIS DR,,,,,S PETE LLIS DR,E 3RD ST,,,,N,,0.0,,39.11311387011113,-86.56239975878317,LOCAL/CITY RD,,,,URBAN,N,N,N,,DAYLIGHT,CLOUDY,DRY,,FOUR-WAY INTERSECTION,,ASPHALT,DISREGARD SIGNAL/REG SIGN,$2501 TO $5000,RIGHT ANGLE,SPETEELLISDRE 3RDST,0,,2022-01-19 13:37:00,,,
BLOOMINGTON PD,B22-00390,MONROE,BLOOMINGTON,BLOOMINGTON,2,,0,0,0,,W 3RD ST,,,,,W 3RD ST,S WALNUT ST,,,,Y,,0.0,,39.13602415698408,-86.5383072360644,LOCAL/CITY RD,,,,URBAN,N,N,N,,DARK (LIGHTED),CLOUDY,DRY,,FOUR-WAY INTERSECTION,,ASPHALT,OTHER (DRIVER) - EXPLAIN IN NARRATIVE,$5001 TO $10000,RIGHT ANGLE,W 3RDSTSWALNUTST,0,,2022-01-05 07:10:00,,,
MONROE SD,M22A1226,MONROE,,BLOOMINGTON,2,,0,0,0,,S STRAIN RIDGE RD,,,,,S STRAIN RIDGE RD,E MONROE DAM RD,,,,N,,100.0,,39.16451495700739,-86.57329353607541,LOCAL/CITY RD,,,,RURAL,N,N,N,,DAWN/DUSK,CLOUDY,ICE,,NO JUNCTION INVOLVED,,ASPHALT,RDWAY SURFACE CONDITION,$5001 TO $10000,RIGHT ANGLE,SSTRAINRIDGERDEMONROEDAMRD,0,,2022-01-17 07:08:00,,,
BLOOMINGTON PD,B2200071,MONROE,BLOOMINGTON,BLOOMINGTON,1,0.0,0,0,0,,,,ST RD 46 W,,,ST RD 46 W,KINSER PK,,,,Y,,,,39.14195,-86.58259,ST RD,,N,N,URBAN,N,N,N,,DARK (NOT LIGHTED),RAIN,WET,,FOUR-WAY INTERSECTION,STRAIGHT/LEVEL,ASPHALT,PEDESTRIAN ACTION,UNDER $1001,OTHER - EXPLAIN IN NARRATIVE,KINSERPKRDST RD 46 W,1,NONE,2022-01-01 18:38:00,,,True
MONROE SD,M22A587,MONROE,INDIAN CREEK,BLOOMINGTON,1,0.0,0,0,0,,S HARMONY,RD,,,,S HARMONY,S MOUNT ZION,,,,N,,500.0,N,39.1631,-86.5164,COUNTY RD,,N,N,RURAL,N,N,N,,DAYLIGHT,RAIN,ICE,,NO JUNCTION INVOLVED,STRAIGHT/LEVEL,ASPHALT,SPEED TOO FAST FOR WEATHER CONDITIONS,$5001 TO $10000,RAN OFF RD,SHARMONYRDSMOUNTZIONRD,0,NONE,2022-01-08 16:56:00,,,
MONROE SD,M22A729,MONROE,BLOOMINGTON,BLOOMINGTON,2,0.0,0,0,0,,W 11TH,ST,,,,W 11TH,N MAPLE,,,,Y,,,,39.10864531,-86.43084812,LOCAL/CITY RD,,N,N,URBAN,N,N,N,,DAYLIGHT,CLEAR,DRY,,FOUR-WAY INTERSECTION,STRAIGHT/GRADE,ASPHALT,FAILURE TO YIELD RIGHT OF WAY,$1001 TO $2500,RIGHT ANGLE,NORTHMAPLESTWEST11THST,0,STOP SIGN,2022-01-10 15:15:00,,,
MONROE SD,M22A41,MONROE,PERRY,BLOOMINGTON,1,0.0,0,0,0,,E ROGERS,RD,,,,E ROGERS,S SNODDY,,,,Y,PRIVATE,,,39.14359,-86.58031,OTHER,,N,N,URBAN,N,N,N,,DAYLIGHT,RAIN,WET,,T-INTERSECTION,STRAIGHT/GRADE,ASPHALT,DRIVER DISTRACTED - EXPLAIN IN NARRATIVE,$1001 TO $2500,RAN OFF RD,EROGERSRDSSNODDYRD,0,STOP SIGN,2022-01-01 16:04:00,,,
BLOOMINGTON PD,B22-00958,MONROE,BLOOMINGTON,BLOOMINGTON,1,,0,0,0,,N MAPLE ST,,,,,N MAPLE ST,W 13TH ST,,,,Y,,0.0,,39.16461,-86.57913,,,,,URBAN,N,N,N,,DAYLIGHT,CLEAR,DRY,,FOUR-WAY INTERSECTION,,ASPHALT,UNSAFE SPEED,$1001 TO $2500,OTHER - EXPLAIN IN NARRATIVE,W13THSTNMAPLEST,0,,2022-01-09 17:00:00,,,
BLOOMINGTON PD,B22-01927,MONROE,VAN BUREN,BLOOMINGTON,2,,0,0,0,,S LIBERTY DR,,,,,S LIBERTY DR,W 3RD ST,,,,N,,0.0,,39.13035857581166,-86.58257794676281,LOCAL/CITY RD,,,,URBAN,N,N,N,,DAYLIGHT,CLEAR,DRY,,T-INTERSECTION,,ASPHALT,FAILURE TO YIELD RIGHT OF WAY,$1001 TO $2500,SAME DIRECTION SIDESWIPE,W 3RDSTSLIBERTYDR,0,,2022-01-18 14:27:00,,,
ELLETTSVILLE PD,E22-04611,MONROE,RICHLAND,ELLETTSVILLE,2,,0,0,0,,W ST RD 46,,,,,W ST RD 46,OUTBACK RD,,,,Y,,0.0,,39.08526,-86.54273,ST RD,,,,URBAN,N,N,N,,DAYLIGHT,CLEAR,DRY,,FOUR-WAY INTERSECTION,,ASPHALT,DRIVER DISTRACTED - EXPLAIN IN NARRATIVE,$2501 TO $5000,REAR END,WSTATERD46OUTBACKRD,0,,2022-11-07 16:45:00,,,
INDIANA UNIV BLOOMINGTON PD,220228,MONROE,BLOOMINGTON,BLOOMINGTON,2,,0,0,0,2651,E DISCOVERTY PRKWY,,,,,E DISCOVERTY PRKWY,,,,,Y,,0.0,,39.152150545050795,-86.53372894682464,LOCAL/CITY RD,,,,URBAN,N,N,N,,DAYLIGHT,SNOW,SNOW/SLUSH,,NO JUNCTION INVOLVED,,ASPHALT,FAILURE TO MAINTAIN LN,$2501 TO $5000,OPPOSITE DIRECTION SIDESWIPE,EDISCOVERTYPRKWY,0,,2022-01-23 09:30:00,,,
BLOOMINGTON PD,B22-00234,MONROE,PERRY,BLOOMINGTON,2,,0,0,0,,W BLOOMFIELD RD,,,,,W BLOOMFIELD RD,S RANSOM LN,,,,Y,,0.0,,39.16094460190616,-86.50848199753194,LOCAL/CITY RD,,,,URBAN,N,N,N,,DAYLIGHT,CLEAR,DRY,,NO JUNCTION INVOLVED,,ASPHALT,FOLLOWING TOO CLOSELY,$10001 TO $25000,REAR END,WBLOOMFIELDRDSRANSOMLN,0,,2022-01-03 17:10:00,,,
BLOOMINGTON PD,B22-00824,MONROE,PERRY,BLOOMINGTON,2,,0,0,0,,3100 W ST RD 45,,,,,W ST RD 45,I-69/37 OVERPASS,,,,Y,,200.0,,39.2022,-86.65858,ST RD,,,,URBAN,N,N,N,,DAYLIGHT,CLOUDY,DRY,,NO JUNCTION INVOLVED,,CONCRETE,UNSAFE LN MOVEMENT,$2501 TO $5000,SAME DIRECTION SIDESWIPE,I-69/37OVERPASS3100BLKW.ST RD 45,0,,2022-01-08 11:07:00,3100.0,,
BLOOMINGTON PD,B22-02013,MONROE,BLOOMINGTON,BLOOMINGTON,2,,1,0,0,,W 17TH ST,,,,,W 17TH ST,N COLLEGE AVE,,,,Y,,0.0,,-3.3055862053462306e-05,-2.7696608159574526e-05,LOCAL/CITY RD,,,,URBAN,N,N,N,,DAYLIGHT,CLOUDY,DRY,,FOUR-WAY INTERSECTION,,ASPHALT,DISREGARD SIGNAL/REG SIGN,$5001 TO $10000,RIGHT ANGLE,W.17THSTN.COLLEGEAVE,0,,2022-01-19 10:59:00,,,
MONROE SD,M22A1091,MONROE,RICHLAND,BLOOMINGTON,1,,0,0,1,,N HARTSTRAIT RD,,,,,N HARTSTRAIT RD,W WALCOTT LN,,,,N,,634.0,,39.146898744071834,-86.53011057355353,COUNTY RD,,,,RURAL,N,N,N,,DARK (NOT LIGHTED),CLEAR,DRY,,NO JUNCTION INVOLVED,,ASPHALT,ANIMAL/OBJECT IN RDWAY,$5001 TO $10000,COLLISION WITH DEER,WWALCOTTLNNHARTSTRAITRD,0,,2022-01-15 01:44:00,,,
ELLETTSVILLE PD,E2200103,MONROE,RICHLAND,ELLETTSVILLE,1,0.0,0,0,0,,MCNEELY,ST,,,,MCNEELY,MATTHEWS,,,,Y,,300.0,E,39.29353,-86.62624,LOCAL/CITY RD,,N,N,RURAL,N,N,N,,DARK (NOT LIGHTED),SLEET/HAIL/FREEZING RAIN,ICE,,T-INTERSECTION,STRAIGHT/GRADE,ASPHALT,RDWAY SURFACE CONDITION,UNDER $1001,RAN OFF RD,MATTHEWSDRMCNEELYST,0,LN CONTROL,2022-01-08 17:50:00,,,
BLOOMINGTON PD,B2200144,MONROE,RICHLAND,BLOOMINGTON,2,0.0,0,0,0,,,,ST RD 46 W,,,ST RD 46 W,N KINSER,,,,Y,,,,39.16075,-86.54848,ST RD,Y,N,N,URBAN,N,N,N,,DAYLIGHT,CLOUDY,DRY,,FOUR-WAY INTERSECTION,STRAIGHT/LEVEL,ASPHALT,IMPROPER TURNING,$5001 TO $10000,LEFT TURN,NKINSERPKST RD 46 W,0,TRAFFIC CONTROL SIGNAL,2022-01-02 16:00:00,,,