Agency,Local Code,County,Township,City,Vehicles Involved,Trailers Involved,Number Injured,Number Dead,Number Deer,House Number,Roadway Name,Roadway Suffix,Roadway Number,Roadway Interchange,Roadway Ramp,Roadway Id,Intersecting Road,Intersecting Road Number,Mile Marker,Interchange,Corporate Limits?,Property Type,Feet From,Direction,Latitude,Longitude,Roadway Class,Traffic Control Devices?,Aggressive Driving?,Hit and Run?,Locality,School Zone?,Rumble Strips?,Construction?,Construction Type,Light Condition,Weather Conditions,Surface Condition,Type of Median,Roadway Junction Type,Road Character,Roadway Surface,Primary Factor,Damage Estimate,Manner of Collision,Unique Location Id,State Property Damage?,Traffic Control,DateTime,Address Number,Cyclist Involved,Pedestrian Involved
BLOOMINGTON PD,B22-11309,MONROE,PERRY,BLOOMINGTON,2,,0,0,0,2966,E 3RD ST; TARGET,,,,,E 3RD ST,,,,,Y,,0.0,,39.147368490845444,-86.57323531794562,PRIVATE DR,,,,URBAN,N,N,N,,DAYLIGHT,CLEAR,DRY,,NO JUNCTION INVOLVED,,ASPHALT,FAILURE TO YIELD RIGHT OF WAY,$2501 TO $5000,BACKING CRASH,E 3RDST;TARGET,0,,2022-04-02 15:06:00,,,
MONROE SD,M22A8892,MONROE,BLOOMINGTON,BLOOMINGTON,1,,1,0,0,,W ARLINGTON RD,,,,,W ARLINGTON RD,W STOUTES CREEK RD,,,,N,,0.0,,39.16427,-86.51772,LOCAL/CITY RD,,,,RURAL,N,Y,N,,DAYLIGHT,CLEAR,DRY,,NO JUNCTION INVOLVED,,ASPHALT,LEFT OF CENTER,$25001 TO $50000,RAN OFF RD,WSTOUTESCREEKRDWARLINGTONRD,1,,2022-04-20 14:43:00,,,True
MONROE SD,M22A16717,MONROE,CLEAR CREEK,BLOOMINGTON,2,,0,0,0,5100,S VICTOR PK,,,,,S VICTOR PK,,,,,N,,0.0,,39.18372219379482,-86.51922777207834,PRIVATE DR,,,,RURAL,N,N,N,,DAYLIGHT,CLEAR,DRY,,NO JUNCTION INVOLVED,,ASPHALT,OTHER (DRIVER) - EXPLAIN IN NARRATIVE,$2501 TO $5000,SAME DIRECTION SIDESWIPE,SVICTORPK,0,,2022-07-12 17:09:00,,,
INDIANA UNIV BLOOMINGTON PD,220445,MONROE,BLOOMINGTON,BLOOMINGTON,3,,0,0,0,,E 10TH ST,,,,,E 10TH ST,N CAMPBELL ST,,,,Y,,100.0,,39.177240605032246,-86.49381170823938,LOCAL/CITY RD,,,,URBAN,N,N,N,,DAYLIGHT,CLEAR,SNOW/SLUSH,,NO JUNCTION INVOLVED,,ASPHALT,FOLLOWING TOO CLOSELY,$5001 TO $10000,REAR END,NCAMPBELLSTE 10THST,0,,2022-02-06 15:35:00,,,
MONROE SD,M22A12724,MONROE,BLOOMINGTON,BLOOMINGTON,2,,2,0,0,,ST RD 45,,,,,ST RD 45,N PRAIRIE GREEN CT,,,,N,,792.0,,39.33150740428779,-86.51453034115514,ST RD,,,,RURAL,N,N,N,,DAYLIGHT,CLEAR,DRY,,NO JUNCTION INVOLVED,,ASPHALT,DRIVER ASLEEP OR FATIGUED,$25001 TO $50000,OPPOSITE DIRECTION SIDESWIPE,STATERD45NPRAIRIEGREENCT,0,,2022-06-01 09:39:00,,,
BLOOMINGTON PD,B22-04442,MONROE,PERRY,BLOOMINGTON,2,,0,0,0,,1800 BLK. S.OLIVE ST,,,,,BLK. S.OLIVE ST,E MILLER DR,,,,Y,,400.0,,39.24963058069011,-86.62165680257046,LOCAL/CITY RD,,,,URBAN,N,N,N,,DAYLIGHT,CLEAR,WET,,NO JUNCTION INVOLVED,,ASPHALT,UNSAFE BACKING,$1001 TO $2500,BACKING CRASH,EMILLERDR1800BLK.S.OLIVEST,0,,2022-02-09 10:07:00,1800.0,,
MONROE SD,M22A1874,MONROE,BENTON,BLOOMINGTON,2,,3,0,0,,ST RD 45 E,,,,,ST RD 45 E,N TUNNEL RD,,,,N,,264.0,,39.20197,-86.56168,ST RD,,,,RURAL,N,N,N,,DARK (NOT LIGHTED),CLEAR,DRY,,NO JUNCTION INVOLVED,,ASPHALT,OTHER (VEHICLE) - EXPLAIN IN NARRATIVE,$25001 TO $50000,REAR END,STATERD45ENTUNNELRD,0,,2022-01-25 06:47:00,,,
BLOOMINGTON PD,B22-07743,MONROE,PERRY,BLOOMINGTON,2,,0,0,0,500,S LIBERTY DR; KROGER,,,,,S LIBERTY DR,,,,,Y,,0.0,,39.21481548799186,-86.46802934433236,PRIVATE DR,,,,URBAN,N,N,N,,DAYLIGHT,CLOUDY,DRY,,NO JUNCTION INVOLVED,,ASPHALT,UNSAFE BACKING,$1001 TO $2500,REAR END,SLIBERTYDR;KROGER,0,,2022-03-08 16:29:00,,,
BLOOMINGTON PD,B22-19961,MONROE,PERRY,BLOOMINGTON,3,,0,0,0,503,S MULLER PKWY,,,,,S MULLER PKWY,,,,,Y,,0.0,,39.14299883938846,-86.53153808500653,PRIVATE DR,,,,URBAN,N,N,N,,DAYLIGHT,CLEAR,DRY,,NO JUNCTION INVOLVED,,ASPHALT,DRIVER ASLEEP OR FATIGUED,$10001 TO $25000,RIGHT ANGLE,SMULLERPKWY,0,,2022-05-30 03:40:00,,,
BLOOMINGTON PD,B22-35208,MONROE,PERRY,BLOOMINGTON,2,,0,0,0,,I-69 S,,,,,I-69 S,W 3RD ST,,,,Y,,0.0,,39.17154240817811,-86.50947776061136,INTERSTATE,,,,URBAN,N,N,N,,DAYLIGHT,CLOUDY,WET,,FOUR-WAY INTERSECTION,,ASPHALT,FOLLOWING TOO CLOSELY,$2501 TO $5000,REAR END,W 3RDSTI-69SOUTH,0,,2022-09-03 11:20:00,,,
BLOOMINGTON PD,B22-12313,MONROE,BLOOMINGTON,BLOOMINGTON,2,,0,0,0,,7TH,,,,,7TH,DUNN,,,,Y,,0.0,,39.16459,-86.53363,LOCAL/CITY RD,,,,URBAN,N,N,N,,DAYLIGHT,CLOUDY,DRY,,FOUR-WAY INTERSECTION,,ASPHALT,FAILURE TO YIELD RIGHT OF WAY,$2501 TO $5000,RIGHT ANGLE,DUNN7TH,0,,2022-04-09 12:31:00,,,
MONROE SD,M22A20413,MONROE,BLOOMINGTON,BLOOMINGTON,1,,0,0,1,,E BETHEL LN,,,,,E BETHEL LN,N MYERS RD,,,,N,,0.0,,39.18661,-86.54682,COUNTY RD,,,,RURAL,N,N,N,,DARK (NOT LIGHTED),CLOUDY,DRY,,NO JUNCTION INVOLVED,,ASPHALT,ANIMAL/OBJECT IN RDWAY,$1001 TO $2500,COLLISION WITH DEER,NMYERSRDEBETHELLN,0,,2022-08-21 02:40:00,,,
MONROE SD,M22A15005,MONROE,BLOOMINGTON,BLOOMINGTON,2,,1,0,0,,S CURRY PK,,,,,S CURRY PK,W ROLL AVE,,,,N,,150.0,,39.11462,-86.53981,LOCAL/CITY RD,,,,RURAL,N,N,N,,DAYLIGHT,CLEAR,DRY,,NO JUNCTION INVOLVED,,ASPHALT,FAILURE TO YIELD RIGHT OF WAY,$5001 TO $10000,LEFT/RIGHT TURN,WROLLAVESCURRYPK,0,,2022-06-24 18:38:00,,,
MONROE SD,M22A24431,MONROE,INDIAN CREEK,BLOOMINGTON,1,,0,0,1,,S VICTOR PK,,,,,S VICTOR PK,W MILTON LN,,,,N,,1500.0,,39.16463,-86.53489,COUNTY RD,,,,RURAL,N,N,N,,DAWN/DUSK,CLEAR,DRY,,NO JUNCTION INVOLVED,,ASPHALT,ANIMAL/OBJECT IN RDWAY,$1001 TO $2500,RAN OFF RD,WMILTONLNSVICTORPK,0,,2022-10-05 06:45:00,,,
ISP BLOOMINGTON 33,2022-00210623,MONROE,CLEAR CREEK,SMITHVILLE(MONROE),1,,0,0,0,,S WISLEY LN,,,,,S WISLEY LN,S FAIRFAX RD,,,,N,,0.0,,39.16450215738076,-86.57329243629502,COUNTY RD,,,,RURAL,N,N,N,,DAYLIGHT,CLEAR,DRY,,Y-INTERSECTION,,ASPHALT,,$2501 TO $5000,RAN OFF RD,SWISLEYLNSFAIRFAXRD,0,,2022-05-11 11:10:00,,,
MONROE SD,M22A24489,MONROE,BEAN BLOSSOM,BLOOMINGTON,1,,0,0,0,,N STINESVILLE RD,,,,,N STINESVILLE RD,W HEDRICK RD,,,,N,,2900.0,,39.15022,-86.48046,LOCAL/CITY RD,,,,RURAL,N,N,N,,DAYLIGHT,CLEAR,DRY,,NO JUNCTION INVOLVED,,ASPHALT,DRIVER ASLEEP OR FATIGUED,$2501 TO $5000,RAN OFF RD,WHEDRICKRDNSTINESVILLERD,0,,2022-10-05 18:29:00,,,
INDIANA UNIV BLOOMINGTON PD,222851,MONROE,BLOOMINGTON,BLOOMINGTON,2,,0,0,0,,S BALLANTINE RD,,,,,S BALLANTINE RD,,,,,Y,,0.0,,39.16853106010908,-86.53702466112436,PRIVATE DR,,,,URBAN,N,N,N,,DAYLIGHT,CLEAR,DRY,,NO JUNCTION INVOLVED,,ASPHALT,UNSAFE BACKING,$2501 TO $5000,BACKING CRASH,SBALLANTINERD,0,,2022-08-25 18:30:00,,,
BLOOMINGTON PD,B22-37899,MONROE,BLOOMINGTON,BLOOMINGTON,2,,1,0,0,,W 3RD ST,,,,,W 3RD ST,W 3RD ST,,,,Y,,0.0,,39.163060061314546,-86.51640607030266,LOCAL/CITY RD,,,,URBAN,N,N,N,,DAYLIGHT,CLEAR,DRY,,FOUR-WAY INTERSECTION,,ASPHALT,FAILURE TO YIELD RIGHT OF WAY,$25001 TO $50000,RIGHT ANGLE,W 3RDSTW 3RDST,0,,2022-09-19 09:40:00,,,
INDIANA UNIV BLOOMINGTON PD,223844,MONROE,BLOOMINGTON,BLOOMINGTON,2,,0,0,0,,E 3RD ST,,,,,E 3RD ST,S FACULTY AVE,,,,Y,,0.0,,39.16943492478628,-86.5297790156431,LOCAL/CITY RD,,,,URBAN,N,N,N,,DAYLIGHT,CLEAR,DRY,,NO JUNCTION INVOLVED,,ASPHALT,DRIVER DISTRACTED - EXPLAIN IN NARRATIVE,$2501 TO $5000,REAR END,SFACULTYAVEE 3RDST,0,,2022-10-10 14:50:00,,,
ISP BLOOMINGTON 33,2.022E+11,MONROE,PERRY,BLOOMINGTON,3,,1,0,0,,ST RD 37,,,,,ST RD 37,DILLMAN RD,,,,N,,0.0,,39.164601894073215,-86.5387372452484,ST RD,,,,RURAL,N,N,N,,DAYLIGHT,CLOUDY,DRY,,FOUR-WAY INTERSECTION,,ASPHALT,FAILURE TO YIELD RIGHT OF WAY,$10001 TO $25000,RIGHT ANGLE,ST RD 37DILLMANRD,0,,2022-04-07 16:30:00,,,
MONROE SD,M22A20255,MONROE,VAN BUREN,BLOOMINGTON,2,,1,0,0,,S HARMONY RD,,,,,S HARMONY RD,W MAY RD,,,,N,,1700.0,,0.0,0.0,LOCAL/CITY RD,,,,URBAN,N,N,N,,DARK (NOT LIGHTED),CLEAR,DRY,,NO JUNCTION INVOLVED,,ASPHALT,OTHER (VEHICLE) - EXPLAIN IN NARRATIVE,UNDER $1001,OTHER - EXPLAIN IN NARRATIVE,WESTMAYRDSHARMONYRD,1,,2022-08-18 22:10:00,,,True
BLOOMINGTON PD,B22-32449,MONROE,BLOOMINGTON,BLOOMINGTON,3,,1,0,0,,ST RD 45/46 BYPASS,,,,,ST RD 45/46 BYPASS,E 3RD ST,,,,Y,,300.0,,39.150549762919546,-86.52695401522595,ST RD,,,,URBAN,N,N,N,,DAYLIGHT,CLEAR,DRY,,FOUR-WAY INTERSECTION,,ASPHALT,FOLLOWING TOO CLOSELY,$10001 TO $25000,REAR END,STATERD45/46BYPASSE 3RDST,0,,2022-08-19 11:07:00,,,
BLOOMINGTON PD,B22-21679,MONROE,BLOOMINGTON,BLOOMINGTON,2,,0,0,0,,S COLLEGE MALL RD,,,,,S COLLEGE MALL RD,E BUICK CADILLAC BLVD,,,,Y,,0.0,,39.064420201034594,-86.41446622112207,LOCAL/CITY RD,,,,URBAN,N,N,N,,DAYLIGHT,RAIN,WET,,T-INTERSECTION,,ASPHALT,FAILURE TO YIELD RIGHT OF WAY,$10001 TO $25000,RIGHT ANGLE,SCOLLEGEMALLRDEBUICKCADILLACBLVD,0,,2022-06-10 13:51:00,,,
MONROE SD,M22A24019,MONROE,BLOOMINGTON,BLOOMINGTON,1,,0,0,0,,I-69,,,,,I-69,,,,,N,,0.0,,39.20855327516226,-86.61137920792339,ST RD,,,,RURAL,N,N,N,,DARK (NOT LIGHTED),CLEAR,DRY,,NO JUNCTION INVOLVED,,ASPHALT,DRIVER ASLEEP OR FATIGUED,$2501 TO $5000,RAN OFF RD,I-69,0,,2022-09-29 22:46:00,,,
MONROE SD,M22A25356,MONROE,VAN BUREN,BLOOMINGTON,2,,0,0,0,,W 3RD ST,,,,,W 3RD ST,W VERNAL PK,,,,N,,0.0,,39.114658360504194,-86.56423602514542,ST RD,,,,RURAL,N,N,N,,DAYLIGHT,CLEAR,DRY,,Y-INTERSECTION,,ASPHALT,FOLLOWING TOO CLOSELY,$5001 TO $10000,REAR END,WVERNALPKW 3RDST,0,,2022-10-15 17:22:00,,,
MONROE SD,M22A18744,MONROE,BLOOMINGTON,BLOOMINGTON,2,,0,0,0,,E BETHEL LN,,,,,E BETHEL LN,N ST RD 37,,,,N,,0.0,,39.163111827143915,-86.49279772143217,ST RD,,,,URBAN,N,N,N,,DAYLIGHT,CLEAR,DRY,,T-INTERSECTION,,ASPHALT,FAILURE TO YIELD RIGHT OF WAY,$2501 TO $5000,RIGHT ANGLE,NOLDSTATERD37EBETHELLN,0,,2022-08-02 16:08:00,,,
INDIANA UNIV BLOOMINGTON PD,223680,MONROE,BLOOMINGTON,BLOOMINGTON,2,,0,0,0,,E 4TH ST,,,,,E 4TH ST,S INDIANA AVE,,,,Y,,75.0,,39.19786329024451,-86.55844162657633,LOCAL/CITY RD,,,,URBAN,N,N,N,,DAYLIGHT,CLEAR,DRY,,NO JUNCTION INVOLVED,,ASPHALT,IMPROPER PASSING,$1001 TO $2500,SAME DIRECTION SIDESWIPE,SINDIANAAVEE4THST,0,,2022-09-30 18:50:00,,,
BLOOMINGTON PD,B22-16232,MONROE,RICHLAND,BLOOMINGTON,2,,0,0,0,309,N WALNUT ST,,,,,N WALNUT ST,,,,,Y,,0.0,,39.107181646541875,-86.55129574639624,PRIVATE DR,,,,URBAN,N,N,N,,DAYLIGHT,CLEAR,DRY,,NO JUNCTION INVOLVED,,ASPHALT,UNSAFE BACKING,$1001 TO $2500,BACKING CRASH,NWALNUTST,0,,2022-05-04 19:50:00,,,
BLOOMINGTON PD,B2217045,MONROE,BLOOMINGTON,BLOOMINGTON,2,,0,0,0,,10TH ST,,,,,10TH ST,SMITH RD,,,,Y,,0.0,,39.17159,-86.51394,,,,,URBAN,N,N,Y,INTERMITTENT OR MOVING WORK,DAYLIGHT,CLEAR,DRY,,T-INTERSECTION,,ASPHALT,FOLLOWING TOO CLOSELY,$2501 TO $5000,REAR END,SMITHRD10THST,0,,2022-05-10 12:26:00,,,
MONROE SD,M22A19441,MONROE,RICHLAND,BLOOMINGTON,1,,0,0,0,,W 3RD ST,,,,,W 3RD ST,,,,,N,,0.0,,39.17913875030638,-86.47444063376373,ST RD,,,,RURAL,N,N,N,,DAYLIGHT,RAIN,WET,,NO JUNCTION INVOLVED,,ASPHALT,SPEED TOO FAST FOR WEATHER CONDITIONS,$5001 TO $10000,RAN OFF RD,W 3RDST,0,,2022-08-09 18:06:00,,,
BLOOMINGTON PD,B22-42506,MONROE,PERRY,BLOOMINGTON,2,,0,0,0,,S WALNUT ST,,,,,S WALNUT ST,W GRIMES LN,,,,Y,,0.0,,39.146795713359246,-86.51883660207244,LOCAL/CITY RD,,,,URBAN,N,N,N,,DAYLIGHT,CLEAR,DRY,,FOUR-WAY INTERSECTION,,ASPHALT,IMPROPER TURNING,$1001 TO $2500,RIGHT TURN,WGRIMESLNSWALNUTST,0,,2022-10-14 02:40:00,,,
BLOOMINGTON PD,B22-14980,MONROE,PERRY,BLOOMINGTON,2,,0,0,0,,COLLEGE MALL RD,,,,,COLLEGE MALL RD,,,,,Y,,0.0,,39.22997247735421,-86.43169764939458,LOCAL/CITY RD,,,,URBAN,N,N,N,,DAYLIGHT,CLEAR,DRY,,NO JUNCTION INVOLVED,,ASPHALT,IMPROPER PASSING,$2501 TO $5000,SAME DIRECTION SIDESWIPE,COLLEGEMALLRD,0,,2022-04-26 11:46:00,,,
MONROE SD,M22A14801,MONROE,SALT CREEK,BLOOMINGTON,1,,0,0,1,,ST RD 46,,,,,ST RD 46,,,,,N,,0.0,,39.16321372836384,-86.58077762747618,ST RD,,,,RURAL,N,N,N,,DARK (NOT LIGHTED),CLEAR,DRY,,NO JUNCTION INVOLVED,,ASPHALT,ANIMAL/OBJECT IN RDWAY,$2501 TO $5000,COLLISION WITH DEER,STATERD46,0,,2022-06-22 23:11:00,,,
BLOOMINGTON PD,B22-40651,MONROE,PERRY,BLOOMINGTON,2,,0,0,0,1175,S COLLEGE MALL RD; KROGER JACK,,,,,S COLLEGE MALL RD,,,,,Y,,0.0,,39.16103316795316,-86.56773358412238,PRIVATE DR,,,,URBAN,N,N,N,,DAYLIGHT,CLEAR,DRY,,NO JUNCTION INVOLVED,,ASPHALT,FAILURE TO MAINTAIN LN,$1001 TO $2500,HEAD ON BETWEEN TWO MOTOR VEHICLES,SCOLLEGEMALLRD;KROGERJACKSONCREEK,0,,2022-10-04 13:11:00,,,
BLOOMINGTON PD,B22-06341,MONROE,BLOOMINGTON,BLOOMINGTON,2,,0,0,0,,E 17TH ST,,,,,E 17TH ST,N GRANT ST,,,,Y,,0.0,,39.16448611584235,-86.57331861755965,LOCAL/CITY RD,,,,URBAN,N,N,N,,DAYLIGHT,CLEAR,DRY,,T-INTERSECTION,,ASPHALT,FAILURE TO YIELD RIGHT OF WAY,$5001 TO $10000,RIGHT ANGLE,NGRANTSTE17THST,0,,2022-02-25 17:16:00,,,
BLOOMINGTON PD,B22-10520,MONROE,,BLOOMINGTON,2,,0,0,0,,E BURKS DR,,,,,E BURKS DR,S.ODELL DR,,,,Y,,75.0,,39.16852,-86.52825,LOCAL/CITY RD,,,,URBAN,N,N,N,,DAYLIGHT,CLEAR,DRY,,NO JUNCTION INVOLVED,,ASPHALT,FAILURE TO YIELD RIGHT OF WAY,$2501 TO $5000,RIGHT ANGLE,S.ODELLDREBURKSDR,0,,2022-03-28 08:12:00,,,
BLOOMINGTON PD,B22-32983,MONROE,PERRY,BLOOMINGTON,2,,0,0,0,,S STULL AVE,,,,,S STULL AVE,E 1ST,,,,Y,,200.0,,39.21283195894181,-86.49074673404311,LOCAL/CITY RD,,,,URBAN,N,N,N,,DAYLIGHT,CLEAR,DRY,,NO JUNCTION INVOLVED,,ASPHALT,OTHER (DRIVER) - EXPLAIN IN NARRATIVE,$5001 TO $10000,SAME DIRECTION SIDESWIPE,S.STULLAVEE1STST,0,,2022-08-22 11:12:00,,,
BLOOMINGTON PD,B22-05071,MONROE,BLOOMINGTON,BLOOMINGTON,2,,0,0,0,,N WALNUT ST,,,,,N WALNUT ST,W 17TH ST,,,,Y,,0.0,,39.147156150563404,-86.58261812783157,LOCAL/CITY RD,,,,URBAN,N,N,N,,DARK (LIGHTED),CLEAR,DRY,,FOUR-WAY INTERSECTION,,ASPHALT,FOLLOWING TOO CLOSELY,$2501 TO $5000,REAR END,W17THSTNWALNUTST,0,,2022-02-14 23:20:00,,,
MONROE SD,M22A9980,MONROE,VAN BUREN,,2,,0,0,0,,W BELLE AVE,,,,,W BELLE AVE,S HICKORY DR,,,,N,,0.0,,39.062984388893874,-86.57961545890956,COUNTY RD,,,,RURAL,N,N,N,,DAYLIGHT,CLEAR,DRY,,FOUR-WAY INTERSECTION,,ASPHALT,FAILURE TO YIELD RIGHT OF WAY,$5001 TO $10000,HEAD ON BETWEEN TWO MOTOR VEHICLES,WBELLEAVESHICKORYDR,0,,2022-05-02 13:00:00,,,
BLOOMINGTON PD,B22-37125,MONROE,PERRY,BLOOMINGTON,2,,1,0,0,,W ALLEN ST,,,,,W ALLEN ST,S ADAMS ST,,,,Y,,0.0,,39.054626870223295,-86.49836935050541,LOCAL/CITY RD,,,,URBAN,N,N,N,,DAYLIGHT,CLEAR,DRY,,FOUR-WAY INTERSECTION,,ASPHALT,DISREGARD SIGNAL/REG SIGN,$5001 TO $10000,RIGHT ANGLE,WALLENSTSADAMSST,0,,2022-09-14 15:24:00,,,
INDIANA UNIV BLOOMINGTON PD,220864,MONROE,BLOOMINGTON,BLOOMINGTON,2,,0,0,0,,E 3RD ST,,,,,E 3RD ST,S EAGLESON AVE,,,,Y,,264.0,,39.28157198886467,-86.66311925922571,LOCAL/CITY RD,,,,URBAN,N,N,N,,DAYLIGHT,CLOUDY,DRY,,NO JUNCTION INVOLVED,,ASPHALT,IMPROPER TURNING,$2501 TO $5000,LEFT TURN,SEAGLESON AVEAVEE 3RDST,0,,2022-03-06 12:40:00,,,
BLOOMINGTON PD,B22-02971,MONROE,BLOOMINGTON,BLOOMINGTON,2,,1,0,0,,N DUNN ST,,,,,N DUNN ST,E ST RD 45/46 BYPASS,,,,Y,,0.0,,39.16362618,-86.51877917,LOCAL/CITY RD,,,,URBAN,N,N,N,,DAYLIGHT,CLOUDY,WET,,FOUR-WAY INTERSECTION,,ASPHALT,FOLLOWING TOO CLOSELY,$1001 TO $2500,REAR END,N.DUNNSTEST RD 45/46BYPASS,0,,2022-01-27 12:03:00,,,
MONROE SD,M22A2581,MONROE,BLOOMINGTON,BLOOMINGTON,1,,0,0,0,,N ST RD 37,,,,,N ST RD 37,N ST RD 37,,,,N,,0.0,,39.164537395091486,-86.57623442409434,LOCAL/CITY RD,,,,RURAL,N,N,N,,DARK (NOT LIGHTED),RAIN,WET,,NO JUNCTION INVOLVED,,ASPHALT,ANIMAL/OBJECT IN RDWAY,$1001 TO $2500,COLLISION WITH OBJECT IN RD,NSTATERD37BUSINESSNOLDSTATERD37,0,,2022-02-02 06:49:00,,,
INDIANA UNIV BLOOMINGTON PD,222605,MONROE,BLOOMINGTON,BLOOMINGTON,2,,1,0,0,,E 10TH ST,,,,,E 10TH ST,,,,,Y,,0.0,,39.164265396372066,-86.52105036734059,PRIVATE DR,,,,URBAN,N,N,N,,DARK (LIGHTED),CLEAR,DRY,,NO JUNCTION INVOLVED,,ASPHALT,UNSAFE BACKING,$1001 TO $2500,BACKING CRASH,E 10THST,0,,2022-08-11 21:55:00,,,
INDIANA UNIV BLOOMINGTON PD,221201,MONROE,BLOOMINGTON,BLOOMINGTON,1,,0,0,0,,N WOODLAWN AVE,,,,,N WOODLAWN AVE,E 8TH ST,,,,Y,,0.0,,39.09293403578349,-86.54602770835523,LOCAL/CITY RD,,,,URBAN,N,N,N,,DAYLIGHT,RAIN,WET,,T-INTERSECTION,,ASPHALT,UNSAFE LN MOVEMENT,$5001 TO $10000,RAN OFF RD,NWOODLAWNAVEE8THST,0,,2022-03-31 18:30:00,,,
ELLETTSVILLE PD,E22-04069,MONROE,RICHLAND,ELLETTSVILLE,2,,0,0,0,,MAIN ST,,,,,MAIN ST,CHANDLER DR.,,,,Y,,0.0,,39.09366,-86.63842,LOCAL/CITY RD,,,,URBAN,N,N,N,,DAYLIGHT,CLEAR,DRY,,T-INTERSECTION,,CONCRETE,VIEW OBSTRUCTED,$10001 TO $25000,LEFT/RIGHT TURN,MAINSTCHANDLERDR.,0,,2022-10-06 17:00:00,,,
MONROE SD,M22A10227,MONROE,PERRY,BLOOMINGTON,2,,0,0,0,,W HENNESSEY ST,,,,,W HENNESSEY ST,S ROCKPORT RD,,,,N,,0.0,,39.18094620064906,-86.50858725516645,LOCAL/CITY RD,,,,URBAN,N,N,N,,DAYLIGHT,CLOUDY,DRY,,T-INTERSECTION,,ASPHALT,FAILURE TO YIELD RIGHT OF WAY,$5001 TO $10000,REAR END,WHENNESSEYSTSROCKPORTRD,0,,2022-05-05 09:23:00,,,
BLOOMINGTON PD,B22-40184,MONROE,BLOOMINGTON,BLOOMINGTON,2,,0,0,0,125,S UNION ST,,,,,S UNION ST,,,,,Y,,0.0,,39.158084437024336,-86.49793210514873,LOCAL/CITY RD,,,,URBAN,N,N,N,,DARK (LIGHTED),CLEAR,DRY,,NO JUNCTION INVOLVED,,ASPHALT,FAILURE TO MAINTAIN LN,$1001 TO $2500,BACKING CRASH,SUNIONST,0,,2022-09-30 04:00:00,,,
MONROE SD,M22A5941,MONROE,PERRY,BLOOMINGTON,2,,0,0,0,,E GARDEN PATH,,,,,E GARDEN PATH,E ROCKWELD DR,,,,N,,1000.0,,39.21878354,-86.55173264,LOCAL/CITY RD,,,,URBAN,N,N,N,,DARK (LIGHTED),CLEAR,DRY,,NO JUNCTION INVOLVED,,ASPHALT,DRIVER DISTRACTED - EXPLAIN IN NARRATIVE,$10001 TO $25000,SAME DIRECTION SIDESWIPE,EROCKWELDDREGARDENPATH,0,,2022-03-15 12:22:00,,,
MONROE SD,M22A2793,MONROE,RICHLAND,BLOOMINGTON,2,,0,0,0,,N SHELLY DR,,,,,N SHELLY DR,W MCNEELEY ST,,,,N,,0.0,,39.18683430742761,-86.61508638460921,LOCAL/CITY RD,,,,RURAL,N,N,N,,DAYLIGHT,CLEAR,ICE,,NO JUNCTION INVOLVED,,ASPHALT,FOLLOWING TOO CLOSELY,$5001 TO $10000,RIGHT ANGLE,WMCNEELEYSTNSHELLYDR,0,,2022-02-05 02:20:00,,,
ELLETTSVILLE PD,E22-04041,MONROE,RICHLAND,ELLETTSVILLE,2,,0,0,0,,MAIN ST,,,,,MAIN ST,MATTHEWS DR.,,,,Y,,0.0,,39.21284,-86.49071,LOCAL/CITY RD,,,,URBAN,N,N,N,,DAYLIGHT,CLEAR,DRY,,FOUR-WAY INTERSECTION,,CONCRETE,DRIVER DISTRACTED - EXPLAIN IN NARRATIVE,$2501 TO $5000,REAR END,MATTHEWSDR.MAINST,0,,2022-10-05 17:06:00,,,
BLOOMINGTON PD,B22-04733,MONROE,PERRY,BLOOMINGTON,2,,0,0,0,,S WALNUT ST,,,,,S WALNUT ST,PINEWOOD DR,,,,Y,,0.0,,39.16553,-86.52691,,,,,URBAN,N,N,N,,DAYLIGHT,CLOUDY,DRY,,NO JUNCTION INVOLVED,,ASPHALT,FOLLOWING TOO CLOSELY,$2501 TO $5000,REAR END,S.WALNUTSTPINEWOODDR,0,,2022-02-11 13:31:00,,,
ELLETTSVILLE PD,E22-04034,MONROE,RICHLAND,ELLETTSVILLE,2,,0,0,0,,W TEMPERANCE ST,,,,,W TEMPERANCE ST,RIDGE SPRINGS LN,,,,N,,0.0,,39.16890528,-86.53400529,LOCAL/CITY RD,,,,URBAN,N,N,N,,DAYLIGHT,CLEAR,DRY,,T-INTERSECTION,,ASPHALT,FAILURE TO YIELD RIGHT OF WAY,$1001 TO $2500,SAME DIRECTION SIDESWIPE,WTEMPERANCESTRIDGESPRINGSLN,0,,2022-10-05 14:34:00,,,
INDIANA UNIV BLOOMINGTON PD,222768,MONROE,BLOOMINGTON,BLOOMINGTON,2,,0,0,0,900,E 7TH ST,,,,,E 7TH ST,,,,,Y,,0.0,,39.17264331509697,-86.48266497339166,PRIVATE DR,,,,URBAN,N,N,N,,DAWN/DUSK,CLEAR,DRY,,NO JUNCTION INVOLVED,,ASPHALT,UNSAFE BACKING,UNDER $1001,BACKING CRASH,E7THST,0,,2022-08-23 06:35:00,,,
BLOOMINGTON PD,B22-19171,MONROE,PERRY,BLOOMINGTON,2,,0,0,0,,I-69 117.5,,,117,N,I-69 117.5,,,,,Y,,0.0,,39.1696155892597,-86.67309228396411,INTERSTATE,,,,URBAN,N,N,N,,DAWN/DUSK,CLEAR,DRY,,RAMP,,ASPHALT,OBSTRUCTION NOT MARKED,$5001 TO $10000,COLLISION WITH OBJECT IN RD,I-69117.5117NB,0,,2022-05-24 20:45:00,,,