Agency,Local Code,County,Township,City,Vehicles Involved,Trailers Involved,Number Injured,Number Dead,Number Deer,House Number,Roadway Name,Roadway Suffix,Roadway Number,Roadway Interchange,Roadway Ramp,Roadway Id,Intersecting Road,Intersecting Road Number,Mile Marker,Interchange,Corporate Limits?,Property Type,Feet From,Direction,Latitude,Longitude,Roadway Class,Traffic Control Devices?,Aggressive Driving?,Hit and Run?,Locality,School Zone?,Rumble Strips?,Construction?,Construction Type,Light Condition,Weather Conditions,Surface Condition,Type of Median,Roadway Junction Type,Road Character,Roadway Surface,Primary Factor,Damage Estimate,Manner of Collision,Unique Location Id,State Property Damage?,Traffic Control,DateTime,Address Number,Cyclist Involved,Pedestrian Involved
BLOOMINGTON PD,B22-35246,MONROE,RICHLAND,BLOOMINGTON,2,,0,0,0,160,N GATES DR,,,,,N GATES DR,W RUNKLE WAY,,,,Y,,0.0,,39.15335,-86.53371,PRIVATE DR,,,,URBAN,N,N,N,,DAYLIGHT,CLOUDY,DRY,,NO JUNCTION INVOLVED,,ASPHALT,UNSAFE BACKING,$1001 TO $2500,RIGHT ANGLE,WRUNKLEWAYNGATESDR,0,,2022-09-03 16:02:00,,,
MONROE SD,M22A25299,MONROE,BLOOMINGTON,BLOOMINGTON,1,,0,0,0,,W ILLINOIS CT,,,,,W ILLINOIS CT,N ILLINOIS ST,,,,Y,,0.0,,0.0,0.0,LOCAL/CITY RD,,,,URBAN,N,N,N,,DARK (LIGHTED),CLEAR,DRY,,NO JUNCTION INVOLVED,,ASPHALT,UNSAFE SPEED,UNDER $1001,SAME DIRECTION SIDESWIPE,WILLINOISCTNILLINOISST,0,,2022-10-15 03:37:00,,,
BLOOMINGTON PD,B22-37099,MONROE,VAN BUREN,BLOOMINGTON,2,,0,0,0,,W 3RD ST,,,,,W 3RD ST,S LIBERTY DR,,,,N,,0.0,,39.1515748470514,-86.40332799516912,LOCAL/CITY RD,,,,URBAN,N,N,N,,DAYLIGHT,CLEAR,DRY,,FOUR-WAY INTERSECTION,,ASPHALT,FOLLOWING TOO CLOSELY,$2501 TO $5000,REAR END,W 3RDSTSLIBERTYDR,0,,2022-09-14 12:49:00,,,
INDIANA UNIV BLOOMINGTON PD,222163,MONROE,PERRY,BLOOMINGTON,2,,0,0,0,800,E ATWATER AVE,,,,,E ATWATER AVE,,,,,N,,0.0,,39.153914078933326,-86.49588855963809,PRIVATE DR,,,,URBAN,N,N,N,,DAYLIGHT,CLEAR,DRY,,NO JUNCTION INVOLVED,,ASPHALT,IMPROPER TURNING,$1001 TO $2500,LEFT/RIGHT TURN,EATWATERAVE,0,,2022-06-16 17:00:00,,,
BLOOMINGTON PD,B22-30543,MONROE,BLOOMINGTON,BLOOMINGTON,1,,0,0,0,,W MARLENE DR,,,,,W MARLENE DR,,,,,Y,,0.0,,39.17895528177193,-86.52973651866594,,,,,URBAN,N,N,N,,UNKNOWN,CLEAR,DRY,,NO JUNCTION INVOLVED,,ASPHALT,OTHER (DRIVER) - EXPLAIN IN NARRATIVE,$1001 TO $2500,OTHER - EXPLAIN IN NARRATIVE,WMARLENEDR,0,,2022-08-07 22:02:00,,,
BLOOMINGTON PD,B22-30651,MONROE,VAN BUREN,BLOOMINGTON,2,,2,0,0,,W BLOOMFIELD RD,,,,,W BLOOMFIELD RD,S BASSWOOD DR,,,,Y,,0.0,,39.12653,-86.52872,LOCAL/CITY RD,,,,URBAN,N,N,N,,DAYLIGHT,CLEAR,DRY,,T-INTERSECTION,,ASPHALT,OTHER (DRIVER) - EXPLAIN IN NARRATIVE,$1001 TO $2500,REAR END,WBLOOMFIELDRDSBASSWOODDR,0,,2022-08-08 15:42:00,,,
MONROE SD,M22A19461,MONROE,BLOOMINGTON,BLOOMINGTON,2,,0,0,0,,I-69,,,,,I-69,,,,,N,,634.0,,39.159298321058365,-86.52492589960467,INTERSTATE,,,,RURAL,N,N,N,,DARK (LIGHTED),CLEAR,DRY,,NO JUNCTION INVOLVED,,ASPHALT,FOLLOWING TOO CLOSELY,$5001 TO $10000,REAR END,I-69,0,,2022-08-10 04:03:00,,,
BLOOMINGTON PD,B22-34351,MONROE,PERRY,BLOOMINGTON,2,,0,0,0,,W 3RD ST,,,,,W 3RD ST,S WYNNDALE DR,,,,Y,,0.0,,39.17897,-86.53348,,,,,URBAN,N,N,N,,DAYLIGHT,CLEAR,WET,,FOUR-WAY INTERSECTION,,ASPHALT,FOLLOWING TOO CLOSELY,$2501 TO $5000,REAR END,W 3RDSTSWYNNDALEDR,0,,2022-08-29 19:05:00,,,
BLOOMINGTON PD,B22-05913,MONROE,PERRY,BLOOMINGTON,1,,0,0,0,800,E MILLER DR,,,,,E MILLER DR,,,,,Y,,0.0,,39.16325130872444,-86.58586259949774,LOCAL/CITY RD,,,,URBAN,N,N,N,,DAWN/DUSK,RAIN,WET,,NO JUNCTION INVOLVED,,ASPHALT,UNSAFE BACKING,$1001 TO $2500,BACKING CRASH,EMILLERDR,0,,2022-02-22 08:15:00,,,
BLOOMINGTON PD,B22-41056,MONROE,BLOOMINGTON,BLOOMINGTON,2,,0,0,0,,W 8TH ST,,,,,W 8TH ST,N WALNUT ST,,,,Y,,0.0,,39.155803572359,-86.5505833076746,LOCAL/CITY RD,,,,URBAN,N,N,N,,DAYLIGHT,CLEAR,DRY,,FOUR-WAY INTERSECTION,,ASPHALT,DISREGARD SIGNAL/REG SIGN,$5001 TO $10000,LEFT TURN,W8THSTNWALNUTST,0,,2022-10-05 17:45:00,,,
BLOOMINGTON PD,B22-10108,MONROE,BLOOMINGTON,BLOOMINGTON,1,,0,0,0,,W 10TH ST,,,,,W 10TH ST,N COLLEGE AVE,,,,Y,,0.0,,39.16421517798622,-86.51643400162811,LOCAL/CITY RD,,,,URBAN,N,N,N,,DARK (LIGHTED),CLEAR,DRY,,INTERCHANGE,,ASPHALT,FAILURE TO YIELD RIGHT OF WAY,$2501 TO $5000,LEFT TURN,W10THSTNCOLLEGEAVE,0,,2022-03-24 23:03:00,,,
ELLETTSVILLE PD,E22-01600,MONROE,RICHLAND,ELLETTSVILLE,1,,0,0,0,,W ST RD 46,,,,,W ST RD 46,N LAKEVIEW DR,,,,Y,,158.0,,39.18628610665532,-86.52843491807896,ST RD,,,,RURAL,N,N,N,,DAYLIGHT,CLEAR,DRY,,NO JUNCTION INVOLVED,,ASPHALT,OTHER (DRIVER) - EXPLAIN IN NARRATIVE,$1001 TO $2500,RAN OFF RD,WSTATERD46NLAKEVIEWDR,0,,2022-04-29 17:32:00,,,
MONROE SD,M22A7014,MONROE,BLOOMINGTON,BLOOMINGTON,1,,1,0,0,,E ROBINSON RD,,,,,E ROBINSON RD,E CLETUS SAMPLE RD,,,,N,,0.0,,39.33399,-86.51274,LOCAL/CITY RD,,,,RURAL,N,N,N,,DAYLIGHT,CLOUDY,DRY,,NO JUNCTION INVOLVED,,ASPHALT,DRIVER DISTRACTED - EXPLAIN IN NARRATIVE,$10001 TO $25000,RAN OFF RD,EROBINSONRDECLETUSSAMPLERD,0,,2022-03-27 07:10:00,,,
BLOOMINGTON PD,B22-23930,MONROE,BLOOMINGTON,BLOOMINGTON,2,,0,0,0,,N KINSER PK,,,,,N KINSER PK,W 17TH ST,,,,Y,,0.0,,39.17101412910323,-86.5009813508223,LOCAL/CITY RD,,,,URBAN,N,N,N,,DAYLIGHT,CLEAR,DRY,,FOUR-WAY INTERSECTION,,ASPHALT,FAILURE TO YIELD RIGHT OF WAY,$5001 TO $10000,RIGHT ANGLE,W17THSTNKINSERPK,0,,2022-06-25 19:44:00,,,
INDIANA UNIV BLOOMINGTON PD,222181,MONROE,BLOOMINGTON,BLOOMINGTON,3,,3,0,0,,ST RD 45,,,,,ST RD 45,N EAGLESON AVE,,,,Y,,898.0,,39.169466257581085,-86.52349474103053,ST RD,,,,URBAN,N,N,N,,DARK (NOT LIGHTED),CLEAR,DRY,,NO JUNCTION INVOLVED,,ASPHALT,OTHER (VEHICLE) - EXPLAIN IN NARRATIVE,$25001 TO $50000,REAR END,STATERD45NEAGLESON AVEAVE,0,,2022-06-19 22:20:00,,,
BLOOMINGTON PD,B22-15140,MONROE,PERRY,BLOOMINGTON,1,,0,0,0,,I-69,,,,1,I-69,,,,,Y,,0.0,,39.23390022690092,-86.62197868402001,ST RD,,,,URBAN,N,N,N,,DAYLIGHT,CLEAR,DRY,,RAMP,,ASPHALT,OVERCORRECTING/OVERSTEERING,$5001 TO $10000,OTHER - EXPLAIN IN NARRATIVE,I-69117,0,,2022-04-27 13:47:00,,,
BLOOMINGTON PD,B22-38836,MONROE,BLOOMINGTON,BLOOMINGTON,2,,0,0,0,,S PETE LLIS DR,,,,,S PETE LLIS DR,S PETE LLIS DR,,,,Y,,0.0,,39.12814817424029,-86.55676006542572,LOCAL/CITY RD,,,,URBAN,N,N,N,,DARK (LIGHTED),CLEAR,DRY,,FOUR-WAY INTERSECTION,,ASPHALT,FAILURE TO YIELD RIGHT OF WAY,$2501 TO $5000,RIGHT ANGLE,SPETEELLISDRSPETEELLISDR,0,,2022-09-24 23:25:00,,,
MONROE SD,M22A11936,MONROE,VAN BUREN,BLOOMINGTON,1,,0,0,1,,W ST RD 45,,,,,W ST RD 45,W ELLER RD,,,,N,,0.0,,39.16591504,-86.50942544,ST RD,,,,RURAL,N,N,N,,DAYLIGHT,CLOUDY,DRY,,NO JUNCTION INVOLVED,,ASPHALT,ANIMAL/OBJECT IN RDWAY,$1001 TO $2500,COLLISION WITH DEER,WESTSTATERD45 WESTELLERRD,0,,2022-05-23 12:58:00,,,
BLOOMINGTON PD,B22-22426,MONROE,PERRY,BLOOMINGTON,2,,0,0,0,,S PARK AVE,,,,,S PARK AVE,E MILLER DR,,,,Y,,0.0,,39.13157982956195,-86.4985538362718,LOCAL/CITY RD,,,,URBAN,N,N,N,,DAYLIGHT,CLEAR,DRY,,FOUR-WAY INTERSECTION,,ASPHALT,FAILURE TO YIELD RIGHT OF WAY,$1001 TO $2500,SAME DIRECTION SIDESWIPE,SPARKAVEEMILLERDR,0,,2022-06-15 15:41:00,,,
INDIANA UNIV BLOOMINGTON PD,223800,MONROE,BLOOMINGTON,BLOOMINGTON,2,,0,0,0,,N FEE LN,,,,,N FEE LN,E 13TH ST,,,,Y,,0.0,,39.23756630389508,-86.603242213758,LOCAL/CITY RD,,,,URBAN,N,N,N,,DAYLIGHT,CLEAR,DRY,,T-INTERSECTION,,ASPHALT,FAILURE TO YIELD RIGHT OF WAY,$2501 TO $5000,RIGHT ANGLE,NFEELNE13THST,0,,2022-10-07 16:00:00,,,
MONROE SD,M22A23060,MONROE,VAN BUREN,BLOOMINGTON,2,,0,0,0,,W FULLERTON PK,,,,,W FULLERTON PK,JUDD AVE,,,,N,,0.0,,39.16095,-86.50584,,,,,URBAN,N,N,N,,DAYLIGHT,CLEAR,DRY,,NO JUNCTION INVOLVED,,ASPHALT,BRAKE FAILURE OR DEFECTIVE,$1001 TO $2500,OTHER - EXPLAIN IN NARRATIVE,WFULLERTONPKJUDDAVE,0,,2022-09-19 02:49:00,,,
BLOOMINGTON PD,B22-23447,MONROE,BLOOMINGTON,BLOOMINGTON,2,,0,0,0,,ST RD 46,,,,,ST RD 46,EASTGATE LN,,,,Y,,0.0,,39.235986158380754,-86.62501385709615,ST RD,,,,URBAN,N,N,N,,DAYLIGHT,CLEAR,DRY,,NO JUNCTION INVOLVED,,ASPHALT,FOLLOWING TOO CLOSELY,$1001 TO $2500,REAR END,STATERD46EASTGATELN,0,,2022-06-22 16:27:00,,,
BLOOMINGTON PD,B22-31102,MONROE,PERRY,BLOOMINGTON,1,,0,0,0,1300,E HILLSIDE DR,,,,,E HILLSIDE DR,,,,,Y,,0.0,,39.13150103768313,-86.53143271309025,PRIVATE DR,,,,URBAN,N,N,N,,DAYLIGHT,CLEAR,DRY,,NO JUNCTION INVOLVED,,ASPHALT,OTHER (DRIVER) - EXPLAIN IN NARRATIVE,$1001 TO $2500,OTHER - EXPLAIN IN NARRATIVE,EHILLSIDEDR,0,,2022-08-11 13:43:00,,,
BLOOMINGTON PD,B22-31146,MONROE,BLOOMINGTON,BLOOMINGTON,4,,0,0,0,,N KINSER PK,,,,,N KINSER PK,E ST RD 45/46,,,,Y,,0.0,,39.24099,-86.63201,LOCAL/CITY RD,,,,URBAN,N,N,N,,DAYLIGHT,RAIN,WET,,FOUR-WAY INTERSECTION,,ASPHALT,FAILURE TO YIELD RIGHT OF WAY,$25001 TO $50000,RIGHT ANGLE,NKINSERPKEST RD 45/46,0,,2022-08-11 18:10:00,,,
INDIANA UNIV BLOOMINGTON PD,220350,MONROE,BLOOMINGTON,BLOOMINGTON,2,,0,0,0,,E COTTAGE GROVE AVE,,,,,E COTTAGE GROVE AVE,N FORREST AVE,,,,Y,,0.0,,39.16797249,-86.52309752,LOCAL/CITY RD,,,,URBAN,N,N,N,,DAYLIGHT,CLEAR,DRY,,NO JUNCTION INVOLVED,,ASPHALT,UNSAFE BACKING,UNDER $1001,BACKING CRASH,NFORRESTAVEECOTTAGEGROVEAVE,0,,2022-01-31 14:35:00,,,
BLOOMINGTON PD,B22-27368,MONROE,BLOOMINGTON,BLOOMINGTON,2,,0,0,0,,W 3RD ST,,,,,W 3RD ST,S KIMBLE DR,,,,Y,,0.0,,-3.295340837746836e-05,-5.506364264769381e-06,LOCAL/CITY RD,,,,URBAN,N,N,N,,DAYLIGHT,RAIN,WET,,FOUR-WAY INTERSECTION,,CONCRETE,BRAKE FAILURE OR DEFECTIVE,$5001 TO $10000,REAR END,W.3RDSTSKIMBLEDR,0,,2022-07-17 15:07:00,,,
BLOOMINGTON PD,B22-17720,MONROE,BLOOMINGTON,BLOOMINGTON,2,,0,0,0,,N WALNUT ST,,,,,N WALNUT ST,W 10TH ST,,,,Y,,0.0,,39.166307592942744,-86.57602215044905,LOCAL/CITY RD,,,,URBAN,N,N,B,,DAYLIGHT,RAIN,WET,,FOUR-WAY INTERSECTION,,ASPHALT,FOLLOWING TOO CLOSELY,$2501 TO $5000,REAR END,W10THSTNWALNUTST,0,,2022-05-14 13:04:00,,,
BLOOMINGTON PD,B22-13427,MONROE,PERRY,BLOOMINGTON,1,,0,0,0,2655,S ADAMS ST,,,,,S ADAMS ST,,,,,Y,,0.0,,39.17564846051633,-86.55174267078256,PRIVATE DR,,,,URBAN,N,N,N,,DAYLIGHT,CLEAR,DRY,,NO JUNCTION INVOLVED,,ASPHALT,OTHER (DRIVER) - EXPLAIN IN NARRATIVE,$2501 TO $5000,RAN OFF RD,SADAMSST,0,,2022-04-17 10:34:00,,,
MONROE SD,M22A21855,MONROE,PERRY,BLOOMINGTON,1,,0,0,1,,S ST RD 37,,,,,S ST RD 37,S ORCHARD LN,,,,N,,0.0,,39.16459636107292,-86.5791385985696,COUNTY RD,,,,URBAN,N,N,N,,DAYLIGHT,CLEAR,DRY,,NO JUNCTION INVOLVED,,ASPHALT,ANIMAL/OBJECT IN RDWAY,$5001 TO $10000,COLLISION WITH DEER,SORCHARDLNSOLDSTATERD37,0,,2022-09-06 07:57:00,,,
ISP BLOOMINGTON 33,2.022E+11,MONROE,PERRY,BLOOMINGTON,2,,0,0,0,,CHURCH LN,,,,,CHURCH LN,ST RD 37,,,,Y,,0.0,,39.16337825609781,-86.52347654064927,PRIVATE DR,,,,URBAN,N,N,N,,DAYLIGHT,CLEAR,DRY,,NO JUNCTION INVOLVED,,ASPHALT,UNSAFE BACKING,$1001 TO $2500,BACKING CRASH,OLDST RD 37CHURCHLN,0,,2022-07-13 17:04:00,,,
MONROE SD,M22A16435,MONROE,BLOOMINGTON,BLOOMINGTON,2,,0,0,0,,ST RD 46,,,,,ST RD 46,E 7TH ST,,,,N,,0.0,,,,ST RD,,,,URBAN,N,N,B,,DAYLIGHT,RAIN,WET,,FOUR-WAY INTERSECTION,,ASPHALT,OTHER (DRIVER) - EXPLAIN IN NARRATIVE,$1001 TO $2500,REAR END,STATERD46E7THST,0,,2022-07-09 10:18:00,,,
ISP BLOOMINGTON 33,2.022E+11,MONROE,BLOOMINGTON,BLOOMINGTON,1,,0,0,0,,ST RD 37,,,,,ST RD 37,,,,,N,,0.0,,39.149741741457746,-86.56892422188639,INTERSTATE,,,,RURAL,N,Y,N,,DAYLIGHT,SNOW,SNOW/SLUSH,,RAMP,,CONCRETE,RDWAY SURFACE CONDITION,$5001 TO $10000,,STATERD37,0,,2022-01-28 15:40:00,,,
MONROE SD,M22A13602,MONROE,BENTON,BLOOMINGTON,1,,0,0,1,,E MAIN FORREST RD,,,,,E MAIN FORREST RD,SERVICE RD,,,,N,,0.0,,39.237521137596914,-86.5391329153661,LOCAL/CITY RD,,,,RURAL,N,N,N,,DARK (NOT LIGHTED),CLEAR,DRY,,NO JUNCTION INVOLVED,,ASPHALT,ANIMAL/OBJECT IN RDWAY,$10001 TO $25000,OTHER - EXPLAIN IN NARRATIVE,SERVICERDEMAINFORRESTRD,0,,2022-06-09 22:09:00,,,
MONROE SD,M22A24045,MONROE,PERRY,BLOOMINGTON,2,,1,0,0,,ST RD 37,,,,,ST RD 37,ST RD 37,,,,N,,0.0,,39.16455402773107,-86.57021538526037,ST RD,,,,RURAL,N,N,N,,DAYLIGHT,CLEAR,DRY,,FOUR-WAY INTERSECTION,,ASPHALT,FOLLOWING TOO CLOSELY,$5001 TO $10000,REAR END,STATERD37STATERD37,0,,2022-09-30 09:39:00,,,
MONROE SD,M22A13795,MONROE,BENTON,BLOOMINGTON,1,,0,0,0,,ST RD 45,,,,,ST RD 45,N RICHARDSON RD,,,,N,,0.0,,39.14619895687283,-86.52483236093991,,,,,RURAL,N,N,N,,DAYLIGHT,CLOUDY,DRY,,NO JUNCTION INVOLVED,,ASPHALT,OTHER (DRIVER) - EXPLAIN IN NARRATIVE,$2501 TO $5000,RAN OFF RD,STATERD45NRICHARDSONRD,0,,2022-06-12 12:15:00,,,
MONROE SD,M22A8006,MONROE,VAN BUREN,BLOOMINGTON,2,,0,0,0,,W ST RD 45,,,,,W ST RD 45,,,,,N,,0.0,,39.16944635779859,-86.53358721342912,,,,,RURAL,N,N,N,,DAYLIGHT,CLEAR,DRY,,NO JUNCTION INVOLVED,,ASPHALT,FAILURE TO YIELD RIGHT OF WAY,$1001 TO $2500,REAR END,WSTATERD45,0,,2022-04-08 02:08:00,,,
BLOOMINGTON PD,B22-17436,MONROE,PERRY,BLOOMINGTON,2,,0,0,0,,E HILLSIDE DR,,,,,E HILLSIDE DR,S LONGWOOD DR,,,,Y,,422.0,,39.17167,-86.53483,LOCAL/CITY RD,,,,URBAN,N,N,N,,DAYLIGHT,CLEAR,DRY,,NO JUNCTION INVOLVED,,ASPHALT,FOLLOWING TOO CLOSELY,$2501 TO $5000,REAR END,SLONGWOODDREHILLSIDEDR,0,,2022-05-12 17:21:00,,,
BLOOMINGTON PD,B22-12051,MONROE,BLOOMINGTON,BLOOMINGTON,2,,1,0,0,,ST RD 46,,,,,ST RD 46,EASTGATE LN,,,,Y,,0.0,,39.22103492592977,-86.60541180582537,LOCAL/CITY RD,,,,URBAN,N,N,N,,DAYLIGHT,RAIN,WET,,FOUR-WAY INTERSECTION,,ASPHALT,FOLLOWING TOO CLOSELY,$2501 TO $5000,REAR END,STATERD46EASTGATELN,0,,2022-04-07 16:26:00,,,
BLOOMINGTON PD,B22-15295,MONROE,VAN BUREN,BLOOMINGTON,2,,0,0,0,,S LIBERTY DR,,,,,S LIBERTY DR,W 3RD ST,,,,Y,,0.0,,39.24056083152001,-86.49824976465045,LOCAL/CITY RD,,,,URBAN,N,N,N,,DAYLIGHT,CLEAR,DRY,,FOUR-WAY INTERSECTION,,ASPHALT,FOLLOWING TOO CLOSELY,$2501 TO $5000,REAR END,W.3RDSTS.LIBERTYDR,0,,2022-04-28 12:10:00,,,
MONROE SD,M22A12686,MONROE,SALT CREEK,BLOOMINGTON,1,,0,0,1,,ST RD 46,,,,,ST RD 46,N GETTYS CREEK RD,,,,N,,422.0,,39.17904,-86.53774,ST RD,,,,RURAL,N,N,N,,DAWN/DUSK,CLEAR,DRY,,NO JUNCTION INVOLVED,,ASPHALT,ANIMAL/OBJECT IN RDWAY,$5001 TO $10000,COLLISION WITH DEER,STATERD46NGETTYSCREEKRD,0,,2022-05-31 21:11:00,,,
BLOOMINGTON PD,B2213977,MONROE,BLOOMINGTON,BLOOMINGTON,2,,0,0,0,,S WALNUT ST,,,,,S WALNUT ST,E 1ST,,,,Y,,0.0,,39.16706380731008,-86.51632703679016,,,,,URBAN,N,N,N,,DAYLIGHT,RAIN,WET,,NO JUNCTION INVOLVED,,ASPHALT,UNSAFE BACKING,$1001 TO $2500,BACKING CRASH,SWALNUTSTE1STST,0,,2022-04-21 08:19:00,,,
BLOOMINGTON PD,B22-28099,MONROE,PERRY,BLOOMINGTON,1,,0,0,0,,S WASHINGTON ST,,,,,S WASHINGTON ST,E 3RD ST,,,,Y,,0.0,,39.149347652587245,-86.57286543270709,PRIVATE DR,,,,URBAN,N,N,N,,DAYLIGHT,CLEAR,DRY,,NO JUNCTION INVOLVED,,CONCRETE,DRIVER DISTRACTED - EXPLAIN IN NARRATIVE,$25001 TO $50000,COLLISION WITH OBJECT IN RD,SWASHINGTONSTE 3RDST,0,,2022-07-22 08:27:00,,,
BLOOMINGTON PD,B22-11608,MONROE,PERRY,BLOOMINGTON,3,,2,0,0,,W COUNTRY CLUB DR,,,,,W COUNTRY CLUB DR,S BANTA AVE,,,,Y,,950.0,,39.16686170857229,-86.4949153975023,LOCAL/CITY RD,,,,URBAN,N,N,N,,DAYLIGHT,CLEAR,DRY,,NO JUNCTION INVOLVED,,ASPHALT,FOLLOWING TOO CLOSELY,$25001 TO $50000,REAR END,WCOUNTRYCLUBDRSBANTAAVE,0,,2022-04-04 16:32:00,,,
INDIANA UNIV BLOOMINGTON PD,220923,MONROE,BLOOMINGTON,BLOOMINGTON,2,,0,0,0,,E 3RD ST,,,,,E 3RD ST,S HAWTHORNE DR,,,,Y,,106.0,,39.122355139117616,-86.6143145004868,LOCAL/CITY RD,,,,URBAN,N,N,N,,DAYLIGHT,CLEAR,DRY,,NO JUNCTION INVOLVED,,ASPHALT,UNSAFE LN MOVEMENT,$25001 TO $50000,SAME DIRECTION SIDESWIPE,SHAWTHORNEDRE 3RDST,0,,2022-03-09 18:23:00,,,
BLOOMINGTON PD,B22-38196,MONROE,PERRY,BLOOMINGTON,2,,0,0,0,,S RENWICK BLVD,,,,,S RENWICK BLVD,E CATHCART ST,,,,Y,,0.0,,39.1469,-86.52428,LOCAL/CITY RD,,,,URBAN,N,N,N,,DAYLIGHT,CLEAR,DRY,,FOUR-WAY INTERSECTION,,ASPHALT,FAILURE TO YIELD RIGHT OF WAY,$5001 TO $10000,LEFT TURN,SRENWICKBLVDECATHCARTST,0,,2022-09-21 11:00:00,,,
BLOOMINGTON PD,B22-17966,MONROE,BLOOMINGTON,BLOOMINGTON,2,,0,0,0,,N LINCOLN ST,,,,,N LINCOLN ST,E 17TH ST,,,,Y,,0.0,,39.175050963926296,-86.5190492119775,LOCAL/CITY RD,,,,URBAN,N,N,N,,DAYLIGHT,CLEAR,DRY,,NO JUNCTION INVOLVED,,ASPHALT,IMPROPER PASSING,$5001 TO $10000,SAME DIRECTION SIDESWIPE,NLINCOLNSTE17THST,0,,2022-05-16 15:35:00,,,
ELLETTSVILLE PD,E22-01238,MONROE,RICHLAND,ELLETTSVILLE,2,,0,0,0,,BEECHWOOD DR,,,,,BEECHWOOD DR,RIDGE SPRINGS LN,,,,Y,,0.0,,39.12232856125585,-86.5740516158326,COUNTY RD,,,,RURAL,N,N,N,,DAYLIGHT,CLEAR,DRY,,T-INTERSECTION,,ASPHALT,UNSAFE BACKING,$1001 TO $2500,BACKING CRASH,RIDGESPRINGSLNBEECHWOODDR,0,,2022-04-06 03:42:00,,,
BLOOMINGTON PD,B22-41050,MONROE,BLOOMINGTON,BLOOMINGTON,1,,0,0,0,,W ST RD 45/46,,,,,W ST RD 45/46,N MONROE ST,,,,Y,,0.0,,39.17014622942201,-86.50141022571081,ST RD,,,,URBAN,N,N,N,,DAYLIGHT,CLOUDY,DRY,,T-INTERSECTION,,ASPHALT,LEFT OF CENTER,$2501 TO $5000,OTHER - EXPLAIN IN NARRATIVE,WST RD 45/46BYPASSN.MONROEST,0,,2022-10-06 12:46:00,,,
ELLETTSVILLE PD,E2201837,MONROE,,,2,,0,0,0,,ST RD 46 W,,,,,ST RD 46 W,RED HILL RD,,,,Y,,0.0,,39.15054556,-86.51743839,ST RD,,,,URBAN,N,N,N,,DAYLIGHT,CLEAR,DRY,,FOUR-WAY INTERSECTION,,ASPHALT,FAILURE TO YIELD RIGHT OF WAY,$2501 TO $5000,RIGHT ANGLE,STATERD46 WREDHILLRD,0,,2022-05-16 17:35:00,,,
BLOOMINGTON PD,B22-30026,MONROE,PERRY,BLOOMINGTON,2,,0,0,0,,E 2ND ST,,,,,E 2ND ST,S WALNUT ST,,,,Y,,0.0,,39.18638770159554,-86.53771390181679,LOCAL/CITY RD,,,,URBAN,N,N,N,,DAYLIGHT,CLEAR,DRY,,FOUR-WAY INTERSECTION,,ASPHALT,DISREGARD SIGNAL/REG SIGN,$1001 TO $2500,RIGHT ANGLE,SWALNUTSTE 2NDST,0,,2022-07-23 22:00:00,,,
BLOOMINGTON PD,B22-29668,MONROE,BLOOMINGTON,BLOOMINGTON,1,,1,0,0,,W CHEROKEE DR,,,,,W CHEROKEE DR,S ROGERS ST,,,,Y,,0.0,,39.17251343066422,-86.52240594072326,,,,,URBAN,N,N,N,,DAYLIGHT,CLOUDY,DRY,,NO JUNCTION INVOLVED,,ASPHALT,OVERCORRECTING/OVERSTEERING,$1001 TO $2500,RAN OFF RD,WCHEROKEEDRSROGERSST,0,,2022-08-02 12:53:00,,,
BLOOMINGTON PD,B22-33562,MONROE,BLOOMINGTON,BLOOMINGTON,2,,0,0,0,,E 10TH ST,,,,,E 10TH ST,N WOODLAWN AVE,,,,Y,,0.0,,39.16450848234504,-86.56799273485693,LOCAL/CITY RD,,,,URBAN,N,N,N,,DAYLIGHT,CLEAR,DRY,,FOUR-WAY INTERSECTION,,ASPHALT,UNSAFE LN MOVEMENT,$2501 TO $5000,SAME DIRECTION SIDESWIPE,NWOODLAWNAVEE 10THST,0,,2022-08-25 11:11:00,,,
BLOOMINGTON PD,B22-35890,MONROE,BLOOMINGTON,BLOOMINGTON,1,,2,0,0,211,S KIMBLE DR,,,,,S KIMBLE DR,,,,,Y,,0.0,,39.17166146904111,-86.53358079524406,PRIVATE DR,,,,URBAN,N,N,N,,DAYLIGHT,CLEAR,DRY,,NO JUNCTION INVOLVED,,ASPHALT,OTHER (DRIVER) - EXPLAIN IN NARRATIVE,$2501 TO $5000,RAN OFF RD,SKIMBLEDR,0,,2022-09-07 13:20:00,,,
BLOOMINGTON PD,B22-23922,MONROE,BLOOMINGTON,BLOOMINGTON,2,,1,0,0,,N KINSER PK,,,,,N KINSER PK,ST RD 46,,,,Y,,0.0,,39.13919990324025,-86.55552168546463,ST RD,,,,URBAN,N,N,N,,DAYLIGHT,CLEAR,DRY,,FOUR-WAY INTERSECTION,,ASPHALT,FAILURE TO YIELD RIGHT OF WAY,$10001 TO $25000,HEAD ON BETWEEN TWO MOTOR VEHICLES,STATERD46NKINSERPK,0,,2022-06-25 18:40:00,,,
BLOOMINGTON PD,B22-28809,MONROE,BLOOMINGTON,BLOOMINGTON,1,,0,0,0,,CLEAR CREEK TRAILHEAD NORTH,,,,,CLEAR CREEK TRAILHEAD NORTH,,,,,Y,,0.0,,39.11716167593051,-86.53333676310422,LOCAL/CITY RD,,,,URBAN,N,N,N,,DAYLIGHT,CLEAR,DRY,,T-INTERSECTION,,ASPHALT,FOLLOWING TOO CLOSELY,$2501 TO $5000,RAN OFF RD,CLEARCREEKTRAILHEADNORTH,0,,2022-07-27 18:14:00,,,