Agency,Local Code,County,Township,City,Vehicles Involved,Trailers Involved,Number Injured,Number Dead,Number Deer,House Number,Roadway Name,Roadway Suffix,Roadway Number,Roadway Interchange,Roadway Ramp,Roadway Id,Intersecting Road,Intersecting Road Number,Mile Marker,Interchange,Corporate Limits?,Property Type,Feet From,Direction,Latitude,Longitude,Roadway Class,Traffic Control Devices?,Aggressive Driving?,Hit and Run?,Locality,School Zone?,Rumble Strips?,Construction?,Construction Type,Light Condition,Weather Conditions,Surface Condition,Type of Median,Roadway Junction Type,Road Character,Roadway Surface,Primary Factor,Damage Estimate,Manner of Collision,Unique Location Id,State Property Damage?,Traffic Control,DateTime,Address Number,Cyclist Involved,Pedestrian Involved
ELLETTSVILLE PD,E22-01962,MONROE,RICHLAND,ELLETTSVILLE,2,,0,0,0,,E MAIN ST,,,,,E MAIN ST,W TEMPERANCE ST,,,,Y,,0.0,,39.22001849646055,-86.60376250361874,ST RD,,,,URBAN,N,N,N,,DAYLIGHT,RAIN,WET,,NO JUNCTION INVOLVED,,ASPHALT,FOLLOWING TOO CLOSELY,$5001 TO $10000,REAR END,WTEMPERANCESTEMAINST,0,,2022-05-27 07:10:00,,,
INDIANA UNIV BLOOMINGTON PD,223401,MONROE,BLOOMINGTON,BLOOMINGTON,2,,0,0,0,1725,E 3RD ST,,,,,E 3RD ST,,,,,Y,,0.0,,39.16458524750884,-86.53367801249279,LOCAL/CITY RD,,,,URBAN,N,N,N,,DAYLIGHT,CLEAR,DRY,,NO JUNCTION INVOLVED,,ASPHALT,UNSAFE BACKING,$1001 TO $2500,BACKING CRASH,E 3RDST,0,,2022-09-19 02:00:00,,,
BLOOMINGTON PD,B22-04845,MONROE,PERRY,BLOOMINGTON,2,,0,0,0,,S SMITH RD,,,,,S SMITH RD,E MOORES PK,,,,Y,,0.0,,39.164583607942426,-86.58297479496412,LOCAL/CITY RD,,,,URBAN,N,N,N,,DAYLIGHT,SNOW,DRY,,FOUR-WAY INTERSECTION,,ASPHALT,FAILURE TO YIELD RIGHT OF WAY,$2501 TO $5000,RIGHT ANGLE,SSMITHRDEMOORESPK,0,,2022-02-12 14:05:00,,,
MONROE SD,M22A14124,MONROE,VAN BUREN,BLOOMINGTON,2,,0,0,0,,S LEONARD SPRINGS RD,,,,,S LEONARD SPRINGS RD,W LEONARD SPRINGS RD,,,,N,,0.0,,39.16467632658499,-86.52796319901688,LOCAL/CITY RD,,,,RURAL,N,N,N,,DAYLIGHT,CLEAR,DRY,,T-INTERSECTION,,ASPHALT,FAILURE TO YIELD RIGHT OF WAY,$5001 TO $10000,LEFT TURN,WLEONARDSPRINGSRDSLEONARDSPRINGSRD,0,,2022-06-15 16:13:00,,,
INDIANA UNIV BLOOMINGTON PD,220353,MONROE,BLOOMINGTON,BLOOMINGTON,2,,1,0,0,,E 3RD ST,,,,,E 3RD ST,S FESS AVE,,,,Y,,0.0,,39.14497615453489,-86.5777872233994,LOCAL/CITY RD,,,,URBAN,N,N,N,,DAYLIGHT,CLEAR,DRY,,T-INTERSECTION,,ASPHALT,FOLLOWING TOO CLOSELY,$5001 TO $10000,REAR END,SFESSAVEE 3RDST,0,,2022-01-31 15:10:00,,,
MONROE SD,M22A22317,MONROE,CLEAR CREEK,BLOOMINGTON,1,,0,0,0,,S STRAIN RIDGE RD,,,,,S STRAIN RIDGE RD,E MONROE DAM RD,,,,N,,0.0,,39.16408283366548,-86.57752202234451,COUNTY RD,,,,URBAN,N,N,N,,DAYLIGHT,RAIN,WET,,T-INTERSECTION,,ASPHALT,RDWAY SURFACE CONDITION,$5001 TO $10000,RAN OFF RD,SSTRAINRIDGERDEMONROEDAMRD,0,,2022-09-10 17:51:00,,,
ELLETTSVILLE PD,E2202554,MONROE,RICHLAND,ELLETTSVILLE,2,0.0,0,0,0,,SALE,ST,,,,SALE,ST RD 46,,,,Y,,25.0,S,39.145739642916,-86.53941612368762,LOCAL/CITY RD,,N,N,URBAN,N,N,N,,DAYLIGHT,CLEAR,DRY,,T-INTERSECTION,STRAIGHT/LEVEL,ASPHALT,FAILURE TO YIELD RIGHT OF WAY,$1001 TO $2500,SAME DIRECTION SIDESWIPE,SALESTST RD 46HWY,0,LN CONTROL,2022-07-09 09:59:00,,,
BLOOMINGTON PD,B22-28388,MONROE,VAN BUREN,BLOOMINGTON,2,,0,0,0,,W LILAC LN,,,,,W LILAC LN,,,,,Y,,0.0,,39.22998568313713,-86.4316675776859,LOCAL/CITY RD,,,,URBAN,N,N,N,,DAYLIGHT,CLEAR,DRY,,NO JUNCTION INVOLVED,,ASPHALT,IMPROPER LN USAGE,$1001 TO $2500,OPPOSITE DIRECTION SIDESWIPE,WLILACLN,0,,2022-07-24 15:00:00,,,
INDIANA UNIV BLOOMINGTON PD,220963,MONROE,BLOOMINGTON,BLOOMINGTON,2,,0,0,0,,N UNION ST,,,,,N UNION ST,E 10TH ST,,,,Y,,0.0,,39.164187814212944,-86.49830663306379,LOCAL/CITY RD,,,,URBAN,N,N,N,,DARK (LIGHTED),CLEAR,DRY,,FOUR-WAY INTERSECTION,,ASPHALT,UNSAFE BACKING,$1001 TO $2500,BACKING CRASH,NUNIONSTE 10THST,0,,2022-03-11 23:03:00,,,
MONROE SD,M22A12712,MONROE,VAN BUREN,BLOOMINGTON,1,,0,0,0,3585,W ST RD 45,,,,,W ST RD 45,,,,,N,,0.0,,39.164420088822986,-86.55634507390636,PRIVATE DR,,,,URBAN,N,N,N,,DAYLIGHT,CLEAR,DRY,,NO JUNCTION INVOLVED,,ASPHALT,OTHER (DRIVER) - EXPLAIN IN NARRATIVE,$5001 TO $10000,LEFT TURN,WSTATERD45,0,,2022-06-01 08:02:00,,,
MONROE SD,M22A2882,MONROE,VAN BUREN,ELLETTSVILLE,1,,0,0,0,,W TEMPERANCE ST,,,,,W TEMPERANCE ST,N MATHEWS DR,,,,Y,,0.0,,,,LOCAL/CITY RD,,,,URBAN,N,N,N,,DARK (LIGHTED),CLEAR,DRY,,T-INTERSECTION,,ASPHALT,UNSAFE SPEED,$2501 TO $5000,RAN OFF RD,WTEMPERANCESTNMATHEWSDR,0,,2022-02-07 00:17:00,,,
BLOOMINGTON PD,B22-17067,MONROE,PERRY,BLOOMINGTON,2,,0,0,0,,S ROGERS ST,,,,,S ROGERS ST,W PATTERSON DR,,,,Y,,0.0,,39.1695,-86.53613,LOCAL/CITY RD,,,,URBAN,N,N,N,,DAYLIGHT,CLEAR,DRY,,NO JUNCTION INVOLVED,,ASPHALT,UNSAFE LN MOVEMENT,$1001 TO $2500,REAR END,WPATTERSONDRSROGERSST,0,,2022-05-10 14:47:00,,,
INDIANA UNIV BLOOMINGTON PD,223911,MONROE,BLOOMINGTON,BLOOMINGTON,2,,0,0,0,,E 10TH ST,,,,,E 10TH ST,,,,,Y,,0.0,,39.22550399657125,-86.61283154143351,PRIVATE DR,,,,URBAN,N,N,N,,DARK (LIGHTED),CLOUDY,WET,,NO JUNCTION INVOLVED,,ASPHALT,UNSAFE BACKING,$2501 TO $5000,BACKING CRASH,E 10THST,0,,2022-10-12 12:30:00,,,
MONROE SD,M22A11112,MONROE,BENTON,BLOOMINGTON,1,,1,0,0,,SHILO RD,,,,,SHILO RD,,,,,N,,0.0,,39.21511748605928,-86.59271673635597,COUNTY RD,,,,RURAL,N,N,N,,DAWN/DUSK,RAIN,WET,,NO JUNCTION INVOLVED,,ASPHALT,SPEED TOO FAST FOR WEATHER CONDITIONS,$25001 TO $50000,OTHER - EXPLAIN IN NARRATIVE,SHILORD,0,,2022-05-14 07:47:00,,,
MONROE SD,M22A24746,MONROE,RICHLAND,ELLETTSVILLE,1,,0,0,0,4645,W RICHLAND PLZ,,,,,W RICHLAND PLZ,,,,,Y,,0.0,,39.15766929896228,-86.49758500471867,PRIVATE DR,,,,URBAN,N,N,N,,DAYLIGHT,CLEAR,DRY,,NO JUNCTION INVOLVED,,ASPHALT,OTHER (DRIVER) - EXPLAIN IN NARRATIVE,$2501 TO $5000,OTHER - EXPLAIN IN NARRATIVE,WRICHLANDPLZ,0,,2022-10-08 14:20:00,,,
INDIANA UNIV BLOOMINGTON PD,222230,MONROE,BLOOMINGTON,BLOOMINGTON,2,,0,0,0,,N FESS AVE,,,,,N FESS AVE,,,,,Y,,0.0,,39.15988152096443,-86.55383074831688,PRIVATE DR,,,,URBAN,N,N,N,,DAYLIGHT,CLEAR,DRY,,NO JUNCTION INVOLVED,,ASPHALT,UNDER STEERING/UNDER CORRECTING,$1001 TO $2500,OPPOSITE DIRECTION SIDESWIPE,NFESSAVE,0,,2022-06-23 00:00:00,,,
MONROE SD,M22A21303,MONROE,PERRY,BLOOMINGTON,2,,0,0,0,,W DILLMAN RD,,,,,W DILLMAN RD,ST RD 37,,,,N,,0.0,,39.152593932279025,-86.37112762509962,,,,,RURAL,N,N,N,,DAYLIGHT,CLEAR,DRY,,FIVE POINT OR MORE,,ASPHALT,ACCELERATOR FAILURE OR DEFECTIVE,$2501 TO $5000,HEAD ON BETWEEN TWO MOTOR VEHICLES,WDILLMANRDSTATERD37,0,,2022-08-30 05:41:00,,,
MONROE SD,M22A8727,MONROE,BLOOMINGTON,BLOOMINGTON,2,,0,0,0,,W 7TH ST,,,,,W 7TH ST,N ROGERS ST,,,,N,,0.0,,39.22420844250217,-86.45450521641864,COUNTY RD,,,,URBAN,N,N,N,,DAWN/DUSK,CLEAR,DRY,,FOUR-WAY INTERSECTION,,ASPHALT,FAILURE TO YIELD RIGHT OF WAY,$5001 TO $10000,OPPOSITE DIRECTION SIDESWIPE,W7THSTNROGERSST,0,,2022-04-18 08:37:00,,,
BLOOMINGTON PD,B22-27982,MONROE,BLOOMINGTON,BLOOMINGTON,2,,0,0,0,,ST RD 45/46,,,,,ST RD 45/46,E DISCOVERY PKWY,,,,Y,,0.0,,39.13656,-86.5544,ST RD,,,,URBAN,N,N,N,,DAYLIGHT,CLEAR,DRY,,T-INTERSECTION,,ASPHALT,FOLLOWING TOO CLOSELY,$5001 TO $10000,REAR END,STATERD45/46EDISCOVERYPKWY,0,,2022-07-21 13:50:00,,,
INDIANA UNIV BLOOMINGTON PD,221208,MONROE,BLOOMINGTON,BLOOMINGTON,1,,0,0,0,,E 10TH ST,,,,,E 10TH ST,ACCESS DR TO HILLTOP GARDEN,,,,Y,,898.0,,39.16829481268017,-86.52178361371185,LOCAL/CITY RD,,,,URBAN,N,N,N,,DARK (NOT LIGHTED),CLEAR,WET,,NO JUNCTION INVOLVED,,ASPHALT,SPEED TOO FAST FOR WEATHER CONDITIONS,$25001 TO $50000,RAN OFF RD,E 10THSTACCESSDRTOHILLTOPGARDENS,0,,2022-04-01 00:40:00,,,
BLOOMINGTON PD,B22-07056,MONROE,BLOOMINGTON,BLOOMINGTON,2,,0,0,0,,W BLOOMFIELD RD,,,,,W BLOOMFIELD RD,S STONE DR,,,,Y,,0.0,,39.09247611,-86.42405597,LOCAL/CITY RD,,,,URBAN,N,N,N,,DAYLIGHT,CLEAR,DRY,,NO JUNCTION INVOLVED,,ASPHALT,IMPROPER PASSING,$2501 TO $5000,SAME DIRECTION SIDESWIPE,WBLOOMFIELDRDSSTONEDR,0,,2022-03-03 07:52:00,,,
BLOOMINGTON PD,B22-28380,MONROE,BLOOMINGTON,BLOOMINGTON,2,,0,0,0,,E ATWATER AVE,,,,,E ATWATER AVE,S SWAIN AVE,,,,Y,,0.0,,39.16617366708875,-86.47547895131821,LOCAL/CITY RD,,,,URBAN,N,N,N,,DAYLIGHT,CLOUDY,DRY,,FOUR-WAY INTERSECTION,,ASPHALT,UNSAFE LN MOVEMENT,$10001 TO $25000,SAME DIRECTION SIDESWIPE,SSWAINAVEEATWATERAVE,0,,2022-07-24 15:10:00,,,
INDIANA UNIV BLOOMINGTON PD,221068,MONROE,BLOOMINGTON,BLOOMINGTON,2,,0,0,0,509,E 4TH ST,,,,,E 4TH ST,,,,,Y,,0.0,,39.17952530401829,-86.53010841593307,PRIVATE DR,,,,URBAN,N,N,N,,DAYLIGHT,CLEAR,DRY,,NO JUNCTION INVOLVED,,ASPHALT,IMPROPER TURNING,$1001 TO $2500,RIGHT TURN,E4THST,0,,2022-03-21 16:45:00,,,
MONROE SD,M22A12745,MONROE,PERRY,BLOOMINGTON,2,,1,0,0,,S SARE RD,,,,,S SARE RD,E RHORER RD,,,,N,,0.0,,39.16942848689776,-86.52466375359229,LOCAL/CITY RD,,,,RURAL,Y,N,N,,DAYLIGHT,CLEAR,DRY,,NO JUNCTION INVOLVED,,ASPHALT,DRIVER DISTRACTED - EXPLAIN IN NARRATIVE,$5001 TO $10000,REAR END,SSARERDERHORERRD,0,,2022-06-01 12:41:00,,,
BLOOMINGTON PD,B22-21065,MONROE,BLOOMINGTON,BLOOMINGTON,2,,0,0,0,,315 S COLLEGE MALL RD,,,,,S COLLEGE MALL RD,,,,,Y,,0.0,,39.20762286004104,-86.57370778510183,PRIVATE DR,,,,URBAN,N,N,N,,DAYLIGHT,CLOUDY,DRY,,NO JUNCTION INVOLVED,,ASPHALT,UNSAFE BACKING,UNDER $1001,BACKING CRASH,315SCOLLEGEMALLRD,0,,2022-06-06 16:18:00,315.0,,
BLOOMINGTON PD,B22-16002,MONROE,BLOOMINGTON,BLOOMINGTON,3,,0,0,0,,N KINSER PK,,,,,N KINSER PK,ST RD 46,,,,Y,,0.0,,39.1539209390764,-86.49336491931271,ST RD,,,,URBAN,N,N,N,,DAYLIGHT,CLOUDY,DRY,,FOUR-WAY INTERSECTION,,CONCRETE,FAILURE TO YIELD RIGHT OF WAY,$10001 TO $25000,RIGHT ANGLE,ST RD 46NKINSERPK,0,,2022-05-03 10:40:00,,,
MONROE SD,M22A9496,MONROE,SALT CREEK,BLOOMINGTON,3,,7,0,0,,ST RD 46,,,,,ST RD 46,E WOODVIEW DR,,,,N,,0.0,,39.18629,-86.53163,ST RD,,,,RURAL,N,N,N,,DAYLIGHT,CLEAR,DRY,,NO JUNCTION INVOLVED,,ASPHALT,LEFT OF CENTER,$10001 TO $25000,OPPOSITE DIRECTION SIDESWIPE,STATERD46EWOODVIEWDR,0,,2022-04-26 14:11:00,,,
BLOOMINGTON PD,B22-32409,MONROE,PERRY,BLOOMINGTON,2,,0,0,0,,E 4TH ST,,,,,E 4TH ST,S MADISON ST,,,,Y,,200.0,,39.16421445174071,-86.51530025793616,LOCAL/CITY RD,,,,URBAN,N,N,N,,UNKNOWN,CLEAR,DRY,,NO JUNCTION INVOLVED,,ASPHALT,OVERCORRECTING/OVERSTEERING,$1001 TO $2500,SAME DIRECTION SIDESWIPE,S.MADISONSTE4THST,0,,2022-08-19 07:48:00,,,
BLOOMINGTON PD,B22-40539,MONROE,PERRY,BLOOMINGTON,1,,0,0,0,,S COLLEGE AVE,,,,,S COLLEGE AVE,W 2ND ST,,,,Y,,0.0,,39.22844414891303,-86.61720779172389,LOCAL/CITY RD,,,,URBAN,N,N,N,,DARK (NOT LIGHTED),CLEAR,DRY,,FOUR-WAY INTERSECTION,,ASPHALT,OTHER (DRIVER) - EXPLAIN IN NARRATIVE,$2501 TO $5000,RAN OFF RD,W 2NDSTSCOLLEGEAVE,0,,2022-10-03 19:55:00,,,
INDIANA UNIV BLOOMINGTON PD,220626,MONROE,BLOOMINGTON,BLOOMINGTON,1,,1,0,0,,E 7TH ST,,,,,E 7TH ST,STADIUM DR,,,,Y,,0.0,,39.16437069,-86.51190466,LOCAL/CITY RD,,,,URBAN,N,N,N,,DAYLIGHT,RAIN,WET,,T-INTERSECTION,,ASPHALT,FAILURE TO YIELD RIGHT OF WAY,UNDER $1001,LEFT TURN,STADIUMDRE7THST,1,,2022-02-17 15:08:00,,,True
BLOOMINGTON PD,B22-25149,MONROE,BLOOMINGTON,BLOOMINGTON,1,,0,0,0,,E 9TH ST,,,,,E 9TH ST,N PROW AVE,,,,Y,,0.0,,39.15022,-86.48046,LOCAL/CITY RD,,,,URBAN,N,N,N,,DARK (NOT LIGHTED),CLOUDY,DRY,,NO JUNCTION INVOLVED,,ASPHALT,OTHER (DRIVER) - EXPLAIN IN NARRATIVE,$1001 TO $2500,SAME DIRECTION SIDESWIPE,NPROWAVEE9THST,0,,2022-07-03 09:20:00,,,
BLOOMINGTON PD,B22-15381,MONROE,PERRY,BLOOMINGTON,2,,0,0,0,3900,E 3RD ST,,,,,E 3RD ST,,,,,Y,,0.0,,39.12305906525267,-86.58268451397822,PRIVATE DR,,,,URBAN,N,N,N,,DARK (LIGHTED),CLOUDY,DRY,,NO JUNCTION INVOLVED,,ASPHALT,UNSAFE BACKING,UNDER $1001,BACKING CRASH,E 3RDST,0,,2022-04-28 21:10:00,,,
MONROE SD,M22A21605,MONROE,BLOOMINGTON,BLOOMINGTON,1,,1,0,0,,E ROBINSON RD,,,,,E ROBINSON RD,N MILLER RD,,,,N,,3700.0,,39.16428,-86.52586,LOCAL/CITY RD,,,,RURAL,N,N,N,,DAYLIGHT,CLEAR,DRY,,NO JUNCTION INVOLVED,,ASPHALT,DRIVER ASLEEP OR FATIGUED,$5001 TO $10000,RAN OFF RD,NMILLERRDEROBINSONRD,0,,2022-09-02 15:14:00,,,
BLOOMINGTON PD,B22-32496,MONROE,BLOOMINGTON,BLOOMINGTON,2,,0,0,0,528,N WASHINGTON ST,,,,,N WASHINGTON ST,,,,,Y,,0.0,,39.018463670367886,-86.5229193802331,PRIVATE DR,,,,URBAN,N,N,N,,DAYLIGHT,CLEAR,DRY,,NO JUNCTION INVOLVED,,ASPHALT,FAILURE TO YIELD RIGHT OF WAY,$1001 TO $2500,BACKING CRASH,NWASHINGTONST,0,,2022-08-19 14:00:00,,,
MONROE SD,M22A29674,MONROE,WASHINGTON,BLOOMINGTON,1,,0,0,0,,I-69,,,,,I-69,,,129.0,,N,,0.0,,39.233712649901776,-86.62473712669178,INTERSTATE,,,,RURAL,N,N,N,,DARK (NOT LIGHTED),CLEAR,DRY,,NO JUNCTION INVOLVED,,ASPHALT,UNSAFE SPEED,$25001 TO $50000,RAN OFF RD,I-69129,0,,2022-12-04 03:00:00,,,
BLOOMINGTON PD,B22-52305,MONROE,PERRY,BLOOMINGTON,2,,0,0,0,,W SUNSTONE DR,,,,,W SUNSTONE DR,S DELILA STAR DR,,,,Y,,0.0,,39.12903209,-86.58514853,LOCAL/CITY RD,,,,URBAN,N,N,N,,DARK (NOT LIGHTED),CLOUDY,DRY,,FOUR-WAY INTERSECTION,,ASPHALT,UNSAFE BACKING,$2501 TO $5000,BACKING CRASH,WSUNSTONEDRSDELILASTARDR,0,,2022-12-16 19:34:00,,,
BLOOMINGTON PD,B22-47556,MONROE,PERRY,BLOOMINGTON,1,,0,0,0,,S OLIVE ST,,,,,S OLIVE ST,E HILLSIDE DR,,,,Y,,0.0,,39.17152783405418,-86.50949596233114,LOCAL/CITY RD,,,,URBAN,N,N,N,,DAYLIGHT,CLOUDY,DRY,,T-INTERSECTION,,ASPHALT,IMPROPER TURNING,$1001 TO $2500,LEFT TURN,SOLIVESTEHILLSIDEDR,0,,2022-11-14 03:40:00,,,
BLOOMINGTON PD,B22-44867,MONROE,BLOOMINGTON,BLOOMINGTON,2,,0,0,0,,E 3RD ST,,,,,E 3RD ST,S ROOSEVELT ST,,,,Y,,0.0,,39.14198777986707,-86.58008229112407,LOCAL/CITY RD,,,,URBAN,N,N,N,,DAWN/DUSK,CLEAR,DRY,,NO JUNCTION INVOLVED,,ASPHALT,FOLLOWING TOO CLOSELY,$2501 TO $5000,REAR END,SROOSEVELTSTE 3RDST,0,,2022-10-27 18:30:00,,,
BLOOMINGTON PD,B22-47309,MONROE,BLOOMINGTON,BLOOMINGTON,2,,0,0,0,,N WASHINGTON ST,,,,,N WASHINGTON ST,E 17TH ST,,,,Y,,158.0,,39.23483386721511,-86.62633622111639,LOCAL/CITY RD,,,,URBAN,N,N,N,,DARK (NOT LIGHTED),CLEAR,DRY,,NO JUNCTION INVOLVED,,ASPHALT,UNSAFE BACKING,$1001 TO $2500,BACKING CRASH,NWASHINGTONSTE17THST,0,,2022-11-11 22:30:00,,,
BLOOMINGTON PD,B22-49409,MONROE,BLOOMINGTON,BLOOMINGTON,3,,0,0,0,,W 17TH ST,,,,,W 17TH ST,N KINSER PK,,,,Y,,317.0,,39.153782135482075,-86.53876545745639,LOCAL/CITY RD,,,,URBAN,N,N,N,,DAWN/DUSK,CLOUDY,WET,,NO JUNCTION INVOLVED,,ASPHALT,FOLLOWING TOO CLOSELY,$5001 TO $10000,REAR END,W17THSTNKINSERPK,0,,2022-11-28 16:22:00,,,
BLOOMINGTON PD,B23-04320,MONROE,BLOOMINGTON,BLOOMINGTON,2,,0,0,0,1825,N KINSER PK; KROGER,,,,,N KINSER PK,,,,,Y,,0.0,,39.17122773261918,-86.49934579871908,PRIVATE DR,,,,URBAN,N,N,N,,DAYLIGHT,CLEAR,DRY,,NO JUNCTION INVOLVED,,ASPHALT,FAILURE TO YIELD RIGHT OF WAY,$1001 TO $2500,OTHER - EXPLAIN IN NARRATIVE,NKINSERPK;KROGER,0,,2022-12-30 10:00:00,,,
BLOOMINGTON PD,B22-49656,MONROE,PERRY,BLOOMINGTON,2,,0,0,0,,S ROGERS ST,,,,,S ROGERS ST,W 2ND ST,,,,Y,,0.0,,39.270144607287165,-86.44993807322795,LOCAL/CITY RD,,,,URBAN,N,N,N,,DAYLIGHT,CLEAR,DRY,,FOUR-WAY INTERSECTION,,ASPHALT,FOLLOWING TOO CLOSELY,$2501 TO $5000,REAR END,W 2NDSTSROGERSST,0,,2022-11-30 08:53:00,,,
BLOOMINGTON PD,B22-53026,MONROE,PERRY,BLOOMINGTON,2,,0,0,0,,E MOORES PK,,,,,E MOORES PK,S HIGH ST,,,,Y,,0.0,,39.2136768774126,-86.5944485690148,LOCAL/CITY RD,,,,URBAN,N,N,N,,DAWN/DUSK,CLEAR,DRY,,FOUR-WAY INTERSECTION,,ASPHALT,FOLLOWING TOO CLOSELY,$2501 TO $5000,REAR END,SHIGHSTEMOORESPK,0,,2022-12-21 17:18:00,,,
MONROE SD,M22A29860,MONROE,BEAN BLOSSOM,BLOOMINGTON,2,,0,0,0,,W ST RD 46,,,,,W ST RD 46,N COUNTY LINE RD,,,,N,,0.0,,39.17275936,-86.52606941,LOCAL/CITY RD,,,,RURAL,N,N,N,,DAWN/DUSK,FOG/SMOKE/SMOG,WET,,T-INTERSECTION,,ASPHALT,RDWAY SURFACE CONDITION,$5001 TO $10000,REAR END,WSTATERD46NCOUNTYLINERD,0,,2022-12-06 07:46:00,,,
MONROE SD,M22A31168,MONROE,CLEAR CREEK,BLOOMINGTON,1,,1,0,0,,S SOCIETY LN,,,,,S SOCIETY LN,E SMITHVILLE RD,,,,N,,0.0,,39.09295,-86.54602,COUNTY RD,,,,RURAL,N,N,N,,DAYLIGHT,SNOW,ICE,,NO JUNCTION INVOLVED,,ASPHALT,SPEED TOO FAST FOR WEATHER CONDITIONS,$5001 TO $10000,RAN OFF RD,SSOCIETYLNESMITHVILLERD,0,,2022-12-24 08:32:00,,,
BLOOMINGTON PD,B22-46430,MONROE,,BLOOMINGTON,2,,0,0,0,,3160 S WALNUT ST,,,,,S WALNUT ST,,,,,Y,,0.0,,39.1685595622022,-86.53867672242579,PRIVATE DR,,,,URBAN,N,N,N,,DARK (LIGHTED),CLEAR,DRY,,NO JUNCTION INVOLVED,,ASPHALT,UNSAFE BACKING,$1001 TO $2500,BACKING CRASH,3160SWALNUTST,0,,2022-11-05 22:05:00,3160.0,,
BLOOMINGTON PD,B22-51005,MONROE,BLOOMINGTON,BLOOMINGTON,2,,0,0,0,,N INDIANA AVE,,,,,N INDIANA AVE,E 14TH ST,,,,Y,,0.0,,39.17149,-86.49537,LOCAL/CITY RD,,,,URBAN,N,N,N,,DAYLIGHT,RAIN,WET,,T-INTERSECTION,,ASPHALT,FAILURE TO YIELD RIGHT OF WAY,$25001 TO $50000,RIGHT ANGLE,NINDIANAAVEE14THST,0,,2022-12-08 16:27:00,,,
BLOOMINGTON PD,B22-50035,MONROE,BLOOMINGTON,BLOOMINGTON,2,,0,0,0,1330,N ARLINGTON PK DR,,,,,N ARLINGTON PK DR,,,,,Y,,0.0,,39.17150754982595,-86.50488600266729,PRIVATE DR,,,,URBAN,N,N,N,,DAYLIGHT,CLOUDY,DRY,,NO JUNCTION INVOLVED,,ASPHALT,UNSAFE BACKING,$5001 TO $10000,BACKING CRASH,NARLINGTONPKDR,0,,2022-12-02 11:44:00,,,
INDIANA UNIV BLOOMINGTON PD,224947,MONROE,BLOOMINGTON,BLOOMINGTON,2,,0,0,0,,E 3RD ST,,,,,E 3RD ST,S EAGLESON AVE,,,,Y,,0.0,,39.15085298248628,-86.56791460771124,LOCAL/CITY RD,,,,RURAL,N,N,N,,DAYLIGHT,CLOUDY,DRY,,NO JUNCTION INVOLVED,,ASPHALT,IMPROPER PASSING,$1001 TO $2500,SAME DIRECTION SIDESWIPE,SEAGLESON AVEAVEE 3RDST,0,,2022-12-16 12:03:00,,,
BLOOMINGTON PD,B22-43867,MONROE,VAN BUREN,BLOOMINGTON,2,,0,0,0,,W ST RD 45,,,,,W ST RD 45,INDUSTRIAL BLVD,,,,Y,,0.0,,39.163020789040175,-86.51526649608465,ST RD,,,,URBAN,N,N,N,,DAYLIGHT,CLEAR,DRY,,FOUR-WAY INTERSECTION,,ASPHALT,FAILURE TO YIELD RIGHT OF WAY,$5001 TO $10000,LEFT TURN,WSTATERD45INDUSTRIALBLVD,0,,2022-10-22 09:39:00,,,
BLOOMINGTON PD,B22-48499,MONROE,PERRY,BLOOMINGTON,2,,0,0,0,,E 3RD ST,,,,,E 3RD ST,S COLLEGE MALL RD,,,,Y,,0.0,,39.16566988792165,-86.52768761644285,LOCAL/CITY RD,,,,URBAN,N,N,N,,DAYLIGHT,CLEAR,DRY,,FOUR-WAY INTERSECTION,,ASPHALT,FAILURE TO YIELD RIGHT OF WAY,$1001 TO $2500,SAME DIRECTION SIDESWIPE,S.COLLEGEMALLRDE 3RDST,0,,2022-11-21 13:43:00,,,
ELLETTSVILLE PD,E22-05167,MONROE,RICHLAND,ELLETTSVILLE,2,,0,0,0,,N UNION VALLEY RD,,,,,N UNION VALLEY RD,N UNION VALLEY RD,,,,Y,,0.0,,39.12144944562539,-86.51158421425743,LOCAL/CITY RD,,,,URBAN,N,N,N,,DARK (NOT LIGHTED),RAIN,WET,,NO JUNCTION INVOLVED,,CONCRETE,IMPROPER TURNING,$2501 TO $5000,LEFT TURN,NUNIONVALLEYRDNUNIONVALLEYRD,0,,2022-12-08 20:20:00,,,
INDIANA UNIV BLOOMINGTON PD,224195,MONROE,BLOOMINGTON,BLOOMINGTON,2,,2,0,0,,N FEE LN,,,,,N FEE LN,,,600.0,,Y,,600.0,,39.16320293541735,-86.4978102441657,LOCAL/CITY RD,,,,URBAN,N,N,N,,DAYLIGHT,CLEAR,DRY,,NO JUNCTION INVOLVED,,ASPHALT,FOLLOWING TOO CLOSELY,$5001 TO $10000,REAR END,NFEELN,0,,2022-10-29 13:35:00,,,
ISP BLOOMINGTON 33,2.02201E+11,MONROE,WASHINGTON,BLOOMINGTON,1,,1,0,0,,,,37,,,37,,,106.0,,N,,0.0,,39.18640566775525,-86.53772758258184,INTERSTATE,,,,RURAL,N,N,N,,DAWN/DUSK,CLEAR,WET,,NO JUNCTION INVOLVED,,CONCRETE,FAILURE TO MAINTAIN LN,OVER $100000,RAN OFF RD,37106,0,,2022-11-27 17:01:00,,,