Agency,Local Code,County,Township,City,Vehicles Involved,Trailers Involved,Number Injured,Number Dead,Number Deer,House Number,Roadway Name,Roadway Suffix,Roadway Number,Roadway Interchange,Roadway Ramp,Roadway Id,Intersecting Road,Intersecting Road Number,Mile Marker,Interchange,Corporate Limits?,Property Type,Feet From,Direction,Latitude,Longitude,Roadway Class,Traffic Control Devices?,Aggressive Driving?,Hit and Run?,Locality,School Zone?,Rumble Strips?,Construction?,Construction Type,Light Condition,Weather Conditions,Surface Condition,Type of Median,Roadway Junction Type,Road Character,Roadway Surface,Primary Factor,Damage Estimate,Manner of Collision,Unique Location Id,State Property Damage?,Traffic Control,DateTime,Address Number,Cyclist Involved,Pedestrian Involved
BLOOMINGTON PD,B22-42141,MONROE,BLOOMINGTON,BLOOMINGTON,1,,1,0,0,,N WALNUT ST,,,,,N WALNUT ST,E 6TH ST,,,,Y,,317.0,,39.15152533585115,-86.38609962590245,LOCAL/CITY RD,,,,URBAN,N,N,N,,DARK (LIGHTED),CLEAR,DRY,,NO JUNCTION INVOLVED,,ASPHALT,UNSAFE BACKING,UNDER $1001,BACKING CRASH,NWALNUTSTE6THST,1,,2022-09-30 09:00:00,,,True
INDIANA UNIV BLOOMINGTON PD,224190,MONROE,BLOOMINGTON,BLOOMINGTON,1,,0,0,0,,ST RD 45,,,,,ST RD 45,E 17TH ST,,,,Y,,0.0,,39.16560466134621,-86.53743251695147,ST RD,,,,URBAN,N,N,N,,DARK (LIGHTED),CLEAR,DRY,,T-INTERSECTION,,ASPHALT,FAILURE TO YIELD RIGHT OF WAY,$2501 TO $5000,RAN OFF RD,STATERD45E17THST,0,,2022-10-29 06:39:00,,,
BLOOMINGTON PD,B22-44948,MONROE,PERRY,BLOOMINGTON,2,,0,0,0,,E 1ST,,,,,E 1ST,S HAWTHORNE DR,,,,Y,,200.0,,39.16137266119048,-86.5350174669219,LOCAL/CITY RD,,,,URBAN,N,N,N,,DAYLIGHT,CLEAR,DRY,,NO JUNCTION INVOLVED,,ASPHALT,FAILURE TO YIELD RIGHT OF WAY,$2501 TO $5000,LEFT TURN,SHAWTHORNEDRE1STST,0,,2022-10-28 08:56:00,,,
ELLETTSVILLE PD,E22-04749,MONROE,RICHLAND,ELLETTSVILLE,2,,0,0,0,,W RATLIFF RD,,,,,W RATLIFF RD,S DEER RUN,,,,Y,,0.0,,39.1678,-86.49799,COUNTY RD,,,,URBAN,N,N,N,,DAWN/DUSK,RAIN,WET,,T-INTERSECTION,,ASPHALT,DRIVER DISTRACTED - EXPLAIN IN NARRATIVE,$5001 TO $10000,RIGHT TURN,WRATLIFFRDSDEERRUN,0,,2022-11-15 17:15:00,,,
BLOOMINGTON PD,B22-45698,MONROE,BLOOMINGTON,BLOOMINGTON,2,,0,0,0,,N COLLEGE AVE,,,,,N COLLEGE AVE,W 8TH ST,,,,Y,,53.0,,39.17043928996281,-86.52898548773584,LOCAL/CITY RD,,,,URBAN,N,N,N,,DAYLIGHT,CLEAR,DRY,,FOUR-WAY INTERSECTION,,ASPHALT,IMPROPER TURNING,$5001 TO $10000,SAME DIRECTION SIDESWIPE,W8THSTNCOLLEGEAVE,0,,2022-11-01 15:39:00,,,
ISP BLOOMINGTON 33,2.02201E+11,MONROE,BLOOMINGTON,BLOOMINGTON,1,,0,0,1,,N WALNUT ST,,,,,N WALNUT ST,E WHISNAND RD,,,,N,,0.0,,39.16423523,-86.47952803,COUNTY RD,,,,RURAL,N,N,N,,DARK (NOT LIGHTED),SNOW,DRY,,NO JUNCTION INVOLVED,,CONCRETE,ANIMAL/OBJECT IN RDWAY,$1001 TO $2500,COLLISION WITH ANIMAL OTHER,NWALNUTSTEWHISNANDRD,0,,2022-12-17 23:50:00,,,
ELLETTSVILLE PD,E22-05456,MONROE,RICHLAND,ELLETTSVILLE,2,,0,0,0,4681,W RICHLAND PLAZA DR,,,,,W RICHLAND PLAZA DR,,,,,Y,,0.0,,39.25097672164228,-86.47010567517164,PRIVATE DR,,,,URBAN,N,N,N,,DAYLIGHT,CLEAR,DRY,,NO JUNCTION INVOLVED,,ASPHALT,UNSAFE BACKING,$2501 TO $5000,BACKING CRASH,WRICHLANDPLAZADR,0,,2022-12-28 16:05:00,,,
MONROE SD,M22A30527,MONROE,VAN BUREN,BLOOMINGTON,2,,0,0,0,,S ROCKPORT RD,,,,,S ROCKPORT RD,W STANSIFER LN,,,,N,,0.0,,39.18421783,-86.51777602,,,,,RURAL,N,N,N,,DAYLIGHT,RAIN,WET,,NO JUNCTION INVOLVED,,ASPHALT,FOLLOWING TOO CLOSELY,$2501 TO $5000,REAR END,WSTANSIFERLNSROCKPORTRD,0,,2022-12-14 01:44:00,,,
MONROE SD,M22A27232,MONROE,VAN BUREN,BLOOMINGTON,2,,0,0,0,,JEFFREY RD,,,,,JEFFREY RD,JUDD AVE,,,,N,,0.0,,39.17147818971071,-86.53234721870032,LOCAL/CITY RD,,,,URBAN,N,N,N,,DAWN/DUSK,CLOUDY,DRY,,NO JUNCTION INVOLVED,,ASPHALT,UNSAFE BACKING,$2501 TO $5000,BACKING CRASH,JUDDAVEJEFFREYRD,0,,2022-11-05 19:20:00,,,
ELLETTSVILLE PD,E2204598,MONROE,RICHLAND,ELLETTSVILLE,2,0.0,0,0,0,,,,ST RD 46 W,,,ST RD 46 W,SALE,,,,Y,,,,39.31078878049074,-86.51349317834404,ST RD,Y,N,N,URBAN,N,N,N,,DAYLIGHT,CLEAR,DRY,,NO JUNCTION INVOLVED,STRAIGHT/LEVEL,ASPHALT,FAILURE TO YIELD RIGHT OF WAY,$1001 TO $2500,SAME DIRECTION SIDESWIPE,SALESTST RD 46 W,0,TRAFFIC CONTROL SIGNAL,2022-11-06 12:27:00,,,
ISP BLOOMINGTON 33,2.02201E+11,MONROE,BLOOMINGTON,BLOOMINGTON,2,,0,0,0,,W TAPP RD,,,,,W TAPP RD,HICKORY HEIGHTS TRLR PARK,,,,N,,264.0,,39.13915295565051,-86.55725004139128,LOCAL/CITY RD,,,,URBAN,N,N,N,,DARK (LIGHTED),CLEAR,DRY,,TRAFFIC CIRCLE/ROUNDABOUT,,ASPHALT,FAILURE TO YIELD RIGHT OF WAY,$5001 TO $10000,RIGHT ANGLE,WTAPPRDHICKORYHEIGHTSTRLRPARK,0,,2022-12-21 07:45:00,,,
BLOOMINGTON PD,B22-48432,MONROE,RICHLAND,BLOOMINGTON,2,,3,0,0,,W 3RD ST,,,100,C,W 3RD ST,,,,,Y,,0.0,,39.150526265503245,-86.51884662694283,LOCAL/CITY RD,,,,URBAN,N,N,N,,DAYLIGHT,CLEAR,DRY,,FOUR-WAY INTERSECTION,,ASPHALT,DISREGARD SIGNAL/REG SIGN,$10001 TO $25000,RIGHT ANGLE,W 3RDST100C,0,,2022-11-21 08:25:00,,,
MONROE SD,M22A25812,MONROE,PERRY,BLOOMINGTON,1,,1,0,1,,I-69 S,,,,,I-69 S,,,69.0,,N,,0.0,,39.164256765640886,-86.5060416063199,INTERSTATE,,,,RURAL,N,Y,N,,DARK (NOT LIGHTED),CLEAR,DRY,,NO JUNCTION INVOLVED,,CONCRETE,ANIMAL/OBJECT IN RDWAY,$10001 TO $25000,COLLISION WITH DEER,SINTERSTATE69,0,,2022-10-20 23:08:00,,,
INDIANA UNIV BLOOMINGTON PD,224790,MONROE,BLOOMINGTON,BLOOMINGTON,2,,0,0,0,,E 7TH ST,,,,,E 7TH ST,E 7TH ST,,,,Y,,0.0,,39.178936457375976,-86.53226134959112,LOCAL/CITY RD,,,,RURAL,N,N,N,,DAYLIGHT,CLOUDY,DRY,,NO JUNCTION INVOLVED,,ASPHALT,IMPROPER TURNING,$1001 TO $2500,LEFT TURN,E7THSTE7THST,0,,2022-12-07 14:00:00,,,
INDIANA UNIV BLOOMINGTON PD,224068,MONROE,BLOOMINGTON,BLOOMINGTON,2,,0,0,0,,ST RD 45,,,,,ST RD 45,WALKWAY,,,,Y,,0.0,,39.17900400114747,-86.53778052105176,ST RD,,,,URBAN,N,N,N,,DAYLIGHT,CLEAR,DRY,,T-INTERSECTION,,ASPHALT,FOLLOWING TOO CLOSELY,$1001 TO $2500,SAME DIRECTION SIDESWIPE,WALKWAYSTATERD45,0,,2022-10-22 12:43:00,,,
MONROE SD,M22A26514,MONROE,PERRY,BLOOMINGTON,1,,0,0,1,,S ST RD 37,,,,,S ST RD 37,S ROGERS ST,,,,N,,0.0,,39.18769361739451,-86.53963251219301,COUNTY RD,,,,RURAL,N,N,N,,DARK (NOT LIGHTED),CLEAR,DRY,,NO JUNCTION INVOLVED,,ASPHALT,ANIMAL/OBJECT IN RDWAY,$5001 TO $10000,COLLISION WITH DEER,SROGERSSTSOLDSTATERD37,0,,2022-10-28 07:49:00,,,
BLOOMINGTON PD,B22-50090,MONROE,BLOOMINGTON,BLOOMINGTON,2,,0,0,0,,E 7TH ST,,,,,E 7TH ST,N DUNN ST,,,,Y,,0.0,,39.16134315341855,-86.53872733788265,LOCAL/CITY RD,,,,URBAN,N,N,N,,DAYLIGHT,CLOUDY,WET,,FOUR-WAY INTERSECTION,,ASPHALT,FAILURE TO YIELD RIGHT OF WAY,$2501 TO $5000,RIGHT ANGLE,NDUNNSTE7THST,0,,2022-12-02 17:02:00,,,
MONROE SD,M22A25562,MONROE,VAN BUREN,,2,,1,0,0,,S BUNGER RD,,,,,S BUNGER RD,W ST RD 45,,,,N,,0.0,,39.1504769694928,-86.50845164076425,,,,,RURAL,N,N,Y,INTERMITTENT OR MOVING WORK,DAWN/DUSK,CLEAR,DRY,,NO JUNCTION INVOLVED,,ASPHALT,DRIVER ASLEEP OR FATIGUED,$5001 TO $10000,REAR END,WSTATERD45SBUNGERRD,0,,2022-10-18 08:16:00,,,
BLOOMINGTON PD,B22-45881,MONROE,BLOOMINGTON,BLOOMINGTON,2,,0,0,0,,W 17TH ST,,,,,W 17TH ST,N KINSER PK,,,,Y,,0.0,,39.15261683295161,-86.37110388561182,LOCAL/CITY RD,,,,URBAN,N,N,N,,DAYLIGHT,CLEAR,DRY,,FOUR-WAY INTERSECTION,,ASPHALT,FAILURE TO YIELD RIGHT OF WAY,$5001 TO $10000,RIGHT ANGLE,W17THSTNKINSERPK,0,,2022-11-02 16:24:00,,,
BLOOMINGTON PD,B22-51696,MONROE,VAN BUREN,BLOOMINGTON,2,,0,0,0,,3700 W 3RD ST,,,,,W 3RD ST,S LIBERTY DR,,,,Y,,1000.0,,39.07087302567244,-86.51792309218165,LOCAL/CITY RD,,,,URBAN,N,N,N,,DAYLIGHT,CLOUDY,DRY,,NO JUNCTION INVOLVED,,ASPHALT,UNDER STEERING/UNDER CORRECTING,$2501 TO $5000,RIGHT TURN,S.LIBERTYDR3700BLKW.3RDST,0,,2022-12-13 11:28:00,3700.0,,
BLOOMINGTON PD,B22-45458,MONROE,BLOOMINGTON,BLOOMINGTON,2,,0,0,0,,N ROGERS ST,,,,,N ROGERS ST,W 10TH ST,,,,Y,,0.0,,-3.6207859457706204e-05,-3.558444774881962e-05,LOCAL/CITY RD,,,,URBAN,N,N,N,,DAYLIGHT,RAIN,WET,,T-INTERSECTION,,ASPHALT,FAILURE TO YIELD RIGHT OF WAY,$1001 TO $2500,RIGHT ANGLE,W.10THSTN.ROGERSST,0,,2022-10-31 10:32:00,,,
INDIANA UNIV BLOOMINGTON PD,224547,MONROE,BLOOMINGTON,BLOOMINGTON,2,,0,0,0,150,N EAGLESON AVE,,,,,N EAGLESON AVE,,,,,Y,,0.0,,39.176068041320164,-86.52702203275403,PRIVATE DR,,,,URBAN,N,N,N,,DAYLIGHT,CLEAR,DRY,,NO JUNCTION INVOLVED,,ASPHALT,UNSAFE BACKING,$1001 TO $2500,BACKING CRASH,NEAGLESONAVE,0,,2022-11-10 10:30:00,,,
BLOOMINGTON PD,B22-50648,MONROE,VAN BUREN,BLOOMINGTON,2,,0,0,0,,W 3RD ST,,,,,W 3RD ST,AT HOME PRIVATE DR,,,,Y,,53.0,,39.18010603,-86.55253526,LOCAL/CITY RD,,,,URBAN,N,N,N,,DAYLIGHT,CLOUDY,DRY,,NO JUNCTION INVOLVED,,ASPHALT,OTHER (VEHICLE) - EXPLAIN IN NARRATIVE,$10001 TO $25000,SAME DIRECTION SIDESWIPE,W 3RDSTATHOMEPRIVATEDR,0,,2022-12-06 15:00:00,,,
BLOOMINGTON PD,B22-50782,MONROE,BLOOMINGTON,BLOOMINGTON,2,,0,0,0,,1000 N WALNUT ST,,,,,N WALNUT ST,,,,,Y,,0.0,,39.16422444296064,-86.51641650212865,PRIVATE DR,,,,URBAN,N,N,N,,DAYLIGHT,CLOUDY,WET,,INTERCHANGE,,ASPHALT,UNSAFE BACKING,$1001 TO $2500,BACKING CRASH,1000N.WALNUTST,0,,2022-12-07 12:03:00,1000.0,,
INDIANA UNIV BLOOMINGTON PD,224687,MONROE,BLOOMINGTON,BLOOMINGTON,2,,0,0,0,1000,N FEE LN,,,,,N FEE LN,,,,,Y,,0.0,,39.14356796694437,-86.5803334927465,PRIVATE DR,,,,URBAN,N,N,N,,DAYLIGHT,CLEAR,DRY,,NO JUNCTION INVOLVED,,ASPHALT,DRIVER DISTRACTED - EXPLAIN IN NARRATIVE,$1001 TO $2500,SAME DIRECTION SIDESWIPE,NFEELN,0,,2022-11-30 13:30:00,,,
ISP BLOOMINGTON 33,2.02201E+11,MONROE,VAN BUREN,BLOOMINGTON,1,,1,0,0,,W ST RD 48,,,,,W ST RD 48,ALTOP MTN.,,,,N,,0.0,,39.16423,-86.49826,ST RD,,,,RURAL,N,N,N,,DARK (NOT LIGHTED),RAIN,WET,,NO JUNCTION INVOLVED,,ASPHALT,FAILURE TO MAINTAIN LN,$5001 TO $10000,RAN OFF RD,WST RD 48ALTOPMTN.,0,,2022-12-10 19:18:00,,,
ELLETTSVILLE PD,E22-04792,MONROE,RICHLAND,ELLETTSVILLE,2,,0,0,0,,IN ST RD 46 W,,,,,IN ST RD 46 W,BRIAR GATE DR.,,,,Y,,0.0,,39.17585,-86.50988,ST RD,,,,URBAN,N,N,N,,DAYLIGHT,CLEAR,DRY,,NO JUNCTION INVOLVED,,CONCRETE,UNSAFE LN MOVEMENT,$2501 TO $5000,SAME DIRECTION SIDESWIPE,INST RD 46 WBRIARGATEDR.,0,,2022-11-18 15:50:00,,,
BLOOMINGTON PD,B22-48912,MONROE,PERRY,BLOOMINGTON,2,,0,0,0,,W COUNTRY CLUB DR,,,,,W COUNTRY CLUB DR,S ROGERS ST,,,,Y,,0.0,,39.181602242861295,-86.51920642760537,LOCAL/CITY RD,,,,URBAN,N,N,N,,DARK (NOT LIGHTED),CLEAR,DRY,,FOUR-WAY INTERSECTION,,ASPHALT,DISREGARD SIGNAL/REG SIGN,$2501 TO $5000,RIGHT ANGLE,WCOUNTRYCLUBDRSROGERSST,0,,2022-11-23 22:40:00,,,
MONROE SD,M22A28122,MONROE,RICHLAND,ELLETTSVILLE,1,,0,0,0,,N UNION VALLEY RD,,,,,N UNION VALLEY RD,W MEADOWVALE DR,,,,N,,0.0,,39.25390019,-86.52765889,COUNTY RD,,,,RURAL,N,N,N,,DAWN/DUSK,CLEAR,DRY,,NO JUNCTION INVOLVED,,ASPHALT,OTHER (DRIVER) - EXPLAIN IN NARRATIVE,$2501 TO $5000,RAN OFF RD,WMEADOWVALEDRNUNIONVALLEYRD,0,,2022-11-16 07:21:00,,,
MONROE SD,M22A28963,MONROE,PERRY,BLOOMINGTON,1,,0,0,0,,ST RD 37,,,,,ST RD 37,,,,,N,,0.0,,39.16754898932665,-86.53364160694872,ST RD,,,,RURAL,N,Y,N,,DAWN/DUSK,CLOUDY,DRY,,NO JUNCTION INVOLVED,,ASPHALT,FAILURE TO MAINTAIN LN,$10001 TO $25000,RAN OFF RD,STATERD37,0,,2022-11-26 16:57:00,,,
BLOOMINGTON PD,B22-43386,MONROE,PERRY,BLOOMINGTON,2,,0,0,0,,S WALNUT ST,,,,,S WALNUT ST,E 2ND ST,,,,Y,,0.0,,39.17970429296009,-86.50727915361544,LOCAL/CITY RD,,,,URBAN,N,N,N,,DAYLIGHT,CLEAR,DRY,,FOUR-WAY INTERSECTION,,ASPHALT,FOLLOWING TOO CLOSELY,$1001 TO $2500,REAR END,SWALNUTSTE 2NDST,0,,2022-10-19 16:53:00,,,
BLOOMINGTON PD,B22-46671,MONROE,VAN BUREN,BLOOMINGTON,2,,1,0,0,,W ST RD 45,,,,,W ST RD 45,W ST RD 45,,,,Y,,0.0,,39.15927490711467,-86.52021112632484,LOCAL/CITY RD,,,,URBAN,N,N,N,,DAYLIGHT,CLEAR,DRY,,FOUR-WAY INTERSECTION,,CONCRETE,FAILURE TO YIELD RIGHT OF WAY,$5001 TO $10000,LEFT TURN,WSTATERD45 WSTATERD45,0,,2022-11-07 16:00:00,,,
MONROE SD,M22A25726,MONROE,CLEAR CREEK,BLOOMINGTON,1,,0,0,0,,E SMITHVILLE RD,,,,,E SMITHVILLE RD,,,,,N,,0.0,,39.21076807401916,-86.61950279768693,LOCAL/CITY RD,,,,RURAL,N,N,N,,DAWN/DUSK,CLEAR,DRY,,NO JUNCTION INVOLVED,,ASPHALT,ANIMAL/OBJECT IN RDWAY,$2501 TO $5000,RAN OFF RD,ESMITHVILLERD,0,,2022-10-20 07:41:00,,,
BLOOMINGTON PD,B22-52339,MONROE,BLOOMINGTON,BLOOMINGTON,2,,0,0,0,,E JOHN HINKLE PL,,,,,E JOHN HINKLE PL,,,,,Y,,0.0,,39.16948819103331,-86.53485894537367,PRIVATE DR,,,,URBAN,N,N,N,,DARK (LIGHTED),CLEAR,DRY,,T-INTERSECTION,,ASPHALT,OTHER (DRIVER) - EXPLAIN IN NARRATIVE,$5001 TO $10000,RIGHT ANGLE,EJOHNHINKLEPL,0,,2022-12-17 00:00:00,,,
MONROE SD,M22A26010,MONROE,RICHLAND,BLOOMINGTON,2,,0,0,0,,W WOODYARD,,,,,W WOODYARD,N CURRY PK,,,,N,,0.0,,39.22262503722716,-86.52911744982131,LOCAL/CITY RD,,,,URBAN,N,N,N,,DAYLIGHT,CLEAR,DRY,,TRAFFIC CIRCLE/ROUNDABOUT,,ASPHALT,FOLLOWING TOO CLOSELY,$5001 TO $10000,REAR END,WWOODYARDRDNCURRYPK,0,,2022-10-23 13:00:00,,,
ISP BLOOMINGTON 33,2022-00610924,MONROE,BLOOMINGTON,BLOOMINGTON,3,,1,0,0,,S CURRY PK,,,,,S CURRY PK,W GLEN OAKS DR,,,,Y,,0.0,,39.217139,-86.59525,LOCAL/CITY RD,,,,URBAN,N,N,N,,DAYLIGHT,RAIN,WET,,NO JUNCTION INVOLVED,,ASPHALT,FOLLOWING TOO CLOSELY,$10001 TO $25000,REAR END,WGLENOAKSDRSCURRYPK,0,,2022-12-22 12:08:00,,,
MONROE SD,M22A29889,MONROE,RICHLAND,BLOOMINGTON,2,,0,0,0,,N CURRY PK,,,,,N CURRY PK,W WOODYARD,,,,N,,0.0,,39.11076794644198,-86.57343060202105,COUNTY RD,,,,RURAL,N,N,N,,DAYLIGHT,CLEAR,DRY,,NO JUNCTION INVOLVED,,ASPHALT,OTHER (DRIVER) - EXPLAIN IN NARRATIVE,$2501 TO $5000,SAME DIRECTION SIDESWIPE,WWOODYARDRDNCURRYPK,0,,2022-12-06 12:20:00,,,
BLOOMINGTON PD,B22-45110,MONROE,BLOOMINGTON,BLOOMINGTON,2,,0,0,0,,N COLLEGE AVE,,,,,N COLLEGE AVE,W KIRKWOOD AVE,,,,Y,,0.0,,39.123638905933575,-86.57409342410496,LOCAL/CITY RD,,,,URBAN,N,N,N,,DARK (LIGHTED),CLEAR,DRY,,FOUR-WAY INTERSECTION,,ASPHALT,DISREGARD SIGNAL/REG SIGN,$5001 TO $10000,RIGHT ANGLE,WKIRKWOODAVENCOLLEGEAVE,0,,2022-10-29 01:09:00,,,
INDIANA UNIV BLOOMINGTON PD,224822,MONROE,BLOOMINGTON,BLOOMINGTON,2,,0,0,0,,ST RD 45,,,,,ST RD 45,E 10TH ST,,,,Y,,0.0,,39.23487939393069,-86.62345566934059,ST RD,,,,URBAN,N,N,N,,DARK (NOT LIGHTED),RAIN,WET,,FOUR-WAY INTERSECTION,,ASPHALT,FOLLOWING TOO CLOSELY,$2501 TO $5000,REAR END,STATERD45E 10THST,0,,2022-12-08 18:07:00,,,
BLOOMINGTON PD,B22-45662,MONROE,VAN BUREN,BLOOMINGTON,2,,0,0,0,,S LIBERTY DR,,,,,S LIBERTY DR,W 3RD ST,,,,Y,,528.0,,39.136997630512596,-86.57442742497035,LOCAL/CITY RD,,,,URBAN,N,N,N,,DAYLIGHT,CLEAR,DRY,,FOUR-WAY INTERSECTION,,ASPHALT,FAILURE TO YIELD RIGHT OF WAY,$2501 TO $5000,RIGHT ANGLE,W 3RDSTSLIBERTYDR,0,,2022-11-01 12:54:00,,,
BLOOMINGTON PD,B22-50677,MONROE,PERRY,BLOOMINGTON,2,,0,0,0,,E 3RD ST,,,,,E 3RD ST,S PETE LLIS DR,,,,Y,,0.0,,39.16461471972083,-86.57402646905652,LOCAL/CITY RD,,,,URBAN,N,N,N,,DARK (LIGHTED),RAIN,WET,,T-INTERSECTION,,ASPHALT,FAILURE TO YIELD RIGHT OF WAY,$1001 TO $2500,RIGHT ANGLE,SPETEELLISDRE 3RDST,0,,2022-12-06 17:57:00,,,
MONROE SD,M22A30528,MONROE,PERRY,BLOOMINGTON,2,,0,0,0,,W DILLMAN RD,,,,,W DILLMAN RD,ST RD 37,,,,N,,0.0,,39.0830214025583,-86.57692255552374,ST RD,,,,URBAN,N,Y,N,,DAYLIGHT,CLOUDY,WET,,FOUR-WAY INTERSECTION,,ASPHALT,FAILURE TO YIELD RIGHT OF WAY,$5001 TO $10000,RIGHT ANGLE,WDILLMANRDSTATERD37,0,,2022-12-14 13:46:00,,,
MONROE SD,M22A27424,MONROE,PERRY,BLOOMINGTON,1,,0,0,1,,ST RD 37,,,,,ST RD 37,E MPIRE MILL RD,,,,N,,0.0,,39.16855,-86.53358,ST RD,,,,RURAL,N,Y,N,,DARK (NOT LIGHTED),CLEAR,DRY,,NO JUNCTION INVOLVED,,ASPHALT,ANIMAL/OBJECT IN RDWAY,$10001 TO $25000,COLLISION WITH DEER,STATERD37EEMPIREMILLRD,0,,2022-11-07 21:48:00,,,
MONROE SD,M22A30542,MONROE,CLEAR CREEK,HARRODSBURG,1,,0,0,0,,S ST RD 37,,,,,S ST RD 37,HARRODSBURG RD,,,,N,,0.0,,39.17152,-86.49793,LOCAL/CITY RD,,,,RURAL,N,N,N,,DARK (NOT LIGHTED),RAIN,WET,,NO JUNCTION INVOLVED,,ASPHALT,ANIMAL/OBJECT IN RDWAY,$2501 TO $5000,COLLISION WITH OBJECT IN RD,SOLDSTATERD37HARRODSBURGRD,0,,2022-12-14 21:01:00,,,
MONROE SD,M22A27312,MONROE,SALT CREEK,BLOOMINGTON,2,,0,0,0,,E KINGS RD,,,,,E KINGS RD,ST RD 46,,,,N,,0.0,,39.16651215482292,-86.53865880620936,ST RD,,,,RURAL,N,N,N,,DAYLIGHT,CLEAR,DRY,,T-INTERSECTION,,ASPHALT,DRIVER DISTRACTED - EXPLAIN IN NARRATIVE,$25001 TO $50000,REAR END,STATERD46EKINGSRD,0,,2022-11-06 17:15:00,,,
MONROE SD,M22A28980,MONROE,CLEAR CREEK,BLOOMINGTON,2,,0,0,0,270,E SMITHVILLE RD,,,,,E SMITHVILLE RD,,,,,N,,0.0,,39.16851341746009,-86.52828028990099,PRIVATE DR,,,,RURAL,N,N,N,,DARK (NOT LIGHTED),RAIN,WET,,NO JUNCTION INVOLVED,,ASPHALT,OVERCORRECTING/OVERSTEERING,$25001 TO $50000,OTHER - EXPLAIN IN NARRATIVE,ESMITHVILLERD,0,,2022-11-26 23:00:00,,,
BLOOMINGTON PD,B22-43490,MONROE,PERRY,BLOOMINGTON,2,,0,0,0,,S HENDERSON ST,,,,,S HENDERSON ST,E WINSLOW RD,,,,Y,,0.0,,39.12919324375668,-86.60429685942108,LOCAL/CITY RD,,,,URBAN,N,N,N,,DAYLIGHT,CLOUDY,DRY,,FOUR-WAY INTERSECTION,,ASPHALT,OTHER (DRIVER) - EXPLAIN IN NARRATIVE,$5001 TO $10000,SAME DIRECTION SIDESWIPE,S.HENDERSONSTEWINSLOWRD,0,,2022-10-20 09:42:00,,,
BLOOMINGTON PD,B22-43886,MONROE,PERRY,BLOOMINGTON,2,,0,0,0,,S CLARIZZ BLVD,,,,,S CLARIZZ BLVD,S WILMINGTON CT,,,,Y,,0.0,,39.17904,-86.53774,LOCAL/CITY RD,,,,URBAN,N,N,N,,DAYLIGHT,CLEAR,DRY,,FOUR-WAY INTERSECTION,,ASPHALT,FAILURE TO YIELD RIGHT OF WAY,$1001 TO $2500,RIGHT ANGLE,SWILMINGTONCTSCLARIZZBLVD,0,,2022-10-22 12:14:00,,,
BLOOMINGTON PD,B22-47777,MONROE,BLOOMINGTON,BLOOMINGTON,2,,0,0,0,,E 3RD ST,,,,,E 3RD ST,S ST RD 45/46 BYPASS,,,,Y,,0.0,,39.16461,-86.57913,LOCAL/CITY RD,,,,URBAN,N,N,N,,DAYLIGHT,CLOUDY,DRY,,FOUR-WAY INTERSECTION,,ASPHALT,UNSAFE LN MOVEMENT,$5001 TO $10000,SAME DIRECTION SIDESWIPE,SSTRD45/46BYPASSE 3RDST,0,,2022-11-16 08:02:00,,,
BLOOMINGTON PD,B22-44769,MONROE,PERRY,BLOOMINGTON,2,,0,0,0,,E 3RD ST,,,,,E 3RD ST,EAGLESON AVE,,,,Y,,0.0,,39.17139,-86.5386,LOCAL/CITY RD,,,,URBAN,N,N,N,,DAYLIGHT,CLEAR,DRY,,FOUR-WAY INTERSECTION,,ASPHALT,UNSAFE LN MOVEMENT,$2501 TO $5000,SAME DIRECTION SIDESWIPE,EAGLESONAVEE 3RDST,0,,2022-10-27 11:21:00,,,
BLOOMINGTON PD,B22-44555,MONROE,PERRY,BLOOMINGTON,3,,0,0,0,,W BLOOMFIELD RD,,,,,W BLOOMFIELD RD,S BASSWOOD DR,,,,Y,,0.0,,39.16737349889043,-86.51499334959367,LOCAL/CITY RD,,,,URBAN,N,N,N,,DAYLIGHT,RAIN,WET,,FOUR-WAY INTERSECTION,,ASPHALT,FOLLOWING TOO CLOSELY,$5001 TO $10000,REAR END,W.BLOOMFIELDRDS.BASSWOODDR,0,,2022-10-26 09:03:00,,,
BLOOMINGTON PD,B22-50930,MONROE,PERRY,BLOOMINGTON,2,,1,0,0,,W COTA DR,,,,,W COTA DR,S DEBORAH DR,,,,Y,,0.0,,39.16463,-86.5803,LOCAL/CITY RD,,,,URBAN,N,N,N,,DAYLIGHT,RAIN,WET,,NO JUNCTION INVOLVED,,ASPHALT,SPEED TOO FAST FOR WEATHER CONDITIONS,$2501 TO $5000,RIGHT ANGLE,WCOTADRSDEBORAHDR,0,,2022-12-08 10:25:00,,,
MONROE SD,M22A25965,MONROE,CLEAR CREEK,BLOOMINGTON,1,,0,0,0,,W GORDON PK,,,,,W GORDON PK,S ROGERS ST,,,,N,,0.0,,-3.666200895743755e-05,-2.4315461494791997e-05,LOCAL/CITY RD,,,,URBAN,N,N,N,,DARK (LIGHTED),CLEAR,DRY,,NO JUNCTION INVOLVED,,ASPHALT,FAILURE TO MAINTAIN LN,$1001 TO $2500,RAN OFF RD,WGORDONPKSROGERSST,0,,2022-10-22 09:45:00,,,
MONROE SD,M22A25872,MONROE,RICHLAND,BLOOMINGTON,2,,0,0,0,,N SMITH PK,,,,,N SMITH PK,W WOODYARD,,,,Y,,0.0,,39.175452887033224,-86.51880079194102,PRIVATE DR,,,,URBAN,N,N,N,,DAYLIGHT,CLEAR,DRY,,NO JUNCTION INVOLVED,,GRAVEL,UNSAFE BACKING,$1001 TO $2500,BACKING CRASH,WWOODYARDRDNSMITHPK,0,,2022-10-21 16:46:00,,,