Agency,Local Code,County,Township,City,Vehicles Involved,Trailers Involved,Number Injured,Number Dead,Number Deer,House Number,Roadway Name,Roadway Suffix,Roadway Number,Roadway Interchange,Roadway Ramp,Roadway Id,Intersecting Road,Intersecting Road Number,Mile Marker,Interchange,Corporate Limits?,Property Type,Feet From,Direction,Latitude,Longitude,Roadway Class,Traffic Control Devices?,Aggressive Driving?,Hit and Run?,Locality,School Zone?,Rumble Strips?,Construction?,Construction Type,Light Condition,Weather Conditions,Surface Condition,Type of Median,Roadway Junction Type,Road Character,Roadway Surface,Primary Factor,Damage Estimate,Manner of Collision,Unique Location Id,State Property Damage?,Traffic Control,DateTime,Address Number,Cyclist Involved,Pedestrian Involved
MONROE SD,M22A29383,MONROE,PERRY,,2,,0,0,0,,N DANIELS WAY,,,,,N DANIELS WAY,,,,,Y,,0.0,,39.163393519239655,-86.64591726677881,PRIVATE DR,,,,URBAN,N,N,N,,DAYLIGHT,CLOUDY,DRY,,NO JUNCTION INVOLVED,,ASPHALT,OTHER (DRIVER) - EXPLAIN IN NARRATIVE,$2501 TO $5000,SAME DIRECTION SIDESWIPE,NDANIELSWAY,0,,2022-11-30 15:34:00,,,
MONROE SD,M22A28821,MONROE,SALT CREEK,BLOOMINGTON,1,,1,0,0,,8300 E ST RD 46,,,,,E ST RD 46,E KENT RD,,,,N,,0.0,,39.21659,-86.59641,ST RD,,,,RURAL,N,N,N,,DARK (NOT LIGHTED),CLEAR,DRY,,NO JUNCTION INVOLVED,,ASPHALT,ANIMAL/OBJECT IN RDWAY,$2501 TO $5000,COLLISION WITH DEER,EKENTRD8300EST RD 46,0,,2022-11-24 03:30:00,8300.0,,
MONROE SD,M22A31136,MONROE,VAN BUREN,BLOOMINGTON,1,,0,0,0,3585,ST RD 45,,,,,ST RD 45,,,,,N,,0.0,,39.20993056137301,-86.5827178831795,PRIVATE DR,,,,URBAN,N,N,N,,DAYLIGHT,CLOUDY,SNOW/SLUSH,,NO JUNCTION INVOLVED,,ASPHALT,OTHER (DRIVER) - EXPLAIN IN NARRATIVE,$1001 TO $2500,BACKING CRASH,STATERD45,0,,2022-12-23 15:00:00,,,
BLOOMINGTON PD,B22-51903,MONROE,PERRY,BLOOMINGTON,1,,0,0,0,807,S WINRIDGE CT,,,,,S WINRIDGE CT,,,,,Y,,0.0,,39.13601169285331,-86.5382838534924,PRIVATE DR,,,,URBAN,N,N,N,,DAYLIGHT,CLOUDY,WET,,NO JUNCTION INVOLVED,,ASPHALT,UNSAFE BACKING,UNDER $1001,REAR END,SWINRIDGECT,0,,2022-12-14 10:00:00,,,
BLOOMINGTON PD,B22-53012,MONROE,BLOOMINGTON,BLOOMINGTON,2,,1,0,0,2966,E 3RD ST,,,,,E 3RD ST,,,,,Y,,0.0,,39.22711166720751,-86.59275079474365,PRIVATE DR,,,,URBAN,N,N,N,,DAWN/DUSK,CLEAR,DRY,,NO JUNCTION INVOLVED,,ASPHALT,IMPROPER LN USAGE,UNDER $1001,REAR TO REAR,E 3RDST,0,,2022-12-21 16:20:00,,,
ISP BLOOMINGTON 33,2.02201E+11,MONROE,BLOOMINGTON,BLOOMINGTON,1,,1,0,0,,I-69,,,,,I-69,,,124.5,,N,,0.0,,39.096372417174436,-86.54658379591586,INTERSTATE,,,,URBAN,N,N,N,,DAYLIGHT,SNOW,SNOW/SLUSH,,NO JUNCTION INVOLVED,,ASPHALT,FAILURE TO MAINTAIN LN,$5001 TO $10000,RAN OFF RD,I-69124.5,0,,2022-11-12 09:39:00,,,
BLOOMINGTON PD,B22-51536,MONROE,BLOOMINGTON,BLOOMINGTON,1,,0,0,0,,N WASHINGTON ST,,,,,N WASHINGTON ST,E 7TH ST,,,,Y,,0.0,,39.161364449038686,-86.53364064053392,LOCAL/CITY RD,,,,URBAN,N,N,N,,DAYLIGHT,CLEAR,DRY,,FOUR-WAY INTERSECTION,,ASPHALT,OVERCORRECTING/OVERSTEERING,$1001 TO $2500,RAN OFF RD,N.WASHINGTONSTE7THST,0,,2022-12-12 12:55:00,,,
MONROE SD,M22A28425,MONROE,PERRY,BLOOMINGTON,2,,0,0,0,,S DERBY DR,,,,,S DERBY DR,E SECRETARIAT CT,,,,Y,,0.0,,39.14359,-86.58031,LOCAL/CITY RD,,,,URBAN,N,N,N,,DARK (NOT LIGHTED),CLOUDY,DRY,,NO JUNCTION INVOLVED,,ASPHALT,IMPROPER LN USAGE,$2501 TO $5000,SAME DIRECTION SIDESWIPE,SDERBYDRESECRETARIATCT,0,,2022-11-19 18:35:00,,,
MONROE SD,M22A27900,MONROE,BLOOMINGTON,BLOOMINGTON,1,,0,0,0,,ST RD 45,,,,,ST RD 45,N PRAIRIE GREEN CT,,,,N,,200.0,,39.070852070046136,-86.52910782684621,ST RD,,,,URBAN,N,Y,N,,DAYLIGHT,CLEAR,DRY,,NO JUNCTION INVOLVED,,ASPHALT,UNSAFE SPEED,$10001 TO $25000,RAN OFF RD,STATERD45NPRAIRIEGREENCT,0,,2022-11-13 13:29:00,,,
BLOOMINGTON PD,B22-47776,MONROE,PERRY,BLOOMINGTON,2,,0,0,0,,W BLOOMFIELD RD,,,,,W BLOOMFIELD RD,LIBERTY DR,,,,Y,,0.0,,39.17029376353108,-86.49195913355938,LOCAL/CITY RD,,,,URBAN,N,N,N,,DAYLIGHT,CLOUDY,DRY,,NO JUNCTION INVOLVED,,ASPHALT,OTHER (DRIVER) - EXPLAIN IN NARRATIVE,$2501 TO $5000,REAR END,W.BLOOMFIELDRDLIBERTYDR,0,,2022-11-16 07:49:00,,,
BLOOMINGTON PD,B22-44431,MONROE,BLOOMINGTON,BLOOMINGTON,2,,0,0,0,,N COLLEGE AVE,,,,,N COLLEGE AVE,W 8TH ST,,,,Y,,0.0,,39.190256724865435,-86.58255645679554,LOCAL/CITY RD,,,,URBAN,N,N,N,,DAYLIGHT,RAIN,WET,,FOUR-WAY INTERSECTION,,ASPHALT,FAILURE TO YIELD RIGHT OF WAY,$2501 TO $5000,RIGHT TURN,W8THSTNCOLLEGEAVE,0,,2022-10-25 15:07:00,,,
BLOOMINGTON PD,B22-50836,MONROE,PERRY,BLOOMINGTON,1,,0,0,0,,W BLOOMFIELD RD,,,,,W BLOOMFIELD RD,S BASSWOOD DR,,,,Y,,0.0,,39.14447686617915,-86.58262781888801,LOCAL/CITY RD,,,,URBAN,N,N,N,,DARK (LIGHTED),CLEAR,DRY,,NO JUNCTION INVOLVED,,CONCRETE,UNSAFE SPEED,$5001 TO $10000,OTHER - EXPLAIN IN NARRATIVE,WBLOOMFIELDRDSBASSWOODDR,0,,2022-12-07 17:50:00,,,
ELLETTSVILLE PD,E22-05398,MONROE,RICHLAND,ELLETTSVILLE,1,,0,0,0,,N HARTSTRAIT RD,,,,,N HARTSTRAIT RD,N CAMPBELL PARK RD,,,,Y,,0.0,,39.19026,-86.58252,LOCAL/CITY RD,,,,URBAN,N,N,N,,DAYLIGHT,CLEAR,SNOW/SLUSH,,T-INTERSECTION,,CONCRETE,OTHER (ENVIRONMENTAL) - EXPLAIN IN NARR,$1001 TO $2500,RAN OFF RD,NHARTSTRAITRDNCAMPBELLPARKRD,0,,2022-12-24 14:44:00,,,
BLOOMINGTON PD,B22-36826,MONROE,BLOOMINGTON,BLOOMINGTON,2,,0,0,0,,W 3RD ST,,,,,W 3RD ST,I-69 SB OFF RAMP,,,,Y,,0.0,,39.16655482712961,-86.53491351431316,LOCAL/CITY RD,,,,URBAN,N,N,N,,DARK (LIGHTED),CLEAR,DRY,,FOUR-WAY INTERSECTION,,ASPHALT,DISREGARD SIGNAL/REG SIGN,$2501 TO $5000,SAME DIRECTION SIDESWIPE,W 3RDSTI-69SBOFFRAMP,0,,2022-09-12 20:20:00,,,
BLOOMINGTON PD,B22-44965,MONROE,BLOOMINGTON,BLOOMINGTON,2,,0,0,0,,W ARLINGTON RD,,,,,W ARLINGTON RD,N MONROE,,,,Y,,0.0,,39.17679,-86.47847,LOCAL/CITY RD,,,,URBAN,N,N,N,,DAYLIGHT,CLEAR,DRY,,NO JUNCTION INVOLVED,,ASPHALT,FAILURE TO YIELD RIGHT OF WAY,$25001 TO $50000,RIGHT ANGLE,W.ARLINGTONRDN.MONROE,0,,2022-10-28 11:10:00,,,
MONROE SD,M22A30180,MONROE,PERRY,BLOOMINGTON,2,,0,0,0,,S ST RD 37,,,,,S ST RD 37,S ST RD 37,,,,N,,0.0,,39.16458031495582,-86.57916263977535,ST RD,,,,RURAL,N,N,N,,DAYLIGHT,RAIN,WET,,FOUR-WAY INTERSECTION,,ASPHALT,FAILURE TO YIELD RIGHT OF WAY,$5001 TO $10000,LEFT TURN,SOLDSTATERD37SOLDSTATERD37,0,,2022-12-09 16:02:00,,,
MONROE SD,M22A27483,MONROE,PERRY,BLOOMINGTON,2,,0,0,0,4025,S ST RD 37,,,,,S ST RD 37,,,,,N,,0.0,,39.16092720409652,-86.49772296604262,PRIVATE DR,,,,RURAL,N,N,N,,DAYLIGHT,CLEAR,DRY,,NO JUNCTION INVOLVED,,ASPHALT,FAILURE TO YIELD RIGHT OF WAY,$1001 TO $2500,BACKING CRASH,SOLDSTATERD37,0,,2022-11-08 16:43:00,,,
ISP BLOOMINGTON 33,2.02201E+11,MONROE,BLOOMINGTON,BLOOMINGTON,1,,0,0,0,,I-69,,,,,I-69,,,119.5,,Y,,0.0,,39.164153357883585,-86.49497866651782,INTERSTATE,,,,URBAN,N,Y,N,,DARK (LIGHTED),SNOW,SNOW/SLUSH,,NO JUNCTION INVOLVED,,CONCRETE,OTHER (DRIVER) - EXPLAIN IN NARRATIVE,$2501 TO $5000,RAN OFF RD,I-69119.5,0,,2022-12-22 22:10:00,,,
BLOOMINGTON PD,B22-48846,MONROE,RICHLAND,BLOOMINGTON,2,,0,0,0,,N GATES DR,,,,,N GATES DR,W JACOB DR,,,,Y,,0.0,,39.09294101292817,-86.54605394549147,LOCAL/CITY RD,,,,URBAN,N,N,N,,DAYLIGHT,CLEAR,DRY,,T-INTERSECTION,,ASPHALT,UNSAFE LN MOVEMENT,$1001 TO $2500,REAR END,WJACOBDRNGATESDR,0,,2022-11-23 14:04:00,,,
MONROE SD,M22A25973,MONROE,BEAN BLOSSOM,ELLETTSVILLE,1,,1,0,1,,W LEGACY LN,,,,,W LEGACY LN,ERNEST WAY,,,,N,,211.0,,39.08591,-86.54225,LOCAL/CITY RD,,,,RURAL,N,N,N,,DARK (NOT LIGHTED),CLEAR,DRY,,NO JUNCTION INVOLVED,,ASPHALT,ANIMAL/OBJECT IN RDWAY,$2501 TO $5000,COLLISION WITH DEER,WLEGACYLNERNESTWAY,0,,2022-10-22 23:54:00,,,
BLOOMINGTON PD,B22-48127,MONROE,PERRY,BLOOMINGTON,2,,1,0,0,,W COUNTRY CLUB DR,,,,,W COUNTRY CLUB DR,S BANTA AVE,,,,Y,,0.0,,39.01985845632274,-86.53639454216119,LOCAL/CITY RD,,,,URBAN,N,N,N,,DAYLIGHT,CLEAR,DRY,,FOUR-WAY INTERSECTION,,ASPHALT,FOLLOWING TOO CLOSELY,$2501 TO $5000,REAR END,WCOUNTRYCLUBDRSBANTAAVE,0,,2022-11-18 16:48:00,,,
BLOOMINGTON PD,B22-51707,MONROE,PERRY,BLOOMINGTON,1,,1,0,0,,W HILLSIDE DR,,,,,W HILLSIDE DR,,,,,Y,,0.0,,39.16655489164787,-86.45508720721112,PRIVATE DR,,,,URBAN,N,N,N,,DAYLIGHT,CLEAR,DRY,,NO JUNCTION INVOLVED,,CONCRETE,FAILURE TO MAINTAIN LN,$5001 TO $10000,RAN OFF RD,WHILLSIDEDR,0,,2022-12-13 04:00:00,,,
BLOOMINGTON PD,B22-52221,MONROE,PERRY,BLOOMINGTON,2,,0,0,0,,2500 S ROCKPORT RD,,,,,S ROCKPORT RD,,,,,Y,,0.0,,39.07025313738657,-86.53191383632489,PRIVATE DR,,,,URBAN,N,N,N,,DAYLIGHT,CLOUDY,DRY,,NO JUNCTION INVOLVED,,ASPHALT,UNSAFE BACKING,$2501 TO $5000,BACKING CRASH,2500S.ROCKPORTRD,0,,2022-12-16 10:16:00,2500.0,,
BLOOMINGTON PD,B22-53214,MONROE,BLOOMINGTON,BLOOMINGTON,2,,0,0,0,,S ADAMS ST,,,,,S ADAMS ST,S RONSON ST,,,,Y,,475.0,,39.13602,-86.52688,LOCAL/CITY RD,,,,URBAN,N,N,N,,DAYLIGHT,CLOUDY,SNOW/SLUSH,,NO JUNCTION INVOLVED,,ASPHALT,RDWAY SURFACE CONDITION,$1001 TO $2500,REAR END,SRONSONSTSADAMSST,0,,2022-12-23 10:45:00,,,
BLOOMINGTON PD,B22-45048,MONROE,PERRY,BLOOMINGTON,2,,0,0,0,,S COLLEGE MALL RD,,,,,S COLLEGE MALL RD,E 3RD ST,,,,Y,,200.0,,39.16341596333617,-86.49086554149117,LOCAL/CITY RD,,,,URBAN,N,N,N,,DARK (LIGHTED),CLEAR,DRY,,FOUR-WAY INTERSECTION,,ASPHALT,FOLLOWING TOO CLOSELY,$1001 TO $2500,REAR END,SCOLLEGEMALLRDE 3RDST,0,,2022-10-28 19:05:00,,,
BLOOMINGTON PD,B22-45549,MONROE,PERRY,BLOOMINGTON,2,,1,0,0,,S COLLEGE MALL RD,,,,,S COLLEGE MALL RD,E 2ND ST,,,,Y,,53.0,,39.16452431739327,-86.57328778160303,LOCAL/CITY RD,,,,URBAN,N,N,N,,DARK (NOT LIGHTED),CLOUDY,WET,,T-INTERSECTION,,ASPHALT,FAILURE TO YIELD RIGHT OF WAY,$2501 TO $5000,RIGHT ANGLE,SCOLLEGEMALLRDE 2NDST,0,,2022-10-31 19:39:00,,,
INDIANA UNIV BLOOMINGTON PD,224505,MONROE,BLOOMINGTON,BLOOMINGTON,2,,0,0,0,,ST RD 45,,,,,ST RD 45,WALKWAY,,,,Y,,0.0,,39.164238411037516,-86.51645425564155,ST RD,,,,URBAN,N,N,N,,DARK (NOT LIGHTED),RAIN,WET,,T-INTERSECTION,,ASPHALT,FOLLOWING TOO CLOSELY,UNDER $1001,REAR END,WALKWAYSTATERD45,0,,2022-11-15 17:17:00,,,
BLOOMINGTON PD,B22-49170,MONROE,BLOOMINGTON,BLOOMINGTON,5,,7,0,0,,N WALNUT ST,,,,,N WALNUT ST,N BLUE RIDGE,,,,Y,,0.0,,39.14977,-86.56889,,,,,URBAN,N,N,N,,DARK (NOT LIGHTED),CLEAR,DRY,,NO JUNCTION INVOLVED,,CONCRETE,UNSAFE SPEED,$50001 TO $100000,REAR END,NWALNUTSTNBLUERIDGE,0,,2022-11-26 18:37:00,,,
BLOOMINGTON PD,B22-50185,MONROE,PERRY,BLOOMINGTON,2,,0,0,0,3428,S OAKLAWN CIRCLE,,,,,S OAKLAWN CIRCLE,,,,,Y,,0.0,,39.13587030906962,-86.56776340303404,PRIVATE DR,,,,URBAN,N,N,N,,DAYLIGHT,CLEAR,DRY,,NO JUNCTION INVOLVED,,ASPHALT,UNSAFE BACKING,$1001 TO $2500,BACKING CRASH,SOAKLAWNCIRCLE,0,,2022-12-03 09:56:00,,,
INDIANA UNIV BLOOMINGTON PD,224993,MONROE,BLOOMINGTON,BLOOMINGTON,1,,0,0,0,,N INDIANA AVE,,,,,N INDIANA AVE,E 17TH ST,,,,Y,,53.0,,39.12153107352575,-86.53917161029649,LOCAL/CITY RD,,,,URBAN,N,N,N,,DAYLIGHT,SNOW,SNOW/SLUSH,,NO JUNCTION INVOLVED,,ASPHALT,OTHER (ENVIRONMENTAL) - EXPLAIN IN NARR,$2501 TO $5000,RAN OFF RD,NINDIANAAVEE17THST,0,,2022-12-23 14:55:00,,,
INDIANA UNIV BLOOMINGTON PD,224194,MONROE,BLOOMINGTON,BLOOMINGTON,3,,0,0,0,,ST RD 45,,,,,ST RD 45,E 17TH ST,,,,Y,,0.0,,39.190624050257476,-86.5831644065208,ST RD,,,,URBAN,N,N,N,,DAYLIGHT,CLEAR,DRY,,T-INTERSECTION,,ASPHALT,FOLLOWING TOO CLOSELY,$5001 TO $10000,REAR END,STATERD45E17THST,0,,2022-10-29 13:55:00,,,
BLOOMINGTON PD,B22-46926,MONROE,PERRY,BLOOMINGTON,2,,0,0,0,,S ROGERS ST,,,,,S ROGERS ST,W 2ND ST,,,,Y,,0.0,,39.17204265001426,-86.59655661016073,LOCAL/CITY RD,,,,URBAN,N,N,N,,DARK (LIGHTED),CLEAR,DRY,,FOUR-WAY INTERSECTION,,ASPHALT,FOLLOWING TOO CLOSELY,$1001 TO $2500,REAR END,W 2NDSTSROGERSST,0,,2022-11-09 18:37:00,,,
INDIANA UNIV BLOOMINGTON PD,224407,MONROE,BLOOMINGTON,BLOOMINGTON,2,,0,0,0,1005,N EAGLESON AVE,,,,,N EAGLESON AVE,,,,,Y,,0.0,,39.15249960551724,-86.40046862367463,PRIVATE DR,,,,URBAN,N,N,N,,DAYLIGHT,CLEAR,DRY,,NO JUNCTION INVOLVED,,ASPHALT,UNSAFE BACKING,$1001 TO $2500,BACKING CRASH,NEAGLESONAVE,0,,2022-11-09 16:34:00,,,
BLOOMINGTON PD,B22-42664,MONROE,BLOOMINGTON,BLOOMINGTON,3,,0,0,0,,N GRANT ST,,,,,N GRANT ST,E 7TH ST,,,,Y,,0.0,,39.14151408993255,-86.58053178479196,LOCAL/CITY RD,,,,URBAN,N,N,N,,DAYLIGHT,CLEAR,DRY,,FOUR-WAY INTERSECTION,,ASPHALT,FAILURE TO YIELD RIGHT OF WAY,$2501 TO $5000,RIGHT ANGLE,NGRANTSTE7THST,0,,2022-10-15 17:04:00,,,
ISP BLOOMINGTON 33,2.02201E+11,MONROE,BLOOMINGTON,BLOOMINGTON,1,,0,0,0,,I-69,,,,,I-69,,,,,N,,0.0,,39.15765608853865,-86.54914858180786,INTERSTATE,,,,RURAL,N,N,N,,DAYLIGHT,CLEAR,SNOW/SLUSH,,NO JUNCTION INVOLVED,,ASPHALT,UNSAFE LN MOVEMENT,$1001 TO $2500,RAN OFF RD,I-69,0,,2022-12-24 16:00:00,,,
INDIANA UNIV BLOOMINGTON PD,224448,MONROE,BLOOMINGTON,BLOOMINGTON,2,,0,0,0,,E 17TH ST,,,,,E 17TH ST,N DUNN ST,,,,Y,,0.0,,39.1619717245596,-86.4933642713,LOCAL/CITY RD,,,,URBAN,N,Y,N,,DAYLIGHT,CLEAR,DRY,,FOUR-WAY INTERSECTION,,ASPHALT,FAILURE TO YIELD RIGHT OF WAY,$2501 TO $5000,LEFT TURN,NDUNNSTE17THST,0,,2022-11-11 13:10:00,,,
MONROE SD,M22A25816,MONROE,CLEAR CREEK,BLOOMINGTON,1,,0,0,1,,W SMITHVILLE RD,,,,,W SMITHVILLE RD,S ST RD 37,,,,N,,0.0,,39.25252577560022,-86.5288471949422,ST RD,,,,RURAL,N,Y,N,,DARK (NOT LIGHTED),CLEAR,DRY,,NO JUNCTION INVOLVED,,ASPHALT,ANIMAL/OBJECT IN RDWAY,$5001 TO $10000,COLLISION WITH DEER,WSMITHVILLERDSOLDSTATERD37,0,,2022-10-21 00:23:00,,,
BLOOMINGTON PD,B22-51677,MONROE,VAN BUREN,BLOOMINGTON,2,,0,0,0,2100,S LIBERTY DR.,,,,,S LIBERTY DR.,,,,,Y,,0.0,,39.16852616026909,-86.5323738054859,PRIVATE DR,,,,URBAN,N,N,N,,DAYLIGHT,CLEAR,DRY,,NO JUNCTION INVOLVED,,ASPHALT,OTHER (DRIVER) - EXPLAIN IN NARRATIVE,UNDER $1001,OTHER - EXPLAIN IN NARRATIVE,SLIBERTYDR.,0,,2022-12-13 09:00:00,,,
BLOOMINGTON PD,B22-49414,MONROE,BLOOMINGTON,BLOOMINGTON,2,,0,0,0,,N MORTON ST,,,,,N MORTON ST,W 8TH ST,,,,Y,,0.0,,39.12072535418066,-86.52082283233396,LOCAL/CITY RD,,,,URBAN,N,N,N,,DAWN/DUSK,CLOUDY,DRY,,T-INTERSECTION,,ASPHALT,FAILURE TO YIELD RIGHT OF WAY,$5001 TO $10000,RIGHT ANGLE,W8THSTNMORTONST,0,,2022-11-28 17:02:00,,,
MONROE SD,M22A29090,MONROE,WASHINGTON,BLOOMINGTON,1,,0,0,0,,E ROBINSON RD,,,,,E ROBINSON RD,HILLSAMER RD,,,,N,,0.0,,39.17915,-86.47442,COUNTY RD,,,,RURAL,N,N,N,,DARK (NOT LIGHTED),RAIN,WET,,NO JUNCTION INVOLVED,,ASPHALT,OVERCORRECTING/OVERSTEERING,$10001 TO $25000,RAN OFF RD,HILLSAMERRDEROBINSONRD,0,,2022-11-28 04:33:00,,,
BLOOMINGTON PD,B22-47454,MONROE,BLOOMINGTON,BLOOMINGTON,2,,0,0,0,2966,E 3RD ST,,,,,E 3RD ST,,,,,Y,,0.0,,39.157372047641815,-86.55906758039653,PRIVATE DR,,,,URBAN,N,N,N,,DAYLIGHT,CLOUDY,DRY,,NO JUNCTION INVOLVED,,ASPHALT,UNSAFE BACKING,UNDER $1001,BACKING CRASH,E 3RDST,0,,2022-11-13 16:04:00,,,
BLOOMINGTON PD,B22-44575,MONROE,PERRY,BLOOMINGTON,2,,0,0,0,,S ROGERS ST,,,,,S ROGERS ST,W 2ND ST,,,,Y,,0.0,,39.169478142976935,-86.53484266715682,LOCAL/CITY RD,,,,URBAN,N,N,N,,DAYLIGHT,RAIN,WET,,FOUR-WAY INTERSECTION,,ASPHALT,UNSAFE LN MOVEMENT,$2501 TO $5000,SAME DIRECTION SIDESWIPE,W 2NDSTSROGERSST,0,,2022-10-26 11:34:00,,,
BLOOMINGTON PD,B22-46191,MONROE,PERRY,BLOOMINGTON,2,,0,0,0,,E BUICK CADILLAC BLVD,,,,,E BUICK CADILLAC BLVD,S AUTO MALL RD,,,,Y,,0.0,,39.14977,-86.56889,LOCAL/CITY RD,,,,URBAN,N,N,N,,DAYLIGHT,CLEAR,DRY,,T-INTERSECTION,,ASPHALT,FAILURE TO YIELD RIGHT OF WAY,$25001 TO $50000,RIGHT ANGLE,SAUTOMALLRDEBUICKCADILLACBLVD,0,,2022-11-04 14:37:00,,,
BLOOMINGTON PD,B22-53132,MONROE,PERRY,BLOOMINGTON,2,,1,0,0,,1400 E HILLSIDE DR,,,,,E HILLSIDE DR,,,,,Y,,0.0,,39.22629274865393,-86.61637375146553,LOCAL/CITY RD,,,,URBAN,N,N,N,,DAYLIGHT,RAIN,WET,,NO JUNCTION INVOLVED,,ASPHALT,FOLLOWING TOO CLOSELY,$2501 TO $5000,REAR END,1400EHILLSIDEDR,0,,2022-12-22 15:40:00,1400.0,,
MONROE SD,M22A31299,MONROE,PERRY,BLOOMINGTON,1,,0,0,0,,S STRAIN RIDGE RD,,,,,S STRAIN RIDGE RD,,,,,N,,0.0,,39.164496425827224,-86.57327598332088,COUNTY RD,,,,RURAL,N,N,N,,DARK (NOT LIGHTED),SNOW,SNOW/SLUSH,,NO JUNCTION INVOLVED,,ASPHALT,RDWAY SURFACE CONDITION,$2501 TO $5000,RAN OFF RD,SSTRAINRIDGERD,0,,2022-12-26 22:55:00,,,
BLOOMINGTON PD,B22-46627,MONROE,BLOOMINGTON,BLOOMINGTON,1,,1,0,0,,E MORNINGSIDE DR,,,,,E MORNINGSIDE DR,INDIANA BELL CT,,,,Y,,0.0,,39.17909,-86.54733,LOCAL/CITY RD,,,,URBAN,N,N,N,,DAYLIGHT,CLEAR,DRY,,NO JUNCTION INVOLVED,,ASPHALT,OTHER (VEHICLE) - EXPLAIN IN NARRATIVE,OVER $100000,OTHER - EXPLAIN IN NARRATIVE,INDIANABELLCTEMORNINGSIDEDR,0,,2022-11-07 11:10:00,,,
BLOOMINGTON PD,B22-51616,MONROE,BLOOMINGTON,BLOOMINGTON,2,,0,0,0,,W LILAC LN,,,,,W LILAC LN,W HEATHERWOOD LN,,,,Y,,0.0,,39.08526,-86.54273,LOCAL/CITY RD,,,,URBAN,N,N,N,,DARK (LIGHTED),CLEAR,DRY,,T-INTERSECTION,,ASPHALT,FAILURE TO MAINTAIN LN,$5001 TO $10000,RAN OFF RD,WLILACLNWHEATHERWOODLN,0,,2022-12-12 20:40:00,,,
BLOOMINGTON PD,B22-49347,MONROE,PERRY,BLOOMINGTON,2,,0,0,0,,W 3RD ST,,,,,W 3RD ST,S COLLEGE AVE,,,,Y,,0.0,,39.12022188449119,-86.53052080774668,LOCAL/CITY RD,,,,URBAN,N,N,N,,DAYLIGHT,CLOUDY,DRY,,FOUR-WAY INTERSECTION,,ASPHALT,DISREGARD SIGNAL/REG SIGN,$5001 TO $10000,RIGHT ANGLE,W 3RDSTSCOLLEGEAVE,0,,2022-11-28 10:09:00,,,
BLOOMINGTON PD,B22-00696,MONROE,PERRY,BLOOMINGTON,2,,0,0,0,,S ST RD 37,,,,,S ST RD 37,E RIDGEVIEW DR,,,,Y,,0.0,,39.17844412,-86.56005139,LOCAL/CITY RD,,,,URBAN,N,N,N,,DAYLIGHT,CLEAR,DRY,,NO JUNCTION INVOLVED,,ASPHALT,FAILURE TO YIELD RIGHT OF WAY,$5001 TO $10000,SAME DIRECTION SIDESWIPE,SOLDSTATERD37ERIDGEVIEWDR,0,,2022-01-07 12:40:00,,,
BLOOMINGTON PD,B22-42256,MONROE,PERRY,BLOOMINGTON,2,,0,0,0,,S COLLEGE MALL RD,,,,,S COLLEGE MALL RD,E 2ND ST,,,,Y,,0.0,,39.165593899136695,-86.57603826474005,LOCAL/CITY RD,,,,URBAN,N,N,N,,DARK (LIGHTED),CLOUDY,DRY,,FOUR-WAY INTERSECTION,,ASPHALT,FOLLOWING TOO CLOSELY,$1001 TO $2500,REAR END,SCOLLEGEMALLRDE 2NDST,0,,2022-10-12 20:18:00,,,
ELLETTSVILLE PD,E2200203,MONROE,RICHLAND,ELLETTSVILLE,3,0.0,0,0,0,,MATTHEWS,DR,,,,MATTHEWS,MCNEELY,,,,,,,,39.29341240393121,-86.61981559278377,LOCAL/CITY RD,,N,Y,,N,N,N,,DAWN/DUSK,CLOUDY,SNOW/SLUSH,,NO JUNCTION INVOLVED,STRAIGHT/LEVEL,ASPHALT,OTHER (VEHICLE) - EXPLAIN IN NARRATIVE,$2501 TO $5000,OPPOSITE DIRECTION SIDESWIPE,MATTHEWSDRMCNEELYST,0,STOP SIGN,2022-01-15 07:25:00,,,
BLOOMINGTON PD,B22-02335,MONROE,BLOOMINGTON,BLOOMINGTON,2,,0,0,0,,E LONGVIEW AVE,,,,,E LONGVIEW AVE,,,,,Y,,0.0,,39.136233055798726,-86.54487276690743,LOCAL/CITY RD,,,,URBAN,N,N,N,,DARK (LIGHTED),CLEAR,DRY,,NO JUNCTION INVOLVED,,ASPHALT,OTHER (VEHICLE) - EXPLAIN IN NARRATIVE,UNDER $1001,OTHER - EXPLAIN IN NARRATIVE,ELONGVIEWAVE,0,,2022-01-21 23:10:00,,,
ISP BLOOMINGTON 33,2022-00014810,MONROE,BLOOMINGTON,BLOOMINGTON,2,,0,0,0,,E MATLOCK RD,,,,,E MATLOCK RD,N MARTHA ST,,,,Y,,0.0,,39.150001788079514,-86.53678780980555,ST RD,,,,URBAN,N,N,N,,DARK (LIGHTED),CLEAR,DRY,,NO JUNCTION INVOLVED,,ASPHALT,FOLLOWING TOO CLOSELY,$10001 TO $25000,REAR END,NMARTHASTEMATLOCKRD,0,,2022-01-11 07:30:00,,,
MONROE SD,M22A1227,MONROE,RICHLAND,ELLETTSVILLE,1,0.0,0,0,0,9541,W REEVES,RD,,,,W REEVES,,,,,N,OTHER,,,-2.1287335921603784e-05,-4.0344172426737105e-05,LOCAL/CITY RD,,N,N,RURAL,N,N,N,,DAWN/DUSK,CLEAR,ICE,,NO JUNCTION INVOLVED,CURVE/HILLCREST,ASPHALT,RAN OFF RD RIGHT,$5001 TO $10000,RAN OFF RD,WREEVESRD,0,NONE,2022-01-17 07:33:00,,,