Agency,Local Code,County,Township,City,Vehicles Involved,Trailers Involved,Number Injured,Number Dead,Number Deer,House Number,Roadway Name,Roadway Suffix,Roadway Number,Roadway Interchange,Roadway Ramp,Roadway Id,Intersecting Road,Intersecting Road Number,Mile Marker,Interchange,Corporate Limits?,Property Type,Feet From,Direction,Latitude,Longitude,Roadway Class,Traffic Control Devices?,Aggressive Driving?,Hit and Run?,Locality,School Zone?,Rumble Strips?,Construction?,Construction Type,Light Condition,Weather Conditions,Surface Condition,Type of Median,Roadway Junction Type,Road Character,Roadway Surface,Primary Factor,Damage Estimate,Manner of Collision,Unique Location Id,State Property Damage?,Traffic Control,DateTime,Address Number,Cyclist Involved,Pedestrian Involved
BLOOMINGTON PD,B22-02653,MONROE,PERRY,BLOOMINGTON,2,,1,0,0,,S ROGERS ST,,,,,S ROGERS ST,W DIXIE ST,,,,Y,,106.0,,39.1631,-86.54997,,,,,URBAN,N,N,N,,DARK (NOT LIGHTED),CLEAR,WET,,NO JUNCTION INVOLVED,,ASPHALT,FAILURE TO MAINTAIN LN,$5001 TO $10000,REAR END,WDIXIESTSROGERSST,0,,2022-01-24 07:21:00,,,
BLOOMINGTON PD,B22-02450,MONROE,BLOOMINGTON,BLOOMINGTON,2,,0,0,0,,E 3RD ST,,,,,E 3RD ST,E MORNINGSIDE DR,,,,Y,,0.0,,39.16423,-86.49826,LOCAL/CITY RD,,,,RURAL,N,N,N,,DARK (LIGHTED),CLEAR,DRY,,NO JUNCTION INVOLVED,,ASPHALT,DRIVER DISTRACTED - EXPLAIN IN NARRATIVE,UNDER $1001,SAME DIRECTION SIDESWIPE,EMORNINGSIDEDRE 3RDST,0,,2022-01-23 01:36:00,,,
INDIANA UNIV BLOOMINGTON PD,220054,MONROE,BLOOMINGTON,BLOOMINGTON,2,,0,0,0,,E 10TH ST,,,,,E 10TH ST,N WOODLAWN AVE,,,,Y,,0.0,,39.16088077084983,-86.49774171210906,LOCAL/CITY RD,,,,URBAN,N,N,N,,DARK (NOT LIGHTED),CLEAR,DRY,,FOUR-WAY INTERSECTION,,ASPHALT,FOLLOWING TOO CLOSELY,UNDER $1001,REAR END,NWOODLAWNAVEE 10THST,0,,2022-01-09 20:40:00,,,
INDIANA UNIV BLOOMINGTON PD,220168,MONROE,BLOOMINGTON,BLOOMINGTON,2,,0,0,0,,N EAGLESON AVE,,,,,N EAGLESON AVE,E LAW LN,,,,N,,0.0,,39.17149159806678,-86.49793207236911,LOCAL/CITY RD,,,,URBAN,N,N,N,,DAYLIGHT,CLOUDY,DRY,,FOUR-WAY INTERSECTION,,ASPHALT,FOLLOWING TOO CLOSELY,$1001 TO $2500,REAR END,NEAGLESON AVEAVEELAWLN,0,,2022-01-19 08:55:00,,,
BLOOMINGTON PD,B22-02857,MONROE,PERRY,BLOOMINGTON,3,,0,0,0,,ST RD 46,,,,,ST RD 46,E 3RD ST,,,,N,,0.0,,39.19689266492093,-86.53456022658516,LOCAL/CITY RD,,,,URBAN,N,N,N,,DAYLIGHT,CLEAR,DRY,,FOUR-WAY INTERSECTION,,ASPHALT,FOLLOWING TOO CLOSELY,$2501 TO $5000,REAR END,STATERD46E 3RDST,0,,2022-01-26 14:58:00,,,
INDIANA UNIV BLOOMINGTON PD,220179,MONROE,BLOOMINGTON,BLOOMINGTON,2,,0,0,0,,N DUNN ST,,,,,N DUNN ST,E 17TH ST,,,,Y,,0.0,,39.12982609621453,-86.50059933192644,LOCAL/CITY RD,,,,URBAN,N,N,N,,DARK (LIGHTED),CLEAR,DRY,,T-INTERSECTION,,ASPHALT,FOLLOWING TOO CLOSELY,$2501 TO $5000,REAR END,NDUNNSTE17THST,0,,2022-01-19 18:35:00,,,
INDIANA UNIV BLOOMINGTON PD,220210,MONROE,BLOOMINGTON,BLOOMINGTON,2,,0,0,0,,S HIGHLAND AVE,,,,,S HIGHLAND AVE,E 3RD ST,,,,Y,,0.0,,39.17901676027613,-86.52707386272155,LOCAL/CITY RD,,,,RURAL,N,N,N,,DAYLIGHT,CLEAR,DRY,,T-INTERSECTION,,ASPHALT,IMPROPER TURNING,$5001 TO $10000,LEFT TURN,SHIGHLANDAVEE 3RDST,0,,2022-01-21 15:55:00,,,
ELLETTSVILLE PD,E22-00276,MONROE,PERRY,BLOOMINGTON,1,,0,0,1,,W FULLERTON PK,,,,,W FULLERTON PK,S ROCKPORT RD,,,,N,,0.0,,39.179704013422324,-86.50730679407177,LOCAL/CITY RD,,,,RURAL,N,N,N,,DAWN/DUSK,CLEAR,DRY,,FOUR-WAY INTERSECTION,,ASPHALT,ANIMAL/OBJECT IN RDWAY,$1001 TO $2500,COLLISION WITH DEER,WFULLERTONPKSROCKPORTRD,0,,2022-01-21 07:45:00,,,
BLOOMINGTON PD,B22-00495,MONROE,PERRY,BLOOMINGTON,2,,0,0,0,,S LIBERTY DR,,,,,S LIBERTY DR,W ST RD 45,,,,Y,,0.0,,39.161333464787134,-86.53871266256895,LOCAL/CITY RD,,,,URBAN,N,N,N,,DARK (NOT LIGHTED),CLEAR,DRY,,FOUR-WAY INTERSECTION,,ASPHALT,DISREGARD SIGNAL/REG SIGN,$10001 TO $25000,RIGHT ANGLE,WSTATERD45SLIBERTYDR,0,,2022-01-05 20:15:00,,,
MONROE SD,M22A1624,MONROE,VAN BUREN,BLOOMINGTON,1,,0,0,1,,I-69,,,,,I-69,,,112.2,,N,,475.0,,39.17470959482571,-86.51504295229068,INTERSTATE,,,,RURAL,N,Y,N,,DAWN/DUSK,CLEAR,DRY,,NO JUNCTION INVOLVED,,ASPHALT,ANIMAL/OBJECT IN RDWAY,$5001 TO $10000,COLLISION WITH DEER,I-69112.2,0,,2022-01-22 06:15:00,,,
MONROE SD,M22A1228,MONROE,CLEAR CREEK,,2,,0,0,0,,S STRAINRIDGE RD,,,,,S STRAINRIDGE RD,E MONROE DAM RD,,,,N,,0.0,,39.16850158501911,-86.52981477889887,COUNTY RD,,,,RURAL,N,N,N,,DAWN/DUSK,CLOUDY,ICE,,T-INTERSECTION,,ASPHALT,RDWAY SURFACE CONDITION,$2501 TO $5000,OPPOSITE DIRECTION SIDESWIPE,SOUTHSTRAINRIDGERDEASTMONROEDAMRD,0,,2022-01-11 07:40:00,,,
BLOOMINGTON PD,B22-01611,MONROE,VAN BUREN,BLOOMINGTON,1,,1,0,0,333,S DAVISSON ST,,,,,S DAVISSON ST,,,,,Y,,0.0,,39.21833505579775,-86.55206942216809,LOCAL/CITY RD,,,,URBAN,N,N,N,,DAYLIGHT,CLEAR,DRY,,NO JUNCTION INVOLVED,,ASPHALT,FAILURE TO MAINTAIN LN,$1001 TO $2500,RAN OFF RD,SDAVISSONST,0,,2022-01-15 16:59:00,,,
INDIANA UNIV BLOOMINGTON PD,220172,MONROE,BLOOMINGTON,BLOOMINGTON,2,,0,0,0,,E 10TH ST,,,,,E 10TH ST,WOODLAWN AVE,,,,Y,,0.0,,39.179,-86.52832,,,,,RURAL,N,N,N,,DAYLIGHT,CLEAR,DRY,,FOUR-WAY INTERSECTION,,ASPHALT,UNSAFE BACKING,UNDER $1001,BACKING CRASH,WOODLAWNAVEE 10THST,0,,2022-01-19 12:05:00,,,
INDIANA UNIV BLOOMINGTON PD,220163,MONROE,BLOOMINGTON,BLOOMINGTON,2,,0,0,0,,N FEE LN,,,,,N FEE LN,E UNIVERSITY RD,,,,Y,,158.0,,39.07096,-86.5364,LOCAL/CITY RD,,,,URBAN,N,N,N,,DARK (LIGHTED),CLEAR,DRY,,T-INTERSECTION,,ASPHALT,FAILURE TO YIELD RIGHT OF WAY,$2501 TO $5000,RIGHT ANGLE,NFEELNEUNIVERSITYRD,0,,2022-01-18 19:50:00,,,
BLOOMINGTON PD,B22-02137,MONROE,BLOOMINGTON,BLOOMINGTON,2,,0,0,0,,N COLLEGE AVE,,,,,N COLLEGE AVE,W 8TH ST,,,,Y,,0.0,,39.146175813045645,-86.57906303587062,LOCAL/CITY RD,,,,URBAN,N,N,N,,DAYLIGHT,CLEAR,DRY,,NO JUNCTION INVOLVED,,ASPHALT,UNSAFE BACKING,$1001 TO $2500,BACKING CRASH,W.8THSTN.COLLEGEAVE,0,,2022-01-20 12:16:00,,,
BLOOMINGTON PD,B22-01652,MONROE,BLOOMINGTON,BLOOMINGTON,1,,0,0,0,,N WASHINGTON ST,,,,,N WASHINGTON ST,E KIRKWOOD AVE,,,,Y,,0.0,,39.16946746095658,-86.53613454251524,,,,,URBAN,N,N,N,,DARK (NOT LIGHTED),CLEAR,DRY,,FOUR-WAY INTERSECTION,,ASPHALT,UNSAFE LN MOVEMENT,$1001 TO $2500,SAME DIRECTION SIDESWIPE,NWASHINGTONSTEKIRKWOODAVE,0,,2022-01-16 00:30:00,,,
BLOOMINGTON PD,B22-02525,MONROE,PERRY,BLOOMINGTON,2,,0,0,0,1300,S PATTERSON DR,,,,,S PATTERSON DR,,,,,Y,,0.0,,39.25090103388104,-86.46751559082949,LOCAL/CITY RD,,,,URBAN,N,N,N,,UNKNOWN,CLEAR,DRY,,NO JUNCTION INVOLVED,,CONCRETE,IMPROPER LN USAGE,$2501 TO $5000,RIGHT TURN,SPATTERSONDR,0,,2022-01-23 06:30:00,,,
ELLETTSVILLE PD,E2200224,MONROE,RICHLAND,ELLETTSVILLE,1,0.0,0,0,0,303,W RITTER,ST,,,,W RITTER,,,,,Y,,,,39.1628578826863,-86.49399901338741,LOCAL/CITY RD,,N,N,URBAN,N,N,N,,DAYLIGHT,CLEAR,DRY,,NO JUNCTION INVOLVED,STRAIGHT/GRADE,GRAVEL,OTHER (VEHICLE) - EXPLAIN IN NARRATIVE,UNDER $1001,OTHER - EXPLAIN IN NARRATIVE,WRITTERST,0,NONE,2022-01-18 08:03:00,,,
INDIANA UNIV BLOOMINGTON PD,220277,MONROE,BLOOMINGTON,BLOOMINGTON,2,,0,0,0,,E 17TH ST,,,,,E 17TH ST,N DUNN ST,,,,Y,,0.0,,39.161355273280236,-86.53871884549912,LOCAL/CITY RD,,,,URBAN,N,N,N,,DAYLIGHT,CLEAR,DRY,,FOUR-WAY INTERSECTION,,ASPHALT,FOLLOWING TOO CLOSELY,$1001 TO $2500,REAR END,NDUNNSTE17THST,0,,2022-01-26 09:55:00,,,
INDIANA UNIV BLOOMINGTON PD,220239,MONROE,BLOOMINGTON,BLOOMINGTON,2,,0,0,0,,E 10TH ST,,,,,E 10TH ST,,,,,Y,,0.0,,39.15826609526839,-86.49613332441848,OTHER,,,,URBAN,N,N,N,,DARK (LIGHTED),CLEAR,DRY,,NO JUNCTION INVOLVED,,ASPHALT,UNSAFE BACKING,$1001 TO $2500,BACKING CRASH,E 10THST,0,,2022-01-23 18:40:00,,,
BLOOMINGTON PD,B22-03810,MONROE,PERRY,BLOOMINGTON,2,,0,0,0,966,S CLARIZZ BLVD,,,,,S CLARIZZ BLVD,,,,,Y,,0.0,,-4.8101598001218875e-05,-2.512318886581942e-05,LOCAL/CITY RD,,,,URBAN,N,N,N,,DARK (LIGHTED),SNOW,SNOW/SLUSH,,Y-INTERSECTION,,ASPHALT,RDWAY SURFACE CONDITION,$2501 TO $5000,REAR TO REAR,SCLARIZZBLVD,0,,2022-02-03 18:19:00,,,
INDIANA UNIV BLOOMINGTON PD,220505,MONROE,BLOOMINGTON,BLOOMINGTON,2,,0,0,0,,E 3RD ST,,,,,E 3RD ST,S FACULTY AVE,,,,Y,,0.0,,39.049555850534965,-86.50818160052775,LOCAL/CITY RD,,,,URBAN,N,N,N,,DARK (LIGHTED),CLOUDY,WET,,NO JUNCTION INVOLVED,,ASPHALT,UNSAFE LN MOVEMENT,UNDER $1001,SAME DIRECTION SIDESWIPE,SFACULTYAVEE 3RDST,0,,2022-02-09 20:50:00,,,
BLOOMINGTON PD,B22-01745,MONROE,BLOOMINGTON,BLOOMINGTON,2,,0,0,0,,N WASHINGTON ST,,,,,N WASHINGTON ST,E 19TH ST,,,,Y,,0.0,,39.16568,-86.47369,LOCAL/CITY RD,,,,URBAN,N,N,N,,DARK (LIGHTED),CLEAR,DRY,,T-INTERSECTION,,ASPHALT,IMPROPER TURNING,$2501 TO $5000,RIGHT ANGLE,NWASHINGTONSTE19THST,0,,2022-01-16 23:15:00,,,
BLOOMINGTON PD,B2200027,MONROE,PERRY,BLOOMINGTON,2,0.0,0,0,0,,S HENDERSON,ST,,,,S HENDERSON,E HILLSIDE,,,,Y,,,,39.12865,-86.58655,LOCAL/CITY RD,Y,N,N,URBAN,Y,N,N,,DARK (LIGHTED),RAIN,WET,,FOUR-WAY INTERSECTION,STRAIGHT/LEVEL,ASPHALT,FAILURE TO YIELD RIGHT OF WAY,$5001 TO $10000,RIGHT ANGLE,EHILLSIDEDRSHENDERSONST,0,TRAFFIC CONTROL SIGNAL,2022-01-01 05:33:00,,,
MONROE SD,M22A873,MONROE,,,2,,1,0,0,,W ST RD 45,,,,,W ST RD 45,ST RD 45,,,,N,,106.0,,39.16459864356615,-86.53491239679904,ST RD,,,,URBAN,N,N,N,,DAYLIGHT,CLEAR,DRY,,NO JUNCTION INVOLVED,,ASPHALT,FOLLOWING TOO CLOSELY,$5001 TO $10000,REAR END,WSTATERD45STATERD45,0,,2022-01-12 11:48:00,,,
MONROE SD,M22A899,MONROE,BENTON,BLOOMINGTON,1,0.0,1,0,0,,,,ST RD 45,,,ST RD 45,N PATHWAYS,,,,N,,,,39.13202,-86.53136,ST RD,,N,N,RURAL,N,N,N,,DARK (NOT LIGHTED),CLOUDY,DRY,,NO JUNCTION INVOLVED,STRAIGHT/LEVEL,ASPHALT,RAN OFF RD RIGHT,$2501 TO $5000,RAN OFF RD,NPATHWAYSDRST RD 45,0,NONE,2022-01-12 18:04:00,,,
BLOOMINGTON PD,B22-01694,MONROE,BLOOMINGTON,BLOOMINGTON,2,,4,0,0,,N KINSER PK,,,,,N KINSER PK,ST RD 46,,,,Y,,0.0,,39.160900249406914,-86.49770879888911,LOCAL/CITY RD,,,,URBAN,N,N,N,,DAYLIGHT,CLEAR,DRY,,FOUR-WAY INTERSECTION,,CONCRETE,FAILURE TO YIELD RIGHT OF WAY,$10001 TO $25000,LEFT TURN,STATERD46NKINSERPK,0,,2022-01-16 14:27:00,,,
BLOOMINGTON PD,B22-01125,MONROE,BLOOMINGTON,BLOOMINGTON,2,,0,0,0,,S COLLEGE AVE,,,,,S COLLEGE AVE,W 3RD ST,,,,Y,,0.0,,39.23818877177773,-86.62391372370514,LOCAL/CITY RD,,,,URBAN,N,N,N,,DAYLIGHT,CLEAR,DRY,,FOUR-WAY INTERSECTION,,ASPHALT,DISREGARD SIGNAL/REG SIGN,$5001 TO $10000,RIGHT ANGLE,W 3RDSTSCOLLEGEAVE,0,,2022-01-11 09:40:00,,,
BLOOMINGTON PD,B22-00452,MONROE,BLOOMINGTON,BLOOMINGTON,2,,0,0,0,,W 17TH ST,,,,,W 17TH ST,N WALNUT ST,,,,Y,,0.0,,39.16722877737387,-86.49379068332264,LOCAL/CITY RD,,,,URBAN,N,N,N,,DAYLIGHT,CLEAR,DRY,,FOUR-WAY INTERSECTION,,ASPHALT,DISREGARD SIGNAL/REG SIGN,$2501 TO $5000,RIGHT ANGLE,W17THSTNWALNUTST,0,,2022-01-05 13:48:00,,,
BLOOMINGTON PD,B22-01157,MONROE,BLOOMINGTON,BLOOMINGTON,2,,0,0,0,,S JEFFERSON ST,,,,,S JEFFERSON ST,E 5TH ST,,,,Y,,0.0,,39.18629,-86.53163,LOCAL/CITY RD,,,,URBAN,N,N,N,,DAYLIGHT,CLEAR,DRY,,FOUR-WAY INTERSECTION,,ASPHALT,DISREGARD SIGNAL/REG SIGN,$10001 TO $25000,RIGHT ANGLE,SJEFFERSONSTE5THST,0,,2022-01-11 04:09:00,,,
MONROE SD,M22A933,MONROE,CLEAR CREEK,BLOOMINGTON,2,0.0,0,0,0,,S ROGERS,ST,,,,S ROGERS,GREEN,,,,N,,,,39.23501246,-86.67655273,OTHER,,N,N,URBAN,N,N,N,,DAYLIGHT,CLEAR,DRY,,NO JUNCTION INVOLVED,STRAIGHT/HILLCREST,ASPHALT,LEFT OF CENTER,$2501 TO $5000,OPPOSITE DIRECTION SIDESWIPE,GREENRDSROGERSST,0,NONE,2022-01-13 08:00:00,,,
MONROE SD,M22A22695,MONROE,PERRY,BLOOMINGTON,1,,0,0,1,,E RHORER RD,,,,,E RHORER RD,S WALNUT ST PK,,,,N,,0.0,,39.156541996612596,-86.5387065280305,COUNTY RD,,,,RURAL,N,N,N,,DARK (NOT LIGHTED),CLEAR,DRY,,FOUR-WAY INTERSECTION,,ASPHALT,ANIMAL/OBJECT IN RDWAY,$5001 TO $10000,COLLISION WITH DEER,SWALNUTSTPKERHORERRD,0,,2022-09-14 22:48:00,,,
BLOOMINGTON PD,B22-40174,MONROE,PERRY,BLOOMINGTON,1,,0,0,0,,S COLLEGE AVE,,,,,S COLLEGE AVE,W 3RD ST,,,,Y,,0.0,,39.164215983097804,-86.47371368881294,LOCAL/CITY RD,,,,URBAN,N,N,N,,DAYLIGHT,CLEAR,DRY,,FOUR-WAY INTERSECTION,,ASPHALT,LEFT OF CENTER,$5001 TO $10000,RAN OFF RD,W 3RDSTSCOLLEGEAVE,0,,2022-10-01 12:45:00,,,
INDIANA UNIV BLOOMINGTON PD,220359,MONROE,PERRY,BLOOMINGTON,2,,0,0,0,,S FESS AVE,,,,,S FESS AVE,E 3RD ST,,,,Y,,0.0,,39.17159697835341,-86.52354874467478,LOCAL/CITY RD,,,,URBAN,N,N,N,,DARK (LIGHTED),CLEAR,DRY,,T-INTERSECTION,,ASPHALT,UNSAFE LN MOVEMENT,$2501 TO $5000,LEFT TURN,SFESSAVEE 3RDST,0,,2022-01-31 20:00:00,,,
MONROE SD,M22A11930,MONROE,PERRY,BLOOMINGTON,4,,1,0,0,,S FAIRFAX RD,,,,,S FAIRFAX RD,S ST RD 37,,,,N,,0.0,,39.17339542596375,-86.51548488377333,,,,,URBAN,N,N,N,,DAYLIGHT,CLOUDY,DRY,,FOUR-WAY INTERSECTION,,ASPHALT,UNSAFE SPEED,$50001 TO $100000,RAN OFF RD,SOLDSTATERD37SFAIRFAXRD,0,,2022-05-23 00:01:00,,,
BLOOMINGTON PD,B22-12890,MONROE,VAN BUREN,BLOOMINGTON,3,,1,0,0,,W 3RD ST,,,,,W 3RD ST,I-69/37 OVERPASS,,,,Y,,0.0,,39.16432279850533,-86.47208867674614,LOCAL/CITY RD,,,,URBAN,N,N,N,,DAYLIGHT,RAIN,WET,,NO JUNCTION INVOLVED,,CONCRETE,FOLLOWING TOO CLOSELY,$2501 TO $5000,REAR END,W.3RDSTI-69/37OVERPASS,0,,2022-04-13 13:13:00,,,
BLOOMINGTON PD,B22-17053,MONROE,PERRY,BLOOMINGTON,2,,0,0,0,,N ST RD 69,,,,,N ST RD 69,W BLOOMFIELD RD,,,,Y,,0.0,,39.17899232646006,-86.52834266176751,ST RD,,,,URBAN,N,N,N,,DAYLIGHT,CLEAR,DRY,,T-INTERSECTION,,ASPHALT,FOLLOWING TOO CLOSELY,$25001 TO $50000,REAR END,WBLOOMFIELDRDNSTATERD69,0,,2022-05-10 12:50:00,,,
BLOOMINGTON PD,B22-30934,MONROE,BLOOMINGTON,BLOOMINGTON,2,,0,0,0,,E 3RD ST,,,,,E 3RD ST,S SMITH RD,,,,Y,,0.0,,39.1642311246703,-86.51776317726917,LOCAL/CITY RD,,,,URBAN,N,N,N,,DAYLIGHT,CLEAR,DRY,,FOUR-WAY INTERSECTION,,ASPHALT,FOLLOWING TOO CLOSELY,$2501 TO $5000,REAR END,SSMITHRDE 3RDST,0,,2022-08-10 11:50:00,,,
INDIANA UNIV BLOOMINGTON PD,223365,MONROE,BLOOMINGTON,BLOOMINGTON,1,,0,0,0,,S DUNN ST,,,,,S DUNN ST,E 3RD ST,,,,Y,,0.0,,39.122175438275974,-86.56238530729006,LOCAL/CITY RD,,,,URBAN,N,N,N,,DARK (LIGHTED),CLEAR,DRY,,FOUR-WAY INTERSECTION,,ASPHALT,FAILURE TO MAINTAIN LN,$10001 TO $25000,RIGHT TURN,SDUNNSTE 3RDST,0,,2022-09-17 03:15:00,,,
BLOOMINGTON PD,B22-08164,MONROE,BLOOMINGTON,BLOOMINGTON,2,,1,0,0,,ST RD 46,,,,,ST RD 46,N KINSER PK,,,,Y,,0.0,,39.14497654036531,-86.57780925035081,ST RD,,,,URBAN,N,N,N,,DAYLIGHT,SNOW,WET,,NO JUNCTION INVOLVED,,ASPHALT,FOLLOWING TOO CLOSELY,$5001 TO $10000,REAR END,STATERD46N.KINSERPK,0,,2022-03-11 15:36:00,,,
BLOOMINGTON PD,B22-35177,MONROE,PERRY,BLOOMINGTON,1,,0,0,0,,W TAPP RD,,,,,W TAPP RD,S ADAMS ST,,,,Y,,0.0,,39.085179257925724,-86.57422575948092,LOCAL/CITY RD,,,,URBAN,N,N,N,,DAWN/DUSK,RAIN,WET,,TRAFFIC CIRCLE/ROUNDABOUT,,ASPHALT,SPEED TOO FAST FOR WEATHER CONDITIONS,$5001 TO $10000,RAN OFF RD,WTAPPRDSADAMSST,0,,2022-09-03 07:00:00,,,
BLOOMINGTON PD,B22-36742,MONROE,PERRY,BLOOMINGTON,2,,0,0,0,,300 W COUNTRY CLUB DR,,,,,W COUNTRY CLUB DR,S MADISON ST,,,,Y,,1000.0,,39.01850666399395,-86.52288068953855,LOCAL/CITY RD,,,,URBAN,N,N,N,,DAYLIGHT,CLEAR,DRY,,NO JUNCTION INVOLVED,,ASPHALT,FOLLOWING TOO CLOSELY,$1001 TO $2500,REAR END,S.MADISONST300BLKW.COUNTRYCLUBDR,0,,2022-09-12 12:15:00,300.0,,
BLOOMINGTON PD,B22-36991,MONROE,BLOOMINGTON,BLOOMINGTON,2,,0,0,0,,N COLLEGE AVE,,,,,N COLLEGE AVE,W 10TH ST,,,,Y,,0.0,,39.163249446427095,-86.54518594688582,LOCAL/CITY RD,,,,URBAN,N,N,N,,DAYLIGHT,CLOUDY,DRY,,FOUR-WAY INTERSECTION,,ASPHALT,IMPROPER LN USAGE,$5001 TO $10000,RIGHT ANGLE,W10THSTNCOLLEGEAVE,0,,2022-09-13 18:55:00,,,
INDIANA UNIV BLOOMINGTON PD,221145,MONROE,BLOOMINGTON,BLOOMINGTON,2,,0,0,0,,E 4TH ST,,,,,E 4TH ST,,,,,Y,,0.0,,39.17163960656353,-86.52352106148062,PRIVATE DR,,,,URBAN,N,N,N,,DAYLIGHT,CLEAR,DRY,,NO JUNCTION INVOLVED,,ASPHALT,UNSAFE BACKING,$1001 TO $2500,OPPOSITE DIRECTION SIDESWIPE,E4THST,0,,2022-03-28 16:20:00,,,
MONROE SD,M22A2935,MONROE,SALT CREEK,BLOOMINGTON,1,,0,0,1,,S ST RD 446,,,,,S ST RD 446,S KNIGHTRIDGE RD,,,,N,,2600.0,,39.17238,-86.49988,ST RD,,,,RURAL,N,Y,N,,DARK (NOT LIGHTED),CLEAR,DRY,,NO JUNCTION INVOLVED,,ASPHALT,ANIMAL/OBJECT IN RDWAY,$2501 TO $5000,COLLISION WITH DEER,SST RD 446SKNIGHTRIDGERD,0,,2022-02-07 19:22:00,,,
BLOOMINGTON PD,B22-24358,MONROE,BLOOMINGTON,BLOOMINGTON,1,,0,0,0,,E 3RD ST,,,,,E 3RD ST,S WALNUT AVE,,,,Y,,0.0,,39.1695,-86.53483,LOCAL/CITY RD,,,,URBAN,N,N,N,,DAYLIGHT,CLEAR,DRY,,T-INTERSECTION,,ASPHALT,FAILURE TO YIELD RIGHT OF WAY,UNDER $1001,OTHER - EXPLAIN IN NARRATIVE,SWALNUTAVEE 3RDST,1,,2022-06-27 17:00:00,,,True
BLOOMINGTON PD,B22-06922,MONROE,BLOOMINGTON,BLOOMINGTON,2,,0,0,0,,2801 N WALNUT ST,,,,,N WALNUT ST,E BLUE RIDGE DR,,,,Y,,2000.0,,39.16656,-86.53235,LOCAL/CITY RD,,,,URBAN,N,N,N,,DAYLIGHT,CLEAR,DRY,,NO JUNCTION INVOLVED,,ASPHALT,FOLLOWING TOO CLOSELY,$1001 TO $2500,REAR END,EBLUERIDGEDR2801N.WALNUTST,0,,2022-03-02 08:12:00,2801.0,,
INDIANA UNIV BLOOMINGTON PD,221272,MONROE,BLOOMINGTON,BLOOMINGTON,1,,1,0,0,,E 3RD ST,,,,,E 3RD ST,S FESS AVE,,,,Y,,0.0,,39.15442909382421,-86.54313901799071,LOCAL/CITY RD,,,,URBAN,N,N,N,,DAYLIGHT,RAIN,WET,,T-INTERSECTION,,ASPHALT,VIEW OBSTRUCTED,UNDER $1001,RIGHT ANGLE,SFESSAVEE 3RDST,1,,2022-04-05 13:00:00,,,True
ISP BLOOMINGTON 33,2022-00249196,MONROE,BLOOMINGTON,,2,,0,0,0,,N CURRY PK,,,,,N CURRY PK,ST RD 46,,,,N,,475.0,,39.23063919122692,-86.62540990558621,COUNTY RD,,,,RURAL,N,N,N,,DAYLIGHT,CLEAR,DRY,,Y-INTERSECTION,,ASPHALT,FAILURE TO YIELD RIGHT OF WAY,$5001 TO $10000,SAME DIRECTION SIDESWIPE,STATERD46NCURRYPK,0,,2022-06-03 12:20:00,,,
BLOOMINGTON PD,B22-31716,MONROE,VAN BUREN,BLOOMINGTON,2,,0,0,0,,S CURRY PK,,,,,S CURRY PK,W ROLL AVE,,,,Y,,0.0,,39.17899707236349,-86.52833843915572,,,,,URBAN,N,N,N,,DAYLIGHT,CLEAR,DRY,,NO JUNCTION INVOLVED,,ASPHALT,FOLLOWING TOO CLOSELY,$1001 TO $2500,REAR END,WROLLAVESCURRYPK,0,,2022-08-15 17:21:00,,,
ELLETTSVILLE PD,E2202057,MONROE,RICHLAND,ELLETTSVILLE,1,,0,0,0,,1ST,,,,,1ST,DEWEY DR,,,,Y,,100.0,,39.17053856,-86.51091761,LOCAL/CITY RD,,,,URBAN,N,N,N,,DAYLIGHT,CLEAR,DRY,,NO JUNCTION INVOLVED,,ASPHALT,OVERCORRECTING/OVERSTEERING,$1001 TO $2500,RAN OFF RD,DEWEYDR1STST,0,,2022-06-03 20:40:00,,,
BLOOMINGTON PD,B22-04611,MONROE,PERRY,BLOOMINGTON,2,,0,0,0,,E 2ND ST,,,,,E 2ND ST,S COLLEGE MALL RD,,,,Y,,100.0,,39.154927638351126,-86.49092521821898,LOCAL/CITY RD,,,,URBAN,N,N,N,,DAYLIGHT,CLEAR,DRY,,FOUR-WAY INTERSECTION,,ASPHALT,FAILURE TO YIELD RIGHT OF WAY,$2501 TO $5000,RIGHT ANGLE,S.COLLEGEMALLRDE 2NDST,0,,2022-02-10 12:21:00,,,
BLOOMINGTON PD,B22-41869,MONROE,BLOOMINGTON,BLOOMINGTON,2,,1,0,0,,E 7TH ST,,,,,E 7TH ST,N WASHINGTON ST,,,,Y,,0.0,,39.164256846771615,-86.52106100059122,LOCAL/CITY RD,,,,URBAN,N,N,N,,DARK (NOT LIGHTED),CLEAR,DRY,,FOUR-WAY INTERSECTION,,ASPHALT,FAILURE TO YIELD RIGHT OF WAY,$2501 TO $5000,RIGHT ANGLE,NWASHINGTONSTE7THST,0,,2022-10-10 19:54:00,,,
BLOOMINGTON PD,B22-16341,MONROE,PERRY,BLOOMINGTON,2,,0,0,0,,E MOORES PK,,,,,E MOORES PK,S SARE RD,,,,Y,,0.0,,39.181303073208355,-86.53239192524195,,,,,URBAN,N,N,N,,DAYLIGHT,RAIN,WET,,FOUR-WAY INTERSECTION,,ASPHALT,IMPROPER LN USAGE,$1001 TO $2500,SAME DIRECTION SIDESWIPE,SSARERDEMOORESPK,0,,2022-05-05 13:00:00,,,