Agency,Local Code,County,Township,City,Vehicles Involved,Trailers Involved,Number Injured,Number Dead,Number Deer,House Number,Roadway Name,Roadway Suffix,Roadway Number,Roadway Interchange,Roadway Ramp,Roadway Id,Intersecting Road,Intersecting Road Number,Mile Marker,Interchange,Corporate Limits?,Property Type,Feet From,Direction,Latitude,Longitude,Roadway Class,Traffic Control Devices?,Aggressive Driving?,Hit and Run?,Locality,School Zone?,Rumble Strips?,Construction?,Construction Type,Light Condition,Weather Conditions,Surface Condition,Type of Median,Roadway Junction Type,Road Character,Roadway Surface,Primary Factor,Damage Estimate,Manner of Collision,Unique Location Id,State Property Damage?,Traffic Control,DateTime,Address Number,Cyclist Involved,Pedestrian Involved
ELLETTSVILLE PD,E2200703,MONROE,RICHLAND,ELLETTSVILLE,2,0.0,0,0,0,,,,ST RD 46 W,,,ST RD 46 W,SALE,,,,Y,,,,39.15055566914378,-86.52692013156229,ST RD,Y,N,N,URBAN,N,N,N,,DAYLIGHT,CLEAR,DRY,,NO JUNCTION INVOLVED,STRAIGHT/LEVEL,ASPHALT,FOLLOWING TOO CLOSELY,$5001 TO $10000,REAR END,SALESTST RD 46 W,0,TRAFFIC CONTROL SIGNAL,2022-02-25 07:42:00,,,
BLOOMINGTON PD,B22-21228,MONROE,PERRY,BLOOMINGTON,2,,0,0,0,2894,E 3RD ST,,,,,E 3RD ST,,,,,Y,,0.0,,39.14355931491754,-86.58033528892814,PRIVATE DR,,,,URBAN,N,N,N,,DAYLIGHT,CLEAR,DRY,,NO JUNCTION INVOLVED,,ASPHALT,OTHER (DRIVER) - EXPLAIN IN NARRATIVE,$1001 TO $2500,SAME DIRECTION SIDESWIPE,E 3RDST,0,,2022-06-07 18:59:00,,,
MONROE SD,M22A13312,MONROE,CLEAR CREEK,BLOOMINGTON,1,,0,0,1,,E POINTE RD,,,,,E POINTE RD,S POINTE VIEW DR,,,,N,,300.0,,39.24074538504786,-86.38294055281153,COUNTY RD,,,,RURAL,N,N,N,,DAWN/DUSK,CLEAR,DRY,,NO JUNCTION INVOLVED,,ASPHALT,ANIMAL/OBJECT IN RDWAY,$2501 TO $5000,COLLISION WITH DEER,SPOINTEVIEWDREPOINTERD,0,,2022-06-07 05:57:00,,,
BLOOMINGTON PD,B22-28378,MONROE,BLOOMINGTON,BLOOMINGTON,2,,1,0,0,,W 4TH ST,,,,,W 4TH ST,S ROGERS ST,,,,Y,,0.0,,39.18637478548509,-86.53772317099185,LOCAL/CITY RD,,,,URBAN,N,N,N,,DAYLIGHT,CLEAR,DRY,,FOUR-WAY INTERSECTION,,ASPHALT,FAILURE TO YIELD RIGHT OF WAY,$10001 TO $25000,RIGHT ANGLE,W4THSTSROGERSST,0,,2022-07-24 14:59:00,,,
ELLETTSVILLE PD,E22-03631,MONROE,RICHLAND,ELLETTSVILLE,2,,0,0,0,,CENTENNIAL DR,,,,,CENTENNIAL DR,W ST RD 46,,,,N,,0.0,,39.16459739038001,-86.53489574018803,ST RD,,,,URBAN,N,N,N,,DAYLIGHT,CLEAR,DRY,,FOUR-WAY INTERSECTION,,ASPHALT,DISREGARD SIGNAL/REG SIGN,$5001 TO $10000,RIGHT ANGLE,WSTATERD46CENTENNIALDR,0,,2022-09-16 12:53:00,,,
BLOOMINGTON PD,B22-37656,MONROE,PERRY,BLOOMINGTON,2,,0,0,0,,S ROGERS ST,,,,,S ROGERS ST,S ROCKPORT RD,,,,Y,,0.0,,39.17893251192134,-86.53349530070035,LOCAL/CITY RD,,,,URBAN,N,N,N,,DAYLIGHT,CLEAR,DRY,,FOUR-WAY INTERSECTION,,ASPHALT,IMPROPER PASSING,$5001 TO $10000,REAR END,SROGERSSTSROCKPORTRD,0,,2022-09-17 18:27:00,,,
INDIANA UNIV BLOOMINGTON PD,223863,MONROE,BLOOMINGTON,BLOOMINGTON,2,,0,0,0,,N DUNN ST,,,,,N DUNN ST,,,,,Y,,0.0,,39.166773949609436,-86.50717165891254,PRIVATE DR,,,,URBAN,N,N,N,,DAYLIGHT,CLEAR,DRY,,NO JUNCTION INVOLVED,,ASPHALT,IMPROPER TURNING,$1001 TO $2500,LEFT TURN,NDUNNST,0,,2022-10-11 09:15:00,,,
MONROE SD,M22A25184,MONROE,BEAN BLOSSOM,BLOOMINGTON,1,,0,0,1,,ST RD 46,,,,,ST RD 46,N SISCOE LN,,,,N,,0.0,,39.1311,-86.53856,ST RD,,,,RURAL,N,N,N,,DARK (NOT LIGHTED),CLEAR,DRY,,T-INTERSECTION,,ASPHALT,ANIMAL/OBJECT IN RDWAY,$2501 TO $5000,COLLISION WITH DEER,STATERD46NSISCOELN,0,,2022-10-13 21:16:00,,,
ELLETTSVILLE PD,E2202765,MONROE,RICHLAND,ELLETTSVILLE,2,0.0,0,0,0,4499,W ST RD 46,HWY,,,,W ST RD 46,,,,,N,,,,39.12141030567739,-86.53134386966532,OTHER,,N,N,URBAN,N,N,N,,DAYLIGHT,CLOUDY,DRY,,NO JUNCTION INVOLVED,STRAIGHT/LEVEL,ASPHALT,UNSAFE BACKING,$5001 TO $10000,BACKING CRASH,WSTATERD46HWY,0,NONE,2022-07-25 09:14:00,,,
BLOOMINGTON PD,B22-12737,MONROE,PERRY,BLOOMINGTON,2,,0,0,0,,S WALNUT ST,,,,,S WALNUT ST,S DR,,,,Y,,0.0,,39.16463,-86.53489,LOCAL/CITY RD,,,,URBAN,Y,N,N,,DAYLIGHT,CLOUDY,DRY,,FOUR-WAY INTERSECTION,,ASPHALT,DISREGARD SIGNAL/REG SIGN,$10001 TO $25000,RIGHT ANGLE,SOUTHDRS.WALNUTST,0,,2022-04-12 12:23:00,,,
BLOOMINGTON PD,B22-33114,MONROE,BLOOMINGTON,BLOOMINGTON,2,,1,0,0,,CURRY PK,,,,,CURRY PK,3RD ST,,,,Y,,0.0,,39.16428,-86.52586,LOCAL/CITY RD,,,,URBAN,N,N,N,,DARK (LIGHTED),CLEAR,DRY,,FOUR-WAY INTERSECTION,,ASPHALT,FAILURE TO YIELD RIGHT OF WAY,$2501 TO $5000,RIGHT ANGLE,CURRYPK3RDST,0,,2022-08-23 05:56:00,,,
MONROE SD,M22A14685,MONROE,PERRY,BLOOMINGTON,2,,1,0,0,,S ST RD 37,,,,,S ST RD 37,E DILLMAN RD,,,,N,,0.0,,39.016736380028696,-86.4830054951248,ST RD,,,,RURAL,N,N,N,,DAYLIGHT,CLEAR,DRY,,T-INTERSECTION,,ASPHALT,FAILURE TO YIELD RIGHT OF WAY,$50001 TO $100000,RIGHT ANGLE,SOLDSTATERD37EDILLMANRD,0,,2022-06-21 18:16:00,,,
INDIANA UNIV BLOOMINGTON PD,223830,MONROE,BLOOMINGTON,BLOOMINGTON,2,,1,0,0,,E 10TH ST,,,,,E 10TH ST,ST RD 46,,,,Y,,0.0,,39.16450181069448,-86.57331859775181,ST RD,,,,URBAN,N,N,N,,DAYLIGHT,CLEAR,DRY,,FOUR-WAY INTERSECTION,,ASPHALT,DISREGARD SIGNAL/REG SIGN,$1001 TO $2500,RIGHT ANGLE,STATERD46E 10THST,0,,2022-10-09 13:15:00,,True,
MONROE SD,M22A23015,MONROE,VAN BUREN,BLOOMINGTON,1,,0,0,0,,W ST RD 48,,,,,W ST RD 48,,,920.0,,N,,0.0,,39.14734454700741,-86.57327138081381,ST RD,,,,RURAL,N,N,N,,DAWN/DUSK,CLOUDY,WET,,NO JUNCTION INVOLVED,,ASPHALT,SPEED TOO FAST FOR WEATHER CONDITIONS,$5001 TO $10000,RAN OFF RD,WSTRD48,0,,2022-09-19 07:22:00,,,
INDIANA UNIV BLOOMINGTON PD,221791,MONROE,BLOOMINGTON,BLOOMINGTON,1,,0,0,1,,ST RD 45,,,,,ST RD 45,N FEE LN,,,,Y,,0.0,,39.164181433218495,-86.48123814520771,ST RD,,,,URBAN,N,N,N,,DARK (NOT LIGHTED),CLOUDY,DRY,,FOUR-WAY INTERSECTION,,ASPHALT,ANIMAL/OBJECT IN RDWAY,$5001 TO $10000,COLLISION WITH DEER,STATERD45NFEELN,0,,2022-05-07 00:00:00,,,
BLOOMINGTON PD,B22-13637,MONROE,PERRY,BLOOMINGTON,3,,3,0,0,,W COUNTRY CLUB DR,,,,,W COUNTRY CLUB DR,S BANTA AVE,,,,Y,,1000.0,,39.16440673431696,-86.52820239459828,LOCAL/CITY RD,,,,URBAN,N,N,N,,DAYLIGHT,CLEAR,DRY,,NO JUNCTION INVOLVED,,ASPHALT,FOLLOWING TOO CLOSELY,$25001 TO $50000,REAR END,W.COUNTRYCLUBDRSBANTAAVE,0,,2022-04-19 08:58:00,,,
MONROE SD,M22A8801,MONROE,VAN BUREN,BLOOMINGTON,2,,0,0,0,,S CURRY PK,,,,,S CURRY PK,W CURRY CT,,,,Y,,0.0,,39.18642,-86.53771,LOCAL/CITY RD,,,,URBAN,N,N,N,,DAYLIGHT,CLOUDY,DRY,,T-INTERSECTION,,ASPHALT,FAILURE TO YIELD RIGHT OF WAY,$10001 TO $25000,RIGHT TURN,WCURRYCTSCURRYPK,0,,2022-04-19 15:57:00,,,
BLOOMINGTON PD,B22-31952,MONROE,BLOOMINGTON,BLOOMINGTON,2,,0,0,0,,W 3RD ST,,,,,W 3RD ST,S CORY LN,,,,Y,,0.0,,39.13652589166233,-86.55443181186222,LOCAL/CITY RD,,,,URBAN,N,N,N,,DARK (LIGHTED),CLEAR,DRY,,FOUR-WAY INTERSECTION,,ASPHALT,DISREGARD SIGNAL/REG SIGN,$5001 TO $10000,RIGHT ANGLE,W 3RDSTSCORYLN,0,,2022-08-16 22:27:00,,,
INDIANA UNIV BLOOMINGTON PD,221703,MONROE,BLOOMINGTON,BLOOMINGTON,1,,0,0,0,,E UNIVERSITY RD,,,,,E UNIVERSITY RD,N FEE LN,,,,Y,,0.0,,39.135996721385354,-86.53714341602297,PRIVATE DR,,,,URBAN,N,N,N,,DARK (LIGHTED),RAIN,WET,,NO JUNCTION INVOLVED,,ASPHALT,WRONG WAY ON ONE WAY,$1001 TO $2500,SAME DIRECTION SIDESWIPE,NFEELNEUNIVERSITYRD,0,,2022-04-30 02:30:00,,,
INDIANA UNIV BLOOMINGTON PD,333937,MONROE,BLOOMINGTON,BLOOMINGTON,2,,0,0,0,,N DUNN ST,,,,,N DUNN ST,E 20TH ST,,,,Y,,0.0,,39.17167,-86.53483,PRIVATE DR,,,,URBAN,N,N,N,,DAYLIGHT,CLOUDY,WET,,NO JUNCTION INVOLVED,,ASPHALT,UNSAFE BACKING,$1001 TO $2500,BACKING CRASH,NDUNNSTE20THST,0,,2022-10-12 10:00:00,,,
INDIANA UNIV BLOOMINGTON PD,223917,MONROE,BLOOMINGTON,BLOOMINGTON,2,,0,0,0,,BALLANTINE RD,,,,,BALLANTINE RD,E 3RD ST,,,,Y,,0.0,,39.1651954870874,-86.52762454962753,LOCAL/CITY RD,,,,URBAN,N,N,N,,DAYLIGHT,CLOUDY,DRY,,T-INTERSECTION,,ASPHALT,IMPROPER TURNING,$2501 TO $5000,LEFT TURN,E 3RDSTBALLANTINERD,0,,2022-10-12 15:53:00,,,
MONROE SD,M22A25125,MONROE,WASHINGTON,BLOOMINGTON,1,,1,0,0,,N ST RD 37,,,,,N ST RD 37,NEWT FULFORD,,,,N,,0.0,,39.14419,-86.46687,LOCAL/CITY RD,,,,RURAL,N,N,N,,DAYLIGHT,CLEAR,WET,,NO JUNCTION INVOLVED,,ASPHALT,SPEED TOO FAST FOR WEATHER CONDITIONS,$5001 TO $10000,RAN OFF RD,NEWTFULFORDRDNOLDST RD 37,0,,2022-10-13 09:29:00,,,
BLOOMINGTON PD,B22-42399,MONROE,BLOOMINGTON,BLOOMINGTON,2,,0,0,0,4461,E 3RD ST,,,,,E 3RD ST,,,,,Y,,0.0,,39.16456188323566,-86.53365690335778,PRIVATE DR,,,,URBAN,N,N,N,,UNKNOWN,CLEAR,DRY,,NO JUNCTION INVOLVED,,ASPHALT,OTHER (DRIVER) - EXPLAIN IN NARRATIVE,UNDER $1001,RIGHT ANGLE,E 3RDST,0,,2022-10-13 14:00:00,,,
BLOOMINGTON PD,B22-40925,MONROE,PERRY,BLOOMINGTON,2,,0,0,0,,W 3RD ST,,,,,W 3RD ST,S JOHNSON AVE,,,,Y,,317.0,,39.19690352449607,-86.53455273852602,LOCAL/CITY RD,,,,URBAN,N,N,N,,DAYLIGHT,CLEAR,DRY,,NO JUNCTION INVOLVED,,ASPHALT,FOLLOWING TOO CLOSELY,$1001 TO $2500,REAR END,W 3RDSTSJOHNSONAVE,0,,2022-10-05 18:00:00,,,
MONROE SD,M22A14226,MONROE,CLEAR CREEK,BLOOMINGTON,2,,0,0,0,4790,W FLUCK MILL RD,,,,,W FLUCK MILL RD,,,,,N,,0.0,,39.16425078520536,-86.52589856294186,PRIVATE DR,,,,RURAL,N,N,N,,DAYLIGHT,CLEAR,DRY,,NO JUNCTION INVOLVED,,ASPHALT,OTHER (DRIVER) - EXPLAIN IN NARRATIVE,$2501 TO $5000,SAME DIRECTION SIDESWIPE,WFLUCKMILLRD,0,,2022-06-16 07:00:00,,,
BLOOMINGTON PD,B22-32693,MONROE,BLOOMINGTON,BLOOMINGTON,2,,0,0,0,,W 8TH ST,,,,,W 8TH ST,N COLLEGE AVE,,,,Y,,0.0,,39.1936531559518,-86.57142717038047,LOCAL/CITY RD,,,,URBAN,N,N,N,,DAYLIGHT,CLEAR,DRY,,FOUR-WAY INTERSECTION,,ASPHALT,UNSAFE LN MOVEMENT,$1001 TO $2500,SAME DIRECTION SIDESWIPE,W8THSTNCOLLEGEAVE,0,,2022-08-20 15:44:00,,,
BLOOMINGTON PD,B22-32915,MONROE,VAN BUREN,BLOOMINGTON,1,,1,0,0,,S COPPER BEECH WAY,,,,,S COPPER BEECH WAY,S BASSWOOD DR,,,,Y,,0.0,,39.147186290956135,-86.58259756592767,LOCAL/CITY RD,,,,URBAN,N,N,N,,DAYLIGHT,CLOUDY,DRY,,NO JUNCTION INVOLVED,,ASPHALT,OTHER (DRIVER) - EXPLAIN IN NARRATIVE,UNDER $1001,RAN OFF RD,SCOPPERBEECHWAYSBASSWOODDR,0,,2022-08-21 20:00:00,,,
BLOOMINGTON PD,B22-42147,MONROE,BLOOMINGTON,BLOOMINGTON,2,,0,0,0,,N WALNUT ST,,,,,N WALNUT ST,E 7TH ST,,,,Y,,0.0,,39.22847100765276,-86.62457682418555,LOCAL/CITY RD,,,,URBAN,N,N,N,,DAYLIGHT,CLOUDY,DRY,,FOUR-WAY INTERSECTION,,ASPHALT,DRIVER ILLNESS,$5001 TO $10000,REAR END,NWALNUTSTE7THST,0,,2022-10-12 12:10:00,,,
MONROE SD,M22A8441,MONROE,PERRY,BLOOMINGTON,2,,0,0,0,,I-69,,,,,I-69,,,114.0,,N,,475.0,,39.160891469286376,-86.49771973943673,INTERSTATE,,,,RURAL,N,N,N,,DAYLIGHT,CLEAR,DRY,,NO JUNCTION INVOLVED,,ASPHALT,UNSAFE LN MOVEMENT,$1001 TO $2500,SAME DIRECTION SIDESWIPE,I-69114,0,,2022-04-14 17:45:00,,,
BLOOMINGTON PD,B2217199,MONROE,BLOOMINGTON,BLOOMINGTON,2,,0,0,0,,N DUNN ST,,,,,N DUNN ST,E KIRKWOOD AVE,,,,Y,,264.0,,39.168515212607275,-86.5323755498938,,,,,URBAN,N,N,N,,DAYLIGHT,CLEAR,DRY,,T-INTERSECTION,,ASPHALT,FAILURE TO YIELD RIGHT OF WAY,$2501 TO $5000,RIGHT ANGLE,NDUNNSTEKIRKWOODAVE,0,,2022-05-11 12:20:00,,,
BLOOMINGTON PD,B22-33529,MONROE,PERRY,BLOOMINGTON,1,,1,0,0,,S WALNUT ST,,,,,S WALNUT ST,E WYLIE ST,,,,Y,,0.0,,39.15042961033254,-86.4992104068809,LOCAL/CITY RD,,,,URBAN,N,N,N,,DARK (LIGHTED),CLEAR,DRY,,T-INTERSECTION,,ASPHALT,PEDESTRIAN ACTION,$1001 TO $2500,COLLISION WITH OBJECT IN RD,SWALNUTSTEWYLIEST,1,,2022-08-25 05:47:00,,,True
BLOOMINGTON PD,B22-22770,MONROE,PERRY,BLOOMINGTON,2,,0,0,0,,W 3RD ST,,,,,W 3RD ST,,,,,Y,,0.0,,39.2349136271535,-86.6234416104524,LOCAL/CITY RD,,,,URBAN,N,N,N,,DAYLIGHT,CLEAR,DRY,,FOUR-WAY INTERSECTION,,ASPHALT,FAILURE TO YIELD RIGHT OF WAY,$1001 TO $2500,SAME DIRECTION SIDESWIPE,W 3RDST,0,,2022-06-17 17:32:00,,,
MONROE SD,M22A4590,MONROE,BLOOMINGTON,BLOOMINGTON,2,,0,0,0,,N WALNUT ST,,,,,N WALNUT ST,E WHISNAND RD,,,,N,,0.0,,39.160127388554,-86.49382607112841,,,,,RURAL,N,N,N,,DAYLIGHT,CLEAR,DRY,,NO JUNCTION INVOLVED,,ASPHALT,FOLLOWING TOO CLOSELY,$5001 TO $10000,REAR END,NWALNUTSTEWHISNANDRD,0,,2022-02-26 10:16:00,,,
BLOOMINGTON PD,B22-39288,MONROE,VAN BUREN,BLOOMINGTON,2,,0,0,0,,W 3RD ST,,,,,W 3RD ST,S LIBERTY DR,,,,Y,,800.0,,39.03384348117384,-86.50813914980303,LOCAL/CITY RD,,,,URBAN,N,N,N,,DAYLIGHT,CLEAR,DRY,,FOUR-WAY INTERSECTION,,ASPHALT,FAILURE TO YIELD RIGHT OF WAY,$10001 TO $25000,RIGHT ANGLE,W 3RDSTSLIBERTYDR,0,,2022-09-27 12:17:00,,,
BLOOMINGTON PD,B22-40048,MONROE,BLOOMINGTON,BLOOMINGTON,3,,0,0,0,,ST RD 46,,,,,ST RD 46,E 7TH ST,,,,Y,,264.0,,39.16559260027898,-86.53873863759434,ST RD,,,,URBAN,N,N,N,,DAYLIGHT,CLEAR,DRY,,NO JUNCTION INVOLVED,,ASPHALT,FOLLOWING TOO CLOSELY,$10001 TO $25000,REAR END,STATERD46E7THST,0,,2022-09-30 18:04:00,,,
ISP BLOOMINGTON 33,2.022E+11,MONROE,CLEAR CREEK,BLOOMINGTON,2,,0,0,0,4725,GUTHRIE RD,,,,,GUTHRIE RD,,,,,N,,0.0,,39.209951587445424,-86.5827247629278,PRIVATE DR,,,,RURAL,N,N,N,,DARK (NOT LIGHTED),CLOUDY,MUDDY,,NO JUNCTION INVOLVED,,OTHER - EXPLAIN IN NARRATIVE,OTHER (DRIVER) - EXPLAIN IN NARRATIVE,$1001 TO $2500,RIGHT ANGLE,GUTHRIERD,0,,2022-05-18 23:42:00,,,
MONROE SD,M22A24068,MONROE,PERRY,BLOOMINGTON,4,,2,0,0,,S ST RD 37,,,,,S ST RD 37,,,,,N,,0.0,,39.14603894889813,-86.53892334946006,COUNTY RD,,,,RURAL,N,N,N,,DAYLIGHT,CLEAR,DRY,,NO JUNCTION INVOLVED,,ASPHALT,FOLLOWING TOO CLOSELY,OVER $100000,REAR END,SOLDSTATERD37,0,,2022-09-30 03:56:00,,,True
BLOOMINGTON PD,B22-26183,MONROE,BLOOMINGTON,BLOOMINGTON,2,,0,0,0,,W 14TH ST,,,,,W 14TH ST,N COLLEGE AVE,,,,Y,,0.0,,39.18143547694179,-86.52744887080621,LOCAL/CITY RD,,,,URBAN,N,N,N,,DAYLIGHT,CLEAR,DRY,,FOUR-WAY INTERSECTION,,ASPHALT,FAILURE TO YIELD RIGHT OF WAY,$1001 TO $2500,REAR END,W14THSTNCOLLEGEAVE,0,,2022-07-09 17:42:00,,,
INDIANA UNIV BLOOMINGTON PD,220314,MONROE,BLOOMINGTON,BLOOMINGTON,1,,0,0,0,310,S FESS AVE,,,,,S FESS AVE,,,,,Y,,0.0,,39.271771760606114,-86.67237157922007,LOCAL/CITY RD,,,,URBAN,N,N,N,,DAYLIGHT,CLEAR,DRY,,NO JUNCTION INVOLVED,,CONCRETE,BRAKE FAILURE OR DEFECTIVE,UNDER $1001,RIGHT TURN,SFESSAVE,0,,2022-01-12 13:30:00,,,
BLOOMINGTON PD,B22-14546,MONROE,,,2,,1,0,0,,E 1ST,,,,,E 1ST,S WOODLAWN AVE,,,,Y,,0.0,,,,LOCAL/CITY RD,,,,URBAN,N,N,N,,DAYLIGHT,CLEAR,DRY,,FOUR-WAY INTERSECTION,,ASPHALT,OTHER (DRIVER) - EXPLAIN IN NARRATIVE,$10001 TO $25000,REAR END,SWOODLAWNAVEE1STST,0,,2022-04-23 20:09:00,,,
BLOOMINGTON PD,B22-25961,MONROE,PERRY,BLOOMINGTON,2,,0,0,0,,STONEGATE DR,,,,,STONEGATE DR,S SMITH RD,,,,Y,,0.0,,39.142989270961486,-86.5315118644936,LOCAL/CITY RD,,,,URBAN,N,N,N,,DAYLIGHT,CLEAR,DRY,,NO JUNCTION INVOLVED,,ASPHALT,FOLLOWING TOO CLOSELY,$2501 TO $5000,REAR END,STONEGATEDRSSMITHRD,0,,2022-07-08 08:00:00,,,
INDIANA UNIV BLOOMINGTON PD,221841,MONROE,BLOOMINGTON,BLOOMINGTON,2,,0,0,0,,E 3RD ST,,,,,E 3RD ST,S EAGLESON AVE,,,,Y,,0.0,,39.164596004683595,-86.58299947848485,LOCAL/CITY RD,,,,URBAN,N,N,N,,DAYLIGHT,CLEAR,DRY,,FOUR-WAY INTERSECTION,,ASPHALT,UNSAFE LN MOVEMENT,$2501 TO $5000,SAME DIRECTION SIDESWIPE,SEAGLESON AVEAVEE 3RDST,0,,2022-05-10 19:20:00,,,
INDIANA UNIV BLOOMINGTON PD,222154,MONROE,BLOOMINGTON,BLOOMINGTON,2,,0,0,0,,E 3RD ST,,,,,E 3RD ST,N EAGLESON AVE,,,,Y,,0.0,,39.0929295182992,-86.54415557476017,LOCAL/CITY RD,,,,URBAN,N,N,N,,DAYLIGHT,CLEAR,DRY,,FOUR-WAY INTERSECTION,,ASPHALT,UNSAFE LN MOVEMENT,$2501 TO $5000,SAME DIRECTION SIDESWIPE,NEAGLESONAVEE 3RDST,0,,2022-06-15 12:40:00,,,
BLOOMINGTON PD,B22-08153,MONROE,BLOOMINGTON,BLOOMINGTON,2,,0,0,0,,N WALNUT ST,,,,,N WALNUT ST,E GLENDORA DR,,,,Y,,0.0,,39.17161868616458,-86.50240378429591,LOCAL/CITY RD,,,,URBAN,N,N,N,,DAYLIGHT,SNOW,WET,,T-INTERSECTION,,ASPHALT,FOLLOWING TOO CLOSELY,$1001 TO $2500,REAR END,NWALNUTSTEGLENDORADR,0,,2022-03-11 14:39:00,,,
BLOOMINGTON PD,B22-04183,MONROE,PERRY,BLOOMINGTON,1,,0,0,0,,S MULLER PKWY,,,,,S MULLER PKWY,S BASSWOOD DR,,,,Y,,0.0,,39.16838282470852,-86.67032854345604,LOCAL/CITY RD,,,,URBAN,N,N,N,,DAYLIGHT,CLEAR,SNOW/SLUSH,,NO JUNCTION INVOLVED,,ASPHALT,UNSAFE BACKING,$1001 TO $2500,RIGHT ANGLE,SMULLERPKWYSBASSWOODDR,0,,2022-02-06 14:25:00,,,
BLOOMINGTON PD,B22-14983,MONROE,PERRY,BLOOMINGTON,2,,0,0,0,,W DODDS ST,,,,,W DODDS ST,S MORTON ST,,,,Y,,0.0,,39.18590885817441,-86.51966498989785,LOCAL/CITY RD,,,,URBAN,N,N,N,,DAYLIGHT,CLEAR,DRY,,FOUR-WAY INTERSECTION,,ASPHALT,UNSAFE BACKING,$1001 TO $2500,BACKING CRASH,W.DODDSSTS.MORTONST,0,,2022-04-26 11:55:00,,,
INDIANA UNIV BLOOMINGTON PD,220853,MONROE,BLOOMINGTON,BLOOMINGTON,2,,0,0,0,,E ATWATER AVE,,,,,E ATWATER AVE,S EAGLESON AVE,,,,Y,,211.0,,39.136243354251626,-86.54487755709071,LOCAL/CITY RD,,,,URBAN,N,N,N,,DAYLIGHT,CLEAR,DRY,,NO JUNCTION INVOLVED,,ASPHALT,FAILURE TO YIELD RIGHT OF WAY,$2501 TO $5000,SAME DIRECTION SIDESWIPE,SEAGLESONAVEEATWATERAVE,0,,2022-03-05 14:30:00,,,
BLOOMINGTON PD,B22-15648,MONROE,PERRY,BLOOMINGTON,2,,2,1,0,,W COUNTRY CLUB DR,,,,,W COUNTRY CLUB DR,S BANTA AVE,,,,Y,,106.0,,39.15402645782277,-86.58262118172952,LOCAL/CITY RD,,,,URBAN,N,N,N,,DAYLIGHT,CLEAR,DRY,,NO JUNCTION INVOLVED,,ASPHALT,LEFT OF CENTER,$10001 TO $25000,HEAD ON BETWEEN TWO MOTOR VEHICLES,WCOUNTRYCLUBDRSBANTAAVE,0,,2022-04-30 15:55:00,,,
MONROE SD,M22A15466,MONROE,PERRY,BLOOMINGTON,1,,0,0,1,,I-69,,,,,I-69,,,112.9,,N,,0.0,,39.164468764285616,-86.56016063877404,,,,,RURAL,N,Y,N,,DAYLIGHT,CLEAR,DRY,,NO JUNCTION INVOLVED,,ASPHALT,ANIMAL/OBJECT IN RDWAY,$2501 TO $5000,COLLISION WITH DEER,I-69112.9,0,,2022-06-29 11:55:00,,,
BLOOMINGTON PD,B22-11187,MONROE,BLOOMINGTON,BLOOMINGTON,2,,0,0,0,,W KIRKWOOD AVE,,,,,W KIRKWOOD AVE,N COLLEGE AVE,,,,N,,0.0,,39.172354869954994,-86.49990928366991,LOCAL/CITY RD,,,,URBAN,N,N,N,,DAYLIGHT,CLEAR,DRY,,FOUR-WAY INTERSECTION,,ASPHALT,FOLLOWING TOO CLOSELY,$1001 TO $2500,REAR END,WKIRKWOODAVENCOLLEGEAVE,0,,2022-04-01 04:23:00,,,
BLOOMINGTON PD,B22-26968,MONROE,BLOOMINGTON,BLOOMINGTON,2,,0,0,0,,N PLYMOUTH RD,,,,,N PLYMOUTH RD,E WALPOLE LN,,,,Y,,370.0,,39.18179,-86.52832,LOCAL/CITY RD,,,,URBAN,N,N,N,,DAYLIGHT,CLEAR,DRY,,NO JUNCTION INVOLVED,,ASPHALT,IMPROPER PASSING,$1001 TO $2500,SAME DIRECTION SIDESWIPE,NPLYMOUTHRDEWALPOLELN,0,,2022-07-14 21:04:00,,,
BLOOMINGTON PD,B22-38095,MONROE,BLOOMINGTON,BLOOMINGTON,2,,0,0,0,3020,E 3RD ST,,,,,E 3RD ST,,,,,Y,,0.0,,39.164220613688215,-86.51915516274764,PRIVATE DR,,,,URBAN,N,N,N,,DAYLIGHT,CLEAR,DRY,,NO JUNCTION INVOLVED,,ASPHALT,UNSAFE BACKING,$1001 TO $2500,BACKING CRASH,E 3RDST,0,,2022-09-20 16:00:00,,,
BLOOMINGTON PD,B22-27690,MONROE,VAN BUREN,BLOOMINGTON,2,,1,0,0,,S LEONARD SPRINGS RD,,,,,S LEONARD SPRINGS RD,W TAPP RD,,,,Y,,0.0,,39.2811680040507,-86.49457706193985,LOCAL/CITY RD,,,,RURAL,N,N,N,,DAYLIGHT,CLEAR,DRY,,T-INTERSECTION,,ASPHALT,FAILURE TO YIELD RIGHT OF WAY,$10001 TO $25000,RIGHT ANGLE,WTAPPRDSLEONARDSPRINGSRD,0,,2022-07-19 17:43:00,,,
ISP BLOOMINGTON 33,2.022E+11,MONROE,PERRY,BLOOMINGTON,2,,0,0,0,,E RHORER RD,,,,,E RHORER RD,S ST RD 37,,,,Y,,0.0,,39.164669163007915,-86.4746443291074,PRIVATE DR,,,,URBAN,N,N,N,,DAYLIGHT,CLEAR,DRY,,NO JUNCTION INVOLVED,,ASPHALT,UNSAFE BACKING,$1001 TO $2500,BACKING CRASH,SOLDSTATERD37ERHORERRD,0,,2022-07-12 18:16:00,,,