Agency,Local Code,County,Township,City,Vehicles Involved,Trailers Involved,Number Injured,Number Dead,Number Deer,House Number,Roadway Name,Roadway Suffix,Roadway Number,Roadway Interchange,Roadway Ramp,Roadway Id,Intersecting Road,Intersecting Road Number,Mile Marker,Interchange,Corporate Limits?,Property Type,Feet From,Direction,Latitude,Longitude,Roadway Class,Traffic Control Devices?,Aggressive Driving?,Hit and Run?,Locality,School Zone?,Rumble Strips?,Construction?,Construction Type,Light Condition,Weather Conditions,Surface Condition,Type of Median,Roadway Junction Type,Road Character,Roadway Surface,Primary Factor,Damage Estimate,Manner of Collision,Unique Location Id,State Property Damage?,Traffic Control,DateTime,Address Number,Cyclist Involved,Pedestrian Involved
MONROE SD,M22A11566,MONROE,BLOOMINGTON,BLOOMINGTON,2,,0,0,0,,E BETHEL LN,,,,,E BETHEL LN,N ST RD 37,,,,N,,0.0,,39.16446437992204,-86.5650300599171,LOCAL/CITY RD,,,,RURAL,N,N,N,,DAYLIGHT,CLEAR,DRY,,T-INTERSECTION,,ASPHALT,UNSAFE BACKING,$1001 TO $2500,BACKING CRASH,NOLDSTATERD37EBETHELLN,0,,2022-05-19 13:15:00,,,
BLOOMINGTON PD,B22-33768,MONROE,BLOOMINGTON,BLOOMINGTON,2,,0,0,0,,E KIRKWOOD AVE,,,,,E KIRKWOOD AVE,S DUNN ST,,,,Y,,0.0,,39.0738758008559,-86.5705906357492,PRIVATE DR,,,,URBAN,N,N,N,,DAYLIGHT,CLEAR,DRY,,FOUR-WAY INTERSECTION,,ASPHALT,UNSAFE BACKING,$2501 TO $5000,LEFT TURN,SDUNNSTEKIRKWOODAVE,0,,2022-08-26 13:50:00,,,
INDIANA UNIV BLOOMINGTON PD,221879,MONROE,BLOOMINGTON,BLOOMINGTON,1,,0,0,0,,E 7TH ST,,,,,E 7TH ST,N WOODLAWN AVE,,,,Y,,0.0,,39.16946429029875,-86.53484044576584,LOCAL/CITY RD,,,,URBAN,N,N,N,,DAYLIGHT,CLEAR,DRY,,NO JUNCTION INVOLVED,,ASPHALT,OTHER (DRIVER) - EXPLAIN IN NARRATIVE,$2501 TO $5000,OTHER - EXPLAIN IN NARRATIVE,NWOODLAWNAVEE7THST,0,,2022-05-16 07:25:00,,,
BLOOMINGTON PD,B22-30428,MONROE,PERRY,BLOOMINGTON,2,,1,0,0,,E 3RD ST,,,,,E 3RD ST,S PETE LLIS DR,,,,Y,,0.0,,39.155302142601286,-86.57228803592979,,,,,URBAN,N,N,N,,DARK (LIGHTED),CLEAR,DRY,,T-INTERSECTION,,ASPHALT,UNSAFE SPEED,$2501 TO $5000,RIGHT ANGLE,SPETEELLISDRE 3RDST,0,,2022-08-06 21:00:00,,,
BLOOMINGTON PD,B22-38083,MONROE,PERRY,BLOOMINGTON,2,,0,0,0,535,S WALNUT ST,,,,,S WALNUT ST,,,,,Y,,0.0,,39.16853416468197,-86.53361418435178,LOCAL/CITY RD,,,,URBAN,N,N,N,,DAYLIGHT,CLEAR,DRY,,NO JUNCTION INVOLVED,,ASPHALT,UNSAFE BACKING,UNDER $1001,BACKING CRASH,SWALNUTST,0,,2022-09-20 14:33:00,,,
MONROE SD,M22A12073,MONROE,CLEAR CREEK,BLOOMINGTON,2,,0,0,0,,E SMITHVILLE RD,,,,,E SMITHVILLE RD,ST RD 37,,,,N,,0.0,,39.11562121143763,-86.56544592874887,ST RD,,,,RURAL,N,N,N,,DAWN/DUSK,CLEAR,DRY,,T-INTERSECTION,,ASPHALT,FAILURE TO YIELD RIGHT OF WAY,$25001 TO $50000,RIGHT ANGLE,STATERD37ESMITHVILLERD,0,,2022-05-25 08:39:00,,,
INDIANA UNIV BLOOMINGTON PD,221961,MONROE,BLOOMINGTON,BLOOMINGTON,2,,2,0,0,,N FEE LN,,,,,N FEE LN,N EAGLESON AVE,,,,Y,,0.0,,39.1664847489444,-86.52824360193796,LOCAL/CITY RD,,,,URBAN,N,N,N,,DAYLIGHT,CLEAR,DRY,,FOUR-WAY INTERSECTION,,ASPHALT,FOLLOWING TOO CLOSELY,$2501 TO $5000,REAR END,NEAGLESON AVEAVENFEELN,0,,2022-05-24 16:55:00,,,
ELLETTSVILLE PD,E22-02974,MONROE,RICHLAND,ELLETTSVILLE,2,,0,0,0,,W ST RD 46,,,,,W ST RD 46,N CAPITOL AVE,,,,Y,,686.0,,39.15832919707023,-86.53365351132365,ST RD,,,,RURAL,N,N,N,,DAYLIGHT,CLOUDY,WET,,NO JUNCTION INVOLVED,,ASPHALT,UNSAFE LN MOVEMENT,$5001 TO $10000,SAME DIRECTION SIDESWIPE,WSTATERD46NCAPITOLAVE,0,,2022-08-09 16:19:00,,,
MONROE SD,M22A25107,MONROE,INDIAN CREEK,HARRODSBURG,1,,0,1,0,,W POPCORN RD,,,,,W POPCORN RD,,,,,N,,0.0,,39.16438070717997,-86.57227426638022,COUNTY RD,,,,RURAL,N,N,N,,DARK (NOT LIGHTED),CLEAR,WET,,NO JUNCTION INVOLVED,,ASPHALT,SPEED TOO FAST FOR WEATHER CONDITIONS,$10001 TO $25000,RAN OFF RD,WPOPCORNRD,0,,2022-10-12 20:30:00,,,
BLOOMINGTON PD,B22-18730,MONROE,BLOOMINGTON,BLOOMINGTON,2,,0,0,0,,E JOHN HINKLE PL,,,,,E JOHN HINKLE PL,N PETE LLIS DR,,,,Y,,0.0,,39.22262850361824,-86.52910995518813,LOCAL/CITY RD,,,,URBAN,N,N,N,,DAYLIGHT,CLEAR,DRY,,T-INTERSECTION,,ASPHALT,IMPROPER TURNING,$5001 TO $10000,OPPOSITE DIRECTION SIDESWIPE,NPETEELLISDREJOHNHINKLEPL,0,,2022-05-21 18:00:00,,,
MONROE SD,M22A12812,MONROE,RICHLAND,BLOOMINGTON,1,,0,0,1,,W DELAP RD,,,,,W DELAP RD,N UNION VALLEY RD,,,,N,,0.0,,39.16456946695679,-86.57917909323197,COUNTY RD,,,,RURAL,N,N,N,,DARK (NOT LIGHTED),RAIN,WET,,T-INTERSECTION,,ASPHALT,ANIMAL/OBJECT IN RDWAY,$50001 TO $100000,RAN OFF RD,WDELAPRDNUNIONVALLEYRD,0,,2022-06-02 03:29:00,,,
BLOOMINGTON PD,B22-22807,MONROE,PERRY,BLOOMINGTON,2,,0,0,0,,S ELEMENT WAY,,,,,S ELEMENT WAY,,,,,Y,,0.0,,39.16763721497896,-86.50005166612735,LOCAL/CITY RD,,,,URBAN,N,N,N,,UNKNOWN,CLEAR,DRY,,NO JUNCTION INVOLVED,,ASPHALT,IMPROPER LN USAGE,$2501 TO $5000,SAME DIRECTION SIDESWIPE,SELEMENTWAY,0,,2022-06-17 20:00:00,,,
BLOOMINGTON PD,B2242908,MONROE,BLOOMINGTON,BLOOMINGTON,2,,1,0,0,,S COLLEGE MALL RD,,,,,S COLLEGE MALL RD,E BUICK CADILLAC BLVD,,,,Y,,0.0,,38.99537237365718,-86.46407067219812,,,,,URBAN,N,N,N,,DARK (NOT LIGHTED),CLEAR,DRY,,FOUR-WAY INTERSECTION,,ASPHALT,FOLLOWING TOO CLOSELY,$5001 TO $10000,REAR END,SCOLLEGEMALLRDEBUICKCADILLACBLVD,0,,2022-10-17 06:27:00,,,
MONROE SD,M22A3848,MONROE,RICHLAND,BLOOMINGTON,2,,0,0,0,,ST RD 46,,,,,ST RD 46,N CURRY PK,,,,N,,0.0,,39.09754868036587,-86.54031840528805,ST RD,,,,RURAL,N,N,N,,DARK (NOT LIGHTED),SNOW,ICE,,FOUR-WAY INTERSECTION,,ASPHALT,FAILURE TO YIELD RIGHT OF WAY,$5001 TO $10000,LEFT/RIGHT TURN,STATERD46NCURRYPK,0,,2022-02-17 20:05:00,,,
ELLETTSVILLE PD,E2202298,MONROE,RICHLAND,ELLETTSVILLE,1,0.0,1,0,0,,GILMORE,RD,,,,GILMORE,REEVES,,,,N,,2000.0,N,39.17595,-86.53476,LOCAL/CITY RD,,Y,N,RURAL,N,N,N,,DAYLIGHT,CLEAR,DRY,,NO JUNCTION INVOLVED,CURVE/LEVEL,ASPHALT,UNSAFE SPEED,$10001 TO $25000,RAN OFF RD,GILMORERDREEVESRD,0,NONE,2022-06-20 13:17:00,,,
INDIANA UNIV BLOOMINGTON PD,223375,MONROE,BLOOMINGTON,BLOOMINGTON,2,,0,0,0,,ST RD 45,,,,,ST RD 45,N MILO B SAMPSON LN,,,,Y,,0.0,,39.16348015,-86.52638871,ST RD,,,,URBAN,N,N,N,,DAYLIGHT,CLEAR,DRY,,T-INTERSECTION,,ASPHALT,FAILURE TO YIELD RIGHT OF WAY,$2501 TO $5000,RIGHT ANGLE,STATERD45NMILOBSAMPSONLN,0,,2022-09-17 16:35:00,,,
BLOOMINGTON PD,B22-09679,MONROE,BLOOMINGTON,BLOOMINGTON,2,,2,0,0,,N PROW RD,,,,,N PROW RD,W ARLINGTON RD,,,,Y,,0.0,,39.15924676613704,-86.52265866476637,LOCAL/CITY RD,,,,URBAN,N,N,N,,DAYLIGHT,RAIN,WET,,T-INTERSECTION,,CONCRETE,FOLLOWING TOO CLOSELY,$2501 TO $5000,REAR END,WARLINGTONRDNPROWRD,0,,2022-03-22 02:49:00,,,
BLOOMINGTON PD,B22-31651,MONROE,PERRY,BLOOMINGTON,2,,0,0,0,,S MITCHELL ST,,,,,S MITCHELL ST,E ATWATER AVE,,,,Y,,100.0,,39.16114868035962,-86.48076775183019,LOCAL/CITY RD,,,,URBAN,N,N,N,,DAYLIGHT,CLOUDY,DRY,,NO JUNCTION INVOLVED,,ASPHALT,UNSAFE BACKING,$2501 TO $5000,BACKING CRASH,SMITCHELLSTEATWATERAVE,0,,2022-08-15 08:51:00,,,
BLOOMINGTON PD,B22-19275,MONROE,BLOOMINGTON,BLOOMINGTON,2,,0,0,0,,S ROGERS ST,,,,,S ROGERS ST,W 4TH ST,,,,Y,,0.0,,39.16420932670383,-86.51645717890497,LOCAL/CITY RD,,,,URBAN,N,N,N,,DAYLIGHT,CLEAR,DRY,,FOUR-WAY INTERSECTION,,ASPHALT,FAILURE TO YIELD RIGHT OF WAY,$1001 TO $2500,SAME DIRECTION SIDESWIPE,W4THSTSROGERSST,0,,2022-05-25 13:58:00,,,
MONROE SD,M22A15084,MONROE,VAN BUREN,BLOOMINGTON,1,,0,0,0,3585,W ST RD 45,,,,,W ST RD 45,,,,,Y,,0.0,,39.16420320345933,-86.51643827918647,PRIVATE DR,,,,URBAN,N,N,N,,DAYLIGHT,CLEAR,DRY,,NO JUNCTION INVOLVED,,ASPHALT,OTHER (DRIVER) - EXPLAIN IN NARRATIVE,$1001 TO $2500,RAN OFF RD,WSTATERD45,0,,2022-06-25 08:21:00,,,
BLOOMINGTON PD,B22-17775,MONROE,PERRY,BLOOMINGTON,2,,0,0,0,,E DAVID DR,,,,,E DAVID DR,E DAVID DR,,,,Y,,0.0,,39.19023,-86.53324,LOCAL/CITY RD,,,,URBAN,N,N,N,,DAWN/DUSK,RAIN,WET,,T-INTERSECTION,,ASPHALT,FOLLOWING TOO CLOSELY,$5001 TO $10000,REAR END,EDAVIDDREDAVIDDR,0,,2022-05-14 08:20:00,,,
INDIANA UNIV BLOOMINGTON PD,223569,MONROE,BLOOMINGTON,BLOOMINGTON,2,,0,0,0,,S FESS AVE,,,,,S FESS AVE,E ATWATER AVE,,,,Y,,0.0,,39.15855585876026,-86.56793786865556,LOCAL/CITY RD,,,,URBAN,N,N,N,,DAYLIGHT,CLEAR,DRY,,FOUR-WAY INTERSECTION,,ASPHALT,FAILURE TO YIELD RIGHT OF WAY,$2501 TO $5000,RIGHT ANGLE,SFESSAVEEATWATERAVE,0,,2022-09-26 08:45:00,,,
BLOOMINGTON PD,B22-15978,MONROE,BLOOMINGTON,BLOOMINGTON,2,,1,0,0,,E 3RD ST,,,,,E 3RD ST,E 3RD ST,,,,Y,,0.0,,39.1574300225724,-86.53636929141545,,,,,URBAN,N,N,N,,DARK (LIGHTED),RAIN,WET,,FOUR-WAY INTERSECTION,,ASPHALT,DISREGARD SIGNAL/REG SIGN,$5001 TO $10000,LEFT TURN,E 3RDSTE 3RDST,0,,2022-05-03 01:43:00,,,
BLOOMINGTON PD,B22-40698,MONROE,PERRY,BLOOMINGTON,2,,0,0,0,1300,S PATTERSON DR,,,,,S PATTERSON DR,,,,,N,,0.0,,39.163071219063326,-86.51643364647795,PRIVATE DR,,,,URBAN,N,N,N,,DAYLIGHT,CLEAR,DRY,,NO JUNCTION INVOLVED,,ASPHALT,UNSAFE BACKING,$2501 TO $5000,RIGHT ANGLE,SPATTERSONDR,0,,2022-10-04 16:24:00,,,
BLOOMINGTON PD,B22-41824,MONROE,PERRY,BLOOMINGTON,2,,0,0,0,1275,S COLLEGE MALL RD,,,,,S COLLEGE MALL RD,,,,,Y,,0.0,,39.13622371945104,-86.54484116618,PRIVATE DR,,,,URBAN,N,N,N,,DAYLIGHT,CLEAR,DRY,,NO JUNCTION INVOLVED,,ASPHALT,UNSAFE BACKING,$2501 TO $5000,BACKING CRASH,SCOLLEGEMALLRD,0,,2022-10-10 15:30:00,,,
BLOOMINGTON PD,B22-15296,MONROE,PERRY,BLOOMINGTON,2,,0,0,0,541,S LINCOLN ST,,,,,S LINCOLN ST,,,,,N,,0.0,,39.09309548374398,-86.56628371575287,PRIVATE DR,,,,URBAN,N,N,N,,DARK (NOT LIGHTED),CLOUDY,DRY,,NO JUNCTION INVOLVED,,CONCRETE,IMPROPER TURNING,UNDER $1001,SAME DIRECTION SIDESWIPE,SLINCOLNST,0,,2022-04-27 00:00:00,,,
BLOOMINGTON PD,B22-33057,MONROE,BLOOMINGTON,BLOOMINGTON,2,,0,0,0,,E 10TH ST,,,,,E 10TH ST,N PETE LLIS DR,,,,Y,,0.0,,39.16655774240085,-86.5349286343173,LOCAL/CITY RD,,,,URBAN,N,N,N,,DAYLIGHT,CLEAR,DRY,,FOUR-WAY INTERSECTION,,ASPHALT,VIEW OBSTRUCTED,$2501 TO $5000,RIGHT ANGLE,NPETEELLISDRE 10THST,0,,2022-08-22 19:22:00,,,
MONROE SD,M22A2988,MONROE,PERRY,BLOOMINGTON,2,,0,0,0,4025,S ST RD 37,,,,,S ST RD 37,E RHORER RD,,,,N,,0.0,,39.17321924766485,-86.47541981067809,LOCAL/CITY RD,,,,URBAN,N,N,N,,DAYLIGHT,CLEAR,ICE,,NO JUNCTION INVOLVED,,ASPHALT,SPEED TOO FAST FOR WEATHER CONDITIONS,$5001 TO $10000,HEAD ON BETWEEN TWO MOTOR VEHICLES,SOLDSTATERD37ERHORERRD,0,,2022-02-08 10:33:00,,,
MONROE SD,M22A18247,MONROE,RICHLAND,BLOOMINGTON,2,,0,0,0,2150,21N ANGELINA LN50,,,,,21N ANGELINA LN50,,,,,N,,0.0,,39.16497433167048,-86.49259294634842,PRIVATE DR,,,,URBAN,N,N,N,,DAWN/DUSK,CLEAR,DRY,,NO JUNCTION INVOLVED,,ASPHALT,IMPROPER TURNING,$1001 TO $2500,LEFT TURN,21NANGELINALN50,0,,2022-07-28 07:05:00,,,
BLOOMINGTON PD,B22-37608,MONROE,BLOOMINGTON,BLOOMINGTON,2,,0,0,0,320,N JACOB DR,,,,,N JACOB DR,,,,,Y,,0.0,,39.13678219669962,-86.58262734077732,PRIVATE DR,,,,URBAN,N,N,N,,DAYLIGHT,CLEAR,DRY,,NO JUNCTION INVOLVED,,ASPHALT,OVERCORRECTING/OVERSTEERING,$1001 TO $2500,SAME DIRECTION SIDESWIPE,NJACOBDR,0,,2022-09-17 12:52:00,,,
BLOOMINGTON PD,B22-41289,MONROE,VAN BUREN,BLOOMINGTON,2,,0,0,0,,W 3RD ST,,,,,W 3RD ST,I-69,,,,Y,,0.0,,39.12135462435512,-86.51042260687163,INTERSTATE,,,,URBAN,N,N,N,,DAYLIGHT,CLEAR,DRY,,FOUR-WAY INTERSECTION,,ASPHALT,FAILURE TO MAINTAIN LN,$2501 TO $5000,SAME DIRECTION SIDESWIPE,W 3RDSTI-69,0,,2022-10-07 14:33:00,,,
BLOOMINGTON PD,B22-42243,MONROE,PERRY,BLOOMINGTON,2,,0,0,0,,S KINGSTON DR,,,,,S KINGSTON DR,E 3RD ST,,,,Y,,0.0,,39.212817515265044,-86.49074703597572,LOCAL/CITY RD,,,,URBAN,N,N,N,,DARK (NOT LIGHTED),CLEAR,DRY,,FOUR-WAY INTERSECTION,,ASPHALT,FOLLOWING TOO CLOSELY,$2501 TO $5000,REAR END,SKINGSTONDRE 3RDST,0,,2022-10-12 19:12:00,,,
BLOOMINGTON PD,B22-05993,MONROE,BLOOMINGTON,BLOOMINGTON,1,,0,0,0,,W SMITH AVE,,,,,W SMITH AVE,S WALNUT ST,,,,Y,,0.0,,39.16652628298645,-86.52825629087317,LOCAL/CITY RD,,,,URBAN,N,N,N,,DARK (LIGHTED),CLEAR,DRY,,INTERCHANGE,,ASPHALT,IMPROPER TURNING,UNDER $1001,RAN OFF RD,WSMITHAVESWALNUTST,0,,2022-02-22 23:45:00,,,
BLOOMINGTON PD,B22-03704,MONROE,BLOOMINGTON,BLOOMINGTON,2,,1,0,0,,N WALNUT ST,,,,,N WALNUT ST,W 11TH ST,,,,Y,,0.0,,39.168441676070024,-86.52350819484117,LOCAL/CITY RD,,,,URBAN,N,N,N,,DAYLIGHT,RAIN,WET,,NO JUNCTION INVOLVED,,ASPHALT,FOLLOWING TOO CLOSELY,$1001 TO $2500,REAR END,W11THSTNWALNUTST,0,,2022-02-02 05:00:00,,,
BLOOMINGTON PD,B22-32235,MONROE,PERRY,BLOOMINGTON,2,,1,0,0,,W 2ND ST,,,,,W 2ND ST,S WALKER ST,,,,Y,,0.0,,39.16416952617557,-86.49496048398989,LOCAL/CITY RD,,,,URBAN,N,N,N,,DAYLIGHT,CLEAR,DRY,,FOUR-WAY INTERSECTION,,ASPHALT,FOLLOWING TOO CLOSELY,$5001 TO $10000,REAR END,W 2NDSTSWALKERST,0,,2022-08-18 11:26:00,,,
ISP BLOOMINGTON 33,2.022E+11,MONROE,VAN BUREN,BLOOMINGTON,2,,1,0,0,,W ST RD 45,,,,,W ST RD 45,S ISON RD,,,,N,,0.0,,39.159973646803465,-86.53292484805333,ST RD,,,,RURAL,N,N,N,,DAYLIGHT,CLEAR,DRY,,T-INTERSECTION,,ASPHALT,FAILURE TO YIELD RIGHT OF WAY,$5001 TO $10000,REAR END,WSTATERD45SISONRD,0,,2022-07-30 11:55:00,,,
BLOOMINGTON PD,B22-41913,MONROE,PERRY,BLOOMINGTON,2,,0,0,0,,SARE RD,,,,,SARE RD,ROGERS ST,,,,Y,,0.0,,39.07091,-86.5361,LOCAL/CITY RD,,,,URBAN,N,N,N,,DAYLIGHT,CLOUDY,DRY,,TRAFFIC CIRCLE/ROUNDABOUT,,ASPHALT,FAILURE TO YIELD RIGHT OF WAY,$5001 TO $10000,RIGHT ANGLE,SARERDROGERSRD,0,,2022-10-11 07:40:00,,,
MONROE SD,M22A4134,MONROE,VAN BUREN,BLOOMINGTON,2,,0,0,0,3939,W INDUSTRIAL BLVD,,,,,W INDUSTRIAL BLVD,,,,,N,,0.0,,39.183748520147034,-86.51921434677017,,,,,RURAL,N,N,N,,DAYLIGHT,CLEAR,DRY,,NO JUNCTION INVOLVED,,ASPHALT,IMPROPER TURNING,$5001 TO $10000,RIGHT TURN,WINDUSTRIALBLVD,0,,2022-02-21 08:26:00,,,
BLOOMINGTON PD,B22-15732,MONROE,PERRY,BLOOMINGTON,1,,0,0,0,,S AZALEA LN,,,,,S AZALEA LN,S AZALEA LN,,,,N,,0.0,,39.22319,-86.60911,LOCAL/CITY RD,,,,URBAN,N,N,N,,DAYLIGHT,CLEAR,WET,,NO JUNCTION INVOLVED,,ASPHALT,UNSAFE SPEED,$25001 TO $50000,RAN OFF RD,SAZALEALNSAZALEALN,0,,2022-05-01 09:15:00,,,
BLOOMINGTON PD,B22-18053,MONROE,BLOOMINGTON,BLOOMINGTON,2,,0,0,0,,N WALNUT ST,,,,,N WALNUT ST,W KIRKWOOD AVE,,,,Y,,0.0,,38.99275199353197,-86.63136935982635,LOCAL/CITY RD,,,,URBAN,N,N,N,,DAYLIGHT,CLEAR,DRY,,NO JUNCTION INVOLVED,,ASPHALT,INSECURE/LEAKY LOAD,$1001 TO $2500,NON-COLLISION,WKIRKWOODAVENWALNUTST,0,,2022-05-17 10:15:00,,,
INDIANA UNIV BLOOMINGTON PD,221014,MONROE,BLOOMINGTON,BLOOMINGTON,2,,0,0,0,,N SUNRISE DR,,,,,N SUNRISE DR,E 7TH ST,,,,Y,,0.0,,39.17054479311011,-86.49564626511649,LOCAL/CITY RD,,,,URBAN,N,N,N,,DAYLIGHT,CLEAR,DRY,,NO JUNCTION INVOLVED,,ASPHALT,OTHER (DRIVER) - EXPLAIN IN NARRATIVE,$1001 TO $2500,RIGHT TURN,NSUNRISEDRE7THST,0,,2022-03-17 14:15:00,,,
INDIANA UNIV BLOOMINGTON PD,221541,MONROE,BLOOMINGTON,BLOOMINGTON,2,,0,0,0,,N FEE LN,,,,,N FEE LN,E LAW LN,,,,Y,,0.0,,39.25178242928037,-86.59293874256886,LOCAL/CITY RD,,,,URBAN,N,N,N,,DAYLIGHT,CLEAR,DRY,,T-INTERSECTION,,ASPHALT,DISREGARD SIGNAL/REG SIGN,UNDER $1001,RIGHT ANGLE,NFEELNELAWLN,0,,2022-04-22 13:20:00,,,
BLOOMINGTON PD,B22-41176,MONROE,PERRY,BLOOMINGTON,2,,0,0,0,,S BASSWOOD DR,,,,,S BASSWOOD DR,S MULLER PKWY,,,,Y,,0.0,,,,PRIVATE DR,,,,URBAN,N,N,N,,DARK (LIGHTED),CLOUDY,DRY,,NO JUNCTION INVOLVED,,ASPHALT,UNSAFE SPEED,$2501 TO $5000,RIGHT ANGLE,SMULLERPKWYSBASSWOODDR,0,,2022-10-06 23:03:00,,,
INDIANA UNIV BLOOMINGTON PD,223886,MONROE,BLOOMINGTON,BLOOMINGTON,2,,1,0,0,,ST RD 45,,,,,ST RD 45,,,,,Y,,0.0,,39.158092495264576,-86.49789937494081,LOCAL/CITY RD,,,,URBAN,N,N,N,,DAYLIGHT,CLEAR,DRY,,T-INTERSECTION,,ASPHALT,FOLLOWING TOO CLOSELY,$1001 TO $2500,REAR END,STATERD45,0,,2022-10-11 14:55:00,,,
BLOOMINGTON PD,B22-37458,MONROE,BLOOMINGTON,BLOOMINGTON,2,,0,0,0,115,S ST RD 46,,,,,S ST RD 46,,,,,Y,,0.0,,39.193654106488815,-86.57140782540071,PRIVATE DR,,,,URBAN,N,N,N,,DAYLIGHT,CLEAR,DRY,,NO JUNCTION INVOLVED,,ASPHALT,UNSAFE BACKING,$1001 TO $2500,BACKING CRASH,SSTRD46,0,,2022-09-16 12:58:00,,,
BLOOMINGTON PD,B22-04053,MONROE,PERRY,BLOOMINGTON,1,,0,0,0,,S WALNUT ST,,,,,S WALNUT ST,W DODDS ST,,,,Y,,0.0,,39.231672588287026,-86.67147040127182,LOCAL/CITY RD,,,,URBAN,N,N,N,,DARK (LIGHTED),CLEAR,SNOW/SLUSH,,NO JUNCTION INVOLVED,,ASPHALT,RDWAY SURFACE CONDITION,$2501 TO $5000,RAN OFF RD,WDODDSSTSWALNUTST,0,,2022-02-06 03:00:00,,,
BLOOMINGTON PD,B22-25992,MONROE,PERRY,BLOOMINGTON,2,,2,0,0,,E WYLIE ST,,,,,E WYLIE ST,S WALNUT ST,,,,Y,,0.0,,39.186189278262184,-86.52216222992581,LOCAL/CITY RD,,,,URBAN,N,N,N,,DAYLIGHT,CLEAR,DRY,,FOUR-WAY INTERSECTION,,ASPHALT,OVERCORRECTING/OVERSTEERING,$1001 TO $2500,REAR END,SWALNUTSTEWYLIEST,0,,2022-07-08 13:50:00,,,
BLOOMINGTON PD,B22-34639,MONROE,PERRY,BLOOMINGTON,2,,0,0,0,530,S COLLEGE MALL,,,,,S COLLEGE MALL,,,,,Y,,0.0,,39.19233282052154,-86.55265888166412,,,,,URBAN,N,N,N,,DAYLIGHT,CLEAR,DRY,,NO JUNCTION INVOLVED,,ASPHALT,UNDER STEERING/UNDER CORRECTING,$1001 TO $2500,SAME DIRECTION SIDESWIPE,SCOLLEGEMALL,0,,2022-08-31 12:55:00,,,
BLOOMINGTON PD,B22-32522,MONROE,BLOOMINGTON,BLOOMINGTON,2,,0,0,0,350,S LANDMARK AVE,,,,,S LANDMARK AVE,,,,,Y,,0.0,,39.163022902906704,-86.51419353934745,PRIVATE DR,,,,URBAN,N,N,N,,DAYLIGHT,CLEAR,DRY,,NO JUNCTION INVOLVED,,ASPHALT,IMPROPER TURNING,$1001 TO $2500,REAR END,SLANDMARKAVE,0,,2022-08-19 17:30:00,,,
MONROE SD,M22A24943,MONROE,VAN BUREN,BLOOMINGTON,2,,0,0,0,3585,W ST RD 45,,,,,W ST RD 45,,,,,N,,0.0,,39.16560669717316,-86.53874058439146,PRIVATE DR,,,,RURAL,N,N,N,,DAYLIGHT,CLEAR,DRY,,NO JUNCTION INVOLVED,,ASPHALT,IMPROPER TURNING,$1001 TO $2500,RIGHT TURN,WESTSTATERD45,0,,2022-10-11 11:10:00,,,
BLOOMINGTON PD,B22-20643,MONROE,RICHLAND,BLOOMINGTON,2,,2,0,0,3890,W 3RD ST,,,,,W 3RD ST,,,,,Y,,0.0,,39.142332355120566,-86.58167743898257,PRIVATE DR,,,,URBAN,N,N,N,,DAYLIGHT,CLEAR,DRY,,T-INTERSECTION,,ASPHALT,DRIVER DISTRACTED - EXPLAIN IN NARRATIVE,$1001 TO $2500,REAR END,W 3RDST,0,,2022-06-03 18:13:00,,,
BLOOMINGTON PD,B22-04762,MONROE,BLOOMINGTON,BLOOMINGTON,2,,0,0,0,1825,N KINSER PK; KROGER NORTH,,,,,N KINSER PK,,,,,Y,,0.0,,39.0318164574749,-86.9438010313282,LOCAL/CITY RD,,,,URBAN,N,N,N,,DAYLIGHT,RAIN,WET,,NO JUNCTION INVOLVED,,ASPHALT,UNSAFE BACKING,$1001 TO $2500,REAR TO REAR,NKINSERPK;KROGERNORTH,0,,2022-02-11 17:39:00,,,
BLOOMINGTON PD,B22-30004,MONROE,PERRY,BLOOMINGTON,2,,0,0,0,,S RAMSEY DR,,,,,S RAMSEY DR,E NORA HILL DR,,,,Y,,100.0,,39.16312,-86.52589,LOCAL/CITY RD,,,,URBAN,N,N,N,,DAYLIGHT,CLOUDY,DRY,,NO JUNCTION INVOLVED,,ASPHALT,UNSAFE BACKING,$2501 TO $5000,BACKING CRASH,SRAMSEYDRENORAHILLDR,0,,2022-08-04 11:46:00,,,
BLOOMINGTON PD,B22-35069,MONROE,PERRY,BLOOMINGTON,2,,0,0,0,,S LIBERTY DR,,,,,S LIBERTY DR,W CONSTITUTION AVE,,,,Y,,0.0,,39.16420219529251,-86.49829291693959,LOCAL/CITY RD,,,,URBAN,N,N,N,,DAYLIGHT,CLEAR,DRY,,T-INTERSECTION,,ASPHALT,FOLLOWING TOO CLOSELY,$2501 TO $5000,REAR END,WCONSTITUTIONAVESLIBERTYDR,0,,2022-09-02 16:45:00,,,
MONROE SD,M22A25284,MONROE,BLOOMINGTON,BLOOMINGTON,3,,3,0,0,,ST RD 46,,,,,ST RD 46,ST RD 46,,,,Y,,0.0,,39.154799220497765,-86.54387018033597,ST RD,,,,URBAN,N,N,N,,DARK (NOT LIGHTED),CLEAR,DRY,,FIVE POINT OR MORE,,ASPHALT,DRIVER DISTRACTED - EXPLAIN IN NARRATIVE,$2501 TO $5000,HEAD ON BETWEEN TWO MOTOR VEHICLES,STATERD46STATERD46,0,,2022-10-14 21:59:00,,,