Agency,Local Code,County,Township,City,Vehicles Involved,Trailers Involved,Number Injured,Number Dead,Number Deer,House Number,Roadway Name,Roadway Suffix,Roadway Number,Roadway Interchange,Roadway Ramp,Roadway Id,Intersecting Road,Intersecting Road Number,Mile Marker,Interchange,Corporate Limits?,Property Type,Feet From,Direction,Latitude,Longitude,Roadway Class,Traffic Control Devices?,Aggressive Driving?,Hit and Run?,Locality,School Zone?,Rumble Strips?,Construction?,Construction Type,Light Condition,Weather Conditions,Surface Condition,Type of Median,Roadway Junction Type,Road Character,Roadway Surface,Primary Factor,Damage Estimate,Manner of Collision,Unique Location Id,State Property Damage?,Traffic Control,DateTime,Address Number,Cyclist Involved,Pedestrian Involved
INDIANA UNIV BLOOMINGTON PD,221783,MONROE,BLOOMINGTON,BLOOMINGTON,2,,0,0,0,,E 10TH ST,,,,,E 10TH ST,,,,,Y,,0.0,,39.152654743259994,-86.4966728090579,LOCAL/CITY RD,,,,URBAN,N,N,N,,DAYLIGHT,CLOUDY,DRY,,NO JUNCTION INVOLVED,,ASPHALT,OTHER (DRIVER) - EXPLAIN IN NARRATIVE,$1001 TO $2500,BACKING CRASH,E 10THST,0,,2022-05-06 14:34:00,,,
BLOOMINGTON PD,B22-30811,MONROE,PERRY,BLOOMINGTON,2,,0,0,0,,W BLOOMFIELD RD,,,,,W BLOOMFIELD RD,S OAKDALE DR,,,,Y,,0.0,,39.158888594229694,-86.530941559934,LOCAL/CITY RD,,,,URBAN,N,N,N,,DAYLIGHT,RAIN,WET,,FOUR-WAY INTERSECTION,,ASPHALT,BRAKE FAILURE OR DEFECTIVE,$2501 TO $5000,REAR END,WBLOOMFIELDRDSOAKDALEDR,0,,2022-08-09 16:27:00,,,
BLOOMINGTON PD,B22-38552,MONROE,BLOOMINGTON,BLOOMINGTON,2,,1,0,0,,W 17TH ST,,,,,W 17TH ST,N WILLIS DR,,,,Y,,0.0,,39.17144061816684,-86.49540993080672,LOCAL/CITY RD,,,,URBAN,N,N,N,,DAYLIGHT,CLEAR,DRY,,NO JUNCTION INVOLVED,,ASPHALT,DRIVER DISTRACTED - EXPLAIN IN NARRATIVE,$5001 TO $10000,REAR END,W17THSTNWILLISDR,0,,2022-09-23 08:00:00,,,
BLOOMINGTON PD,B22-42636,MONROE,PERRY,BLOOMINGTON,2,,0,0,0,,W BLOOMFIELD RD,,,99,1,W BLOOMFIELD RD,,,,,Y,,0.0,,39.12146506902359,-86.53092532526792,INTERSTATE,,,,URBAN,N,N,N,,DAYLIGHT,CLEAR,DRY,,FIVE POINT OR MORE,,ASPHALT,FOLLOWING TOO CLOSELY,$2501 TO $5000,REAR END,WBLOOMFIELDRD099119,0,,2022-10-15 14:07:00,,,
BLOOMINGTON PD,B2210284,MONROE,PERRY,BLOOMINGTON,1,,0,0,0,,S WALNUT ST,,,,,S WALNUT ST,E BURKS DR,,,,Y,,739.0,,39.191507910324326,-86.60178690946125,LOCAL/CITY RD,,,,URBAN,N,N,N,,DARK (NOT LIGHTED),CLEAR,DRY,,NO JUNCTION INVOLVED,,CONCRETE,FAILURE TO MAINTAIN LN,$5001 TO $10000,RAN OFF RD,S.WALNUTSTEBURKSDR,0,,2022-03-26 03:10:00,,,
ISP BLOOMINGTON 33,2.022E+11,MONROE,RICHLAND,ELLETTSVILLE,2,,0,0,0,,ST RD 46,,,,,ST RD 46,LAKEVIEW DR,,,,Y,,0.0,,39.17041453635491,-86.57208282783088,ST RD,,,,URBAN,N,N,N,,DAYLIGHT,CLOUDY,WET,,T-INTERSECTION,,ASPHALT,FAILURE TO YIELD RIGHT OF WAY,$5001 TO $10000,RIGHT ANGLE,ST RD 46LAKEVIEWDR,0,,2022-05-27 07:15:00,,,
BLOOMINGTON PD,B22-30933,MONROE,PERRY,BLOOMINGTON,2,,0,0,0,,E COVENANTER DR,,,,,E COVENANTER DR,E AUTO MALL RD,,,,Y,,300.0,,39.16453,-86.57327,LOCAL/CITY RD,,,,URBAN,N,N,N,,DAYLIGHT,CLEAR,DRY,,NO JUNCTION INVOLVED,,ASPHALT,FAILURE TO YIELD RIGHT OF WAY,$5001 TO $10000,RIGHT ANGLE,ECOVENANTERDREAUTOMALLRD,0,,2022-08-10 11:52:00,,,
BLOOMINGTON PD,B22-27761,MONROE,BLOOMINGTON,BLOOMINGTON,2,,0,0,0,,W ARLINGTON RD,,,,,W ARLINGTON RD,W 17TH ST,,,,Y,,0.0,,39.16419309518978,-86.49307311893237,LOCAL/CITY RD,,,,URBAN,N,N,N,,DARK (LIGHTED),CLEAR,DRY,,NO JUNCTION INVOLVED,,ASPHALT,UNSAFE BACKING,$1001 TO $2500,BACKING CRASH,WARLINGTONRDW17THST,0,,2022-07-20 05:39:00,,,
BLOOMINGTON PD,B22-27988,MONROE,PERRY,BLOOMINGTON,2,,0,0,0,,E BUICK CADILLAC BLVD,,,,,E BUICK CADILLAC BLVD,E AUTO MALL RD,,,,Y,,200.0,,39.16279949770372,-86.53366618640763,LOCAL/CITY RD,,,,URBAN,N,N,N,,DAYLIGHT,CLEAR,DRY,,T-INTERSECTION,,ASPHALT,FAILURE TO YIELD RIGHT OF WAY,$2501 TO $5000,LEFT TURN,EBUICKCADILLACBLVDEAUTOMALLRD,0,,2022-07-21 14:02:00,,,
ISP BLOOMINGTON 33,2.022E+11,MONROE,VAN BUREN,BLOOMINGTON,2,,0,0,0,,W 3RD ST,,,,,W 3RD ST,I-69,,,,Y,,0.0,,39.17325086425757,-86.53359425215423,LOCAL/CITY RD,,,,URBAN,N,N,N,,DAYLIGHT,CLEAR,DRY,,RAMP,,ASPHALT,FOLLOWING TOO CLOSELY,$5001 TO $10000,REAR END,W 3RDSTINTERSTATE69,0,,2022-02-15 17:03:00,,,
INDIANA UNIV BLOOMINGTON PD,222692,MONROE,BLOOMINGTON,BLOOMINGTON,2,,0,0,0,,ST RD 45,,,,,ST RD 45,E DISCOVERY PARKWAY,,,,Y,,0.0,,39.16143,-86.54614,ST RD,,,,URBAN,N,N,N,,DAYLIGHT,CLEAR,DRY,,FOUR-WAY INTERSECTION,,ASPHALT,FOLLOWING TOO CLOSELY,$5001 TO $10000,REAR END,STATERD45EASTDISCOVERYPARKWAY,0,,2022-08-18 16:00:00,,,
BLOOMINGTON PD,B22-33932,MONROE,PERRY,BLOOMINGTON,2,,0,0,0,,E 1ST,,,,,E 1ST,S HENDERSON ST,,,,Y,,200.0,,39.12785443859041,-86.60652181629848,LOCAL/CITY RD,,,,URBAN,N,N,N,,DARK (LIGHTED),CLEAR,DRY,,NO JUNCTION INVOLVED,,ASPHALT,OTHER (DRIVER) - EXPLAIN IN NARRATIVE,$1001 TO $2500,SAME DIRECTION SIDESWIPE,SHENDERSONSTE1STST,0,,2022-08-27 00:00:00,,,
INDIANA UNIV BLOOMINGTON PD,220777,MONROE,BLOOMINGTON,BLOOMINGTON,1,,1,0,0,,N EAGLESON AVE,,,,,N EAGLESON AVE,,,,,Y,,0.0,,39.13571046316061,-86.49670710256572,PRIVATE DR,,,,URBAN,N,N,N,,DAYLIGHT,CLEAR,DRY,,T-INTERSECTION,,ASPHALT,PEDESTRIAN ACTION,$1001 TO $2500,COLLISION WITH OBJECT IN RD,NEAGLESON AVEAVE,1,,2022-03-01 12:50:00,,,True
BLOOMINGTON PD,B22-32341,MONROE,BLOOMINGTON,BLOOMINGTON,2,,0,0,0,,S WALNUT ST,,,,,S WALNUT ST,W SMITH AVE,,,,Y,,0.0,,39.14365347,-86.58260783,LOCAL/CITY RD,,,,URBAN,N,N,N,,DARK (LIGHTED),CLEAR,DRY,,FOUR-WAY INTERSECTION,,ASPHALT,UNSAFE BACKING,$1001 TO $2500,BACKING CRASH,WSMITHAVESWALNUTST,0,,2022-08-18 20:50:00,,,
BLOOMINGTON PD,B22-41728,MONROE,BLOOMINGTON,BLOOMINGTON,1,,1,0,0,,621 W 17TH ST,,,,,W 17TH ST,,,,,Y,,0.0,,39.143104968137415,-86.52292760878228,PRIVATE DR,,,,URBAN,N,N,N,,DARK (LIGHTED),CLEAR,DRY,,NO JUNCTION INVOLVED,,ASPHALT,OTHER (DRIVER) - EXPLAIN IN NARRATIVE,$1001 TO $2500,OTHER - EXPLAIN IN NARRATIVE,621W17THST,1,,2022-10-09 23:35:00,621.0,,True
BLOOMINGTON PD,B22-16309,MONROE,BLOOMINGTON,BLOOMINGTON,2,,1,0,0,,N MORTON ST,,,,,N MORTON ST,W 7TH ST,,,,Y,,0.0,,39.16655584844941,-86.53364757592999,LOCAL/CITY RD,,,,URBAN,N,N,N,,DAYLIGHT,CLEAR,DRY,,FOUR-WAY INTERSECTION,,ASPHALT,FAILURE TO YIELD RIGHT OF WAY,UNDER $1001,RIGHT ANGLE,W7THSTNMORTONST,0,,2022-05-05 10:50:00,,,
BLOOMINGTON PD,B2206481,MONROE,BLOOMINGTON,BLOOMINGTON,2,,0,0,0,,W 3RD ST,,,100,A,W 3RD ST,,,,,Y,,0.0,,39.16848958288038,-86.51242293591646,LOCAL/CITY RD,,,,URBAN,N,N,N,,DARK (LIGHTED),CLEAR,DRY,,RAMP,,ASPHALT,FOLLOWING TOO CLOSELY,$5001 TO $10000,REAR END,W 3RDST100A,0,,2022-02-26 19:30:00,,,
BLOOMINGTON PD,B22-39781,MONROE,BLOOMINGTON,BLOOMINGTON,2,,0,0,0,,E 3RD ST,,,,,E 3RD ST,S KINGSTON DR,,,,Y,,211.0,,39.17390747873285,-86.51894969587815,LOCAL/CITY RD,,,,URBAN,N,N,N,,DAYLIGHT,CLOUDY,DRY,,NO JUNCTION INVOLVED,,ASPHALT,FAILURE TO YIELD RIGHT OF WAY,$2501 TO $5000,RIGHT ANGLE,SKINGSTONDRE 3RDST,0,,2022-09-29 14:14:00,,,
BLOOMINGTON PD,B22-5610,MONROE,PERRY,BLOOMINGTON,2,,0,0,0,,S GRANT ST,,,,,S GRANT ST,,,,,Y,,0.0,,39.158570514026366,-86.56794221095441,LOCAL/CITY RD,,,,URBAN,N,N,N,,DAYLIGHT,CLEAR,DRY,,NO JUNCTION INVOLVED,,CONCRETE,UNDER STEERING/UNDER CORRECTING,$1001 TO $2500,SAME DIRECTION SIDESWIPE,SGRANTST,0,,2022-02-19 00:00:00,,,
MONROE SD,M22A11445,MONROE,SALT CREEK,BLOOMINGTON,1,,0,0,0,,ST RD 446,,,,,ST RD 446,CHANDLER RD,,,,N,,0.0,,39.17681774,-86.50515529,,,,,RURAL,N,N,N,,DAYLIGHT,CLOUDY,DRY,,NO JUNCTION INVOLVED,,ASPHALT,UNSAFE SPEED,$10001 TO $25000,RAN OFF RD,STATERD446CHANDLERRD,0,,2022-05-18 08:51:00,,,
BLOOMINGTON PD,B22-28740,MONROE,PERRY,BLOOMINGTON,2,,0,0,0,,W DODDS ST,,,,,W DODDS ST,S COLLEGE AVE,,,,Y,,100.0,,39.16444004089966,-86.49787667137026,LOCAL/CITY RD,,,,URBAN,N,N,N,,DAYLIGHT,CLOUDY,DRY,,NO JUNCTION INVOLVED,,ASPHALT,UNSAFE BACKING,$2501 TO $5000,BACKING CRASH,WDODDSSTSCOLLEGEAVE,0,,2022-07-27 12:11:00,,,
ISP BLOOMINGTON 33,2.022E+11,MONROE,VAN BUREN,BLOOMINGTON,1,,0,0,0,,I-69,,,,,I-69,,,116.0,,N,,0.0,,39.157375781100484,-86.53365124185675,INTERSTATE,,,,RURAL,N,N,N,,DAYLIGHT,CLEAR,DRY,,RAMP,,ASPHALT,,$10001 TO $25000,RAN OFF RD,I-69116,0,,2022-04-21 06:44:00,,,
BLOOMINGTON PD,B22-06301,MONROE,BLOOMINGTON,BLOOMINGTON,3,,0,0,0,,E 10TH ST,,,,,E 10TH ST,,,,,Y,,0.0,,39.158341300275076,-86.5336502850525,LOCAL/CITY RD,,,,URBAN,N,N,N,,DAYLIGHT,CLEAR,DRY,,NO JUNCTION INVOLVED,,ASPHALT,FOLLOWING TOO CLOSELY,$2501 TO $5000,REAR END,E 10THST,0,,2022-02-25 12:19:00,,,
BLOOMINGTON PD,B22-10965,MONROE,BLOOMINGTON,BLOOMINGTON,2,,1,0,0,,W 3RD ST,,,,,W 3RD ST,ST RD 37,,,,Y,,0.0,,39.16149043973801,-86.49858990216664,LOCAL/CITY RD,,,,URBAN,N,N,N,,DAYLIGHT,CLEAR,DRY,,FOUR-WAY INTERSECTION,,ASPHALT,FOLLOWING TOO CLOSELY,UNDER $1001,REAR END,W 3RDSTSTATERD37,0,,2022-03-31 09:57:00,,,
BLOOMINGTON PD,B22-29534,MONROE,BLOOMINGTON,BLOOMINGTON,2,,0,0,0,,W 6TH ST,,,,,W 6TH ST,N COLLEGE AVE,,,,Y,,300.0,,39.163441098149924,-86.55632610206334,LOCAL/CITY RD,,,,URBAN,N,N,N,,DAYLIGHT,CLOUDY,DRY,,NO JUNCTION INVOLVED,,ASPHALT,UNSAFE BACKING,$1001 TO $2500,BACKING CRASH,W.6THSTN.COLLEGEAVE,0,,2022-08-01 14:28:00,,,
BLOOMINGTON PD,B22-11990,MONROE,PERRY,BLOOMINGTON,2,,0,0,0,,BLOOMFIELD RD,,,,,BLOOMFIELD RD,S ADAMS ST,,,,Y,,0.0,,39.141448685951,-86.5802338355282,,,,,URBAN,N,N,N,,DAYLIGHT,CLOUDY,DRY,,FOUR-WAY INTERSECTION,,ASPHALT,DRIVER DISTRACTED - EXPLAIN IN NARRATIVE,$5001 TO $10000,REAR END,SADAMSSTBLOOMFIELDRD,0,,2022-04-07 11:22:00,,,
MONROE SD,M22A6014,MONROE,VAN BUREN,BLOOMINGTON,2,,0,0,0,,W TAPP RD,,,,,W TAPP RD,HICKORY HEIGHTS TRLR PARK,,,,N,,0.0,,39.16670488618083,-86.58202535372328,LOCAL/CITY RD,,,,URBAN,N,N,N,,DAYLIGHT,CLEAR,DRY,,TRAFFIC CIRCLE/ROUNDABOUT,,ASPHALT,FAILURE TO YIELD RIGHT OF WAY,$5001 TO $10000,RIGHT ANGLE,WTAPPRDHICKORYHEIGHTSTRLRPARK,0,,2022-03-16 09:06:00,,,
MONROE SD,M22A16720,MONROE,PERRY,BLOOMINGTON,2,,0,0,0,,CATHERINE ST,,,,,CATHERINE ST,ANNE CT,,,,N,,0.0,,39.18767435,-86.53945458,LOCAL/CITY RD,,,,RURAL,N,N,N,,DAYLIGHT,CLEAR,DRY,,T-INTERSECTION,,ASPHALT,FAILURE TO YIELD RIGHT OF WAY,$2501 TO $5000,SAME DIRECTION SIDESWIPE,CATHERINESTANNECT,0,,2022-07-12 17:35:00,,,
MONROE SD,M22A15947,MONROE,VAN BUREN,BLOOMINGTON,1,,1,0,0,8950,W RICE RD,,,,,W RICE RD,,,,,N,,0.0,,39.14535941090282,-86.50323006545241,COUNTY RD,,,,RURAL,N,N,N,,DAWN/DUSK,CLEAR,DRY,,NO JUNCTION INVOLVED,,GRAVEL,UNSAFE SPEED,$10001 TO $25000,RAN OFF RD,WRICERD,0,,2022-07-04 20:54:00,,,
MONROE SD,M22A15801,MONROE,RICHLAND,BLOOMINGTON,2,,0,0,0,,ST RD 46,,,,,ST RD 46,N SISCOE LN,,,,N,,0.0,,39.15117830696923,-86.57690648186576,ST RD,,,,RURAL,N,N,N,,DAYLIGHT,CLEAR,DRY,,NO JUNCTION INVOLVED,,ASPHALT,DRIVER ASLEEP OR FATIGUED,$2501 TO $5000,SAME DIRECTION SIDESWIPE,STATERD46NSISCOELN,0,,2022-07-02 16:35:00,,,
BLOOMINGTON PD,B22-03425,MONROE,,BLOOMINGTON,1,,0,0,0,,104 E PETE LLIS DR,,,,,E PETE LLIS DR,,,,,Y,,0.0,,39.1862674848429,-86.53167031362864,LOCAL/CITY RD,,,,URBAN,N,N,N,,DAYLIGHT,CLEAR,DRY,,NO JUNCTION INVOLVED,,ASPHALT,OTHER (VEHICLE) - EXPLAIN IN NARRATIVE,$5001 TO $10000,RAN OFF RD,104EPETEELLISDR,0,,2022-01-31 09:42:00,104.0,,
BLOOMINGTON PD,B22-02992,MONROE,PERRY,BLOOMINGTON,2,,0,0,0,,E N DR,,,,,E N DR,PRIVATE DR,,,,Y,,0.0,,39.171802363438374,-86.51378032143089,LOCAL/CITY RD,,,,URBAN,N,N,N,,DAYLIGHT,CLEAR,DRY,,FOUR-WAY INTERSECTION,,ASPHALT,FAILURE TO YIELD RIGHT OF WAY,$2501 TO $5000,RIGHT ANGLE,PRIVATEDRENORTHDR,0,,2022-01-27 15:01:00,,,
BLOOMINGTON PD,B22-33974,MONROE,BLOOMINGTON,BLOOMINGTON,2,,0,0,0,304,E 20TH ST,,,,,E 20TH ST,,,,,Y,,0.0,,39.149766100192466,-86.56893233064648,PRIVATE DR,,,,URBAN,N,N,N,,DAYLIGHT,CLEAR,DRY,,NO JUNCTION INVOLVED,,ASPHALT,IMPROPER TURNING,UNDER $1001,OPPOSITE DIRECTION SIDESWIPE,E20THST,0,,2022-08-27 13:00:00,,,
MONROE SD,M22A22892,MONROE,RICHLAND,ELLETTSVILLE,2,,2,0,0,,N MATHEWS DR,,,,,N MATHEWS DR,N MATHEWS DR,,,,N,,0.0,,39.178996965693365,-86.54407211489466,LOCAL/CITY RD,,,,RURAL,N,N,N,,DAYLIGHT,CLEAR,DRY,,FOUR-WAY INTERSECTION,,ASPHALT,FAILURE TO YIELD RIGHT OF WAY,$10001 TO $25000,HEAD ON BETWEEN TWO MOTOR VEHICLES,NMATHEWSDRNMATHEWSDR,0,,2022-09-17 13:15:00,,,
BLOOMINGTON PD,B22-14817,MONROE,BLOOMINGTON,BLOOMINGTON,1,,0,0,0,,S KINGSTON DR,,,,,S KINGSTON DR,E LONGVIEW AVE,,,,Y,,0.0,,39.14902508,-86.57096906,LOCAL/CITY RD,,,,URBAN,N,N,N,,DAYLIGHT,RAIN,WET,,NO JUNCTION INVOLVED,,ASPHALT,RDWAY SURFACE CONDITION,UNDER $1001,RAN OFF RD,SKINGSTONDRELONGVIEWAVE,0,,2022-04-25 11:05:00,,,
MONROE SD,M22A12477,MONROE,RICHLAND,BLOOMINGTON,3,,1,0,0,,W ST RD 46,,,,,W ST RD 46,CENTENNIAL DR,,,,N,,0.0,,39.12667,-86.53137,COUNTY RD,,,,RURAL,N,N,N,,DAYLIGHT,CLEAR,DRY,,FOUR-WAY INTERSECTION,,ASPHALT,FOLLOWING TOO CLOSELY,$1001 TO $2500,REAR END,WSTATERD46CENTENNIALDR,0,,2022-05-29 10:15:00,,,
ISP BLOOMINGTON 33,2.022E+11,MONROE,RICHLAND,ELLETTSVILLE,2,,0,0,0,,W ST RD 46,,,,,W ST RD 46,N SMITH PK,,,,Y,,100.0,,39.220997180029855,-86.6054191820964,ST RD,,,,URBAN,N,N,N,,DAYLIGHT,CLEAR,DRY,,NO JUNCTION INVOLVED,,ASPHALT,OTHER (DRIVER) - EXPLAIN IN NARRATIVE,$5001 TO $10000,REAR END,WSTATERD46NSMITHPK,0,,2022-04-01 08:20:00,,,
BLOOMINGTON PD,B22-22631,MONROE,PERRY,BLOOMINGTON,2,,0,0,0,560,S PARK RIDGE RD; APT 4103A,,,,,S PARK RIDGE RD,,,,,Y,,0.0,,39.15501701674562,-86.49614116144575,PRIVATE DR,,,,URBAN,N,N,N,,DAYLIGHT,CLEAR,DRY,,NO JUNCTION INVOLVED,,ASPHALT,UNSAFE BACKING,$1001 TO $2500,REAR TO REAR,SPARKRIDGERD;APT4103A,0,,2022-06-16 19:16:00,,,
ELLETTSVILLE PD,E220056,MONROE,RICHLAND,ELLETTSVILLE,2,0.0,0,0,0,,,,ST RD 46 W,,,ST RD 46 W,UNION VALLEY,,,,Y,,,,39.17915160089002,-86.5474487124332,ST RD,Y,N,N,URBAN,N,N,N,,DAYLIGHT,CLEAR,DRY,,NO JUNCTION INVOLVED,STRAIGHT/LEVEL,ASPHALT,VIEW OBSTRUCTED,$2501 TO $5000,REAR END,ST RD 46 WUNIONVALLEYDR,0,TRAFFIC CONTROL SIGNAL,2022-02-09 10:55:00,,,
ELLETTSVILLE PD,E2203876,MONROE,RICHLAND,ELLETTSVILLE,2,,0,0,0,,W TEMPERANCE ST,,,,,W TEMPERANCE ST,N MATHEWS DR,,,,Y,,0.0,,39.158297387688364,-86.49612610050679,ST RD,,,,URBAN,N,N,N,,DAYLIGHT,CLEAR,DRY,,T-INTERSECTION,,ASPHALT,IMPROPER TURNING,$2501 TO $5000,LEFT TURN,WTEMPERANCESTNMATHEWSDR,0,,2022-09-27 13:30:00,,,
MONROE SD,M22A2807,MONROE,BEAN BLOSSOM,ELLETTSVILLE,1,,1,0,0,,ST RD 46,,,,,ST RD 46,,,,,N,,0.0,,39.16449311569981,-86.57331890367888,ST RD,,,,RURAL,N,Y,N,,DARK (NOT LIGHTED),CLOUDY,SNOW/SLUSH,,T-INTERSECTION,,ASPHALT,FAILURE TO MAINTAIN LN,$1001 TO $2500,RAN OFF RD,STATERD46,0,,2022-02-05 06:55:00,,,
BLOOMINGTON PD,B22-27829,MONROE,PERRY,BLOOMINGTON,1,,1,0,0,,W BLOOMFIELD RD,,,,,W BLOOMFIELD RD,S PATTERSON DR,,,,Y,,0.0,,39.17148964380973,-86.49538385608213,LOCAL/CITY RD,,,,URBAN,N,N,N,,DAYLIGHT,CLEAR,DRY,,FOUR-WAY INTERSECTION,,ASPHALT,FAILURE TO YIELD RIGHT OF WAY,UNDER $1001,RIGHT ANGLE,WBLOOMFIELDRDSPATTERSONDR,1,,2022-07-20 15:15:00,,True,
ELLETTSVILLE PD,E22-02195,MONROE,RICHLAND,ELLETTSVILLE,2,,4,0,0,,N RIDGEWOOD DR,,,,,N RIDGEWOOD DR,W ST RD 46,,,,Y,,0.0,,39.15928945414166,-86.52717211775888,ST RD,,,,URBAN,N,N,N,,DAYLIGHT,CLEAR,DRY,,T-INTERSECTION,,ASPHALT,FAILURE TO YIELD RIGHT OF WAY,$5001 TO $10000,LEFT/RIGHT TURN,WSTATERD46NRIDGEWOODDR,0,,2022-06-14 19:29:00,,,
MONROE SD,M22A14225,MONROE,BENTON,BLOOMINGTON,2,,0,0,0,,ST RD 46,,,,,ST RD 46,E KINGS RD,,,,N,,0.0,,39.16684539,-86.5153057,ST RD,,,,RURAL,N,N,N,,DAYLIGHT,CLEAR,DRY,,Y-INTERSECTION,,ASPHALT,FOLLOWING TOO CLOSELY,$10001 TO $25000,REAR END,STATERD46EKINGSRD,0,,2022-06-16 15:08:00,,,
BLOOMINGTON PD,B22-08610,MONROE,BLOOMINGTON,BLOOMINGTON,1,,0,0,0,,W 12 ST,,,,,W 12 ST,N SUMMIT ST,,,,Y,,0.0,,39.162823919981484,-86.5336767862844,LOCAL/CITY RD,,,,URBAN,N,N,Y,WORK ON SHOULDER,DAYLIGHT,CLEAR,DRY,,T-INTERSECTION,,ASPHALT,OVERCORRECTING/OVERSTEERING,$1001 TO $2500,COLLISION WITH OBJECT IN RD,W.12STNSUMMITST,0,,2022-03-15 08:15:00,,,
MONROE SD,M22A11643,MONROE,PERRY,,2,,0,0,0,4025,S ST RD 37,,,,,S ST RD 37,,,,,N,,0.0,,39.17875780004863,-86.5408481090373,,,,,RURAL,N,N,N,,DAYLIGHT,CLEAR,DRY,,NO JUNCTION INVOLVED,,ASPHALT,UNSAFE BACKING,$1001 TO $2500,BACKING CRASH,SOLDSTATERD37,0,,2022-05-20 11:24:00,,,
ISP BLOOMINGTON 33,2.022E+11,MONROE,BLOOMINGTON,,1,,0,0,0,,I-69,,,,,I-69,,,124.5,,N,,581.0,,39.16854177750858,-86.53611713580806,INTERSTATE,,,,RURAL,N,N,N,,DAYLIGHT,CLEAR,DRY,,NO JUNCTION INVOLVED,,ASPHALT,DRIVER ASLEEP OR FATIGUED,$1001 TO $2500,SAME DIRECTION SIDESWIPE,I-69124.5,0,,2022-06-11 09:50:00,,,
BLOOMINGTON PD,B22-07007,MONROE,BLOOMINGTON,BLOOMINGTON,2,,0,0,0,,W 3RD ST,,,,,W 3RD ST,S PATTERSON DR,,,,Y,,0.0,,39.164448085190664,-86.57238822656124,LOCAL/CITY RD,,,,URBAN,N,N,N,,DARK (LIGHTED),CLEAR,DRY,,FOUR-WAY INTERSECTION,,ASPHALT,FAILURE TO YIELD RIGHT OF WAY,$5001 TO $10000,SAME DIRECTION SIDESWIPE,W 3RDSTSPATTERSONDR,0,,2022-03-02 07:37:00,,,
MONROE SD,M22A14993,MONROE,VAN BUREN,BLOOMINGTON,2,,0,0,0,,W TAPP RD,,,,,W TAPP RD,,,,,N,,0.0,,39.16419159065834,-86.49305176813274,LOCAL/CITY RD,,,,RURAL,N,N,N,,DAYLIGHT,CLEAR,DRY,,INTERCHANGE,,ASPHALT,UNSAFE LN MOVEMENT,$5001 TO $10000,OPPOSITE DIRECTION SIDESWIPE,WTAPPRD,0,,2022-06-24 15:24:00,,,
MONROE SD,M22A14863,MONROE,RICHLAND,BLOOMINGTON,2,,0,0,0,,N HARTSTRAIT RD,,,,,N HARTSTRAIT RD,W RATLIFF RD,,,,N,,0.0,,39.16434561548094,-86.52982573373735,COUNTY RD,,,,RURAL,N,N,N,,DAYLIGHT,CLEAR,DRY,,T-INTERSECTION,,ASPHALT,IMPROPER TURNING,$5001 TO $10000,LEFT TURN,WRATLIFFRDNHARTSTRAITRD,0,,2022-06-23 14:11:00,,,
MONROE SD,M22A9439,MONROE,WASHINGTON,BLOOMINGTON,1,,0,0,0,,I-69 S,,,,,I-69 S,,,125.0,,N,,500.0,,39.05693171120062,-86.40941218131047,ST RD,,,,URBAN,N,Y,N,,DARK (LIGHTED),CLEAR,DRY,,NO JUNCTION INVOLVED,,ASPHALT,DRIVER ASLEEP OR FATIGUED,$5001 TO $10000,SAME DIRECTION SIDESWIPE,I-69SOUTHBOUND125,0,,2022-04-25 23:10:00,,,
BLOOMINGTON PD,B22-23549,MONROE,BLOOMINGTON,,2,,0,0,0,,W BLOOMFIELD RD,,,,,W BLOOMFIELD RD,S PATTERSON DR,,,,Y,,0.0,,39.157520433826704,-86.53484394325409,LOCAL/CITY RD,,,,URBAN,N,N,N,,DAYLIGHT,CLEAR,DRY,,FOUR-WAY INTERSECTION,,ASPHALT,IMPROPER TURNING,$5001 TO $10000,SAME DIRECTION SIDESWIPE,WBLOOMFIELDRDSPATTERSONDR,0,,2022-06-23 11:09:00,,,
INDIANA UNIV BLOOMINGTON PD,223388,MONROE,BLOOMINGTON,BLOOMINGTON,2,,0,0,0,,E 3RD ST,,,,,E 3RD ST,S FESS AVE,,,,Y,,0.0,,39.139636485060166,-86.57343954764585,LOCAL/CITY RD,,,,URBAN,N,N,N,,DAYLIGHT,CLEAR,DRY,,NO JUNCTION INVOLVED,,ASPHALT,UNSAFE LN MOVEMENT,$2501 TO $5000,SAME DIRECTION SIDESWIPE,SFESSAVEE 3RDST,0,,2022-09-18 16:25:00,,,
INDIANA UNIV BLOOMINGTON PD,220881,MONROE,BLOOMINGTON,BLOOMINGTON,2,,0,0,0,,ST RD 46,,,,,ST RD 46,EASTGATE LN,,,,Y,,0.0,,-3.1486013813362336e-05,-2.6943282378235625e-05,ST RD,,,,URBAN,N,N,N,,DAYLIGHT,CLOUDY,DRY,,NO JUNCTION INVOLVED,,ASPHALT,FOLLOWING TOO CLOSELY,UNDER $1001,REAR END,STATERD46EASTGATELN,0,,2022-03-07 15:25:00,,,
MONROE SD,M22A15862,MONROE,RICHLAND,BLOOMINGTON,2,,0,0,0,,ST RD 46,,,,,ST RD 46,CENTENNIAL DR,,,,N,,0.0,,39.164511729449245,-86.57328067731962,,,,,RURAL,N,N,N,,DAYLIGHT,CLEAR,DRY,,FOUR-WAY INTERSECTION,,ASPHALT,FOLLOWING TOO CLOSELY,$2501 TO $5000,REAR END,STATERD46CENTENNIALDR,0,,2022-07-03 04:04:00,,,