Agency,Local Code,County,Township,City,Vehicles Involved,Trailers Involved,Number Injured,Number Dead,Number Deer,House Number,Roadway Name,Roadway Suffix,Roadway Number,Roadway Interchange,Roadway Ramp,Roadway Id,Intersecting Road,Intersecting Road Number,Mile Marker,Interchange,Corporate Limits?,Property Type,Feet From,Direction,Latitude,Longitude,Roadway Class,Traffic Control Devices?,Aggressive Driving?,Hit and Run?,Locality,School Zone?,Rumble Strips?,Construction?,Construction Type,Light Condition,Weather Conditions,Surface Condition,Type of Median,Roadway Junction Type,Road Character,Roadway Surface,Primary Factor,Damage Estimate,Manner of Collision,Unique Location Id,State Property Damage?,Traffic Control,DateTime,Address Number,Cyclist Involved,Pedestrian Involved
BLOOMINGTON PD,B22-24291,MONROE,BLOOMINGTON,BLOOMINGTON,1,,1,0,0,,W 17TH ST,,,,,W 17TH ST,N WALNUT ST,,,,Y,,0.0,,39.167552842081825,-86.53488981833583,LOCAL/CITY RD,,,,URBAN,N,N,Y,LN CLOSURE,DAYLIGHT,CLEAR,DRY,,FOUR-WAY INTERSECTION,,ASPHALT,BRAKE FAILURE OR DEFECTIVE,$10001 TO $25000,COLLISION WITH OBJECT IN RD,W.17THSTN.WALNUTST,0,,2022-06-28 09:05:00,,,
MONROE SD,M22A22306,MONROE,BLOOMINGTON,BLOOMINGTON,2,,1,0,0,,N WALNUT ST,,,,,N WALNUT ST,ST RD 45/46 BYPASS,,,,Y,,0.0,,39.160354368724036,-86.55084330245195,LOCAL/CITY RD,,,,URBAN,N,N,N,,DAYLIGHT,CLOUDY,DRY,,FOUR-WAY INTERSECTION,,ASPHALT,FAILURE TO YIELD RIGHT OF WAY,$50001 TO $100000,RIGHT ANGLE,STATERD45/46BYPASSNWALNUTST,0,,2022-09-10 12:45:00,,,
MONROE SD,M22A23649,MONROE,RICHLAND,BLOOMINGTON,1,,0,0,1,,N LOUDEN RD,,,,,N LOUDEN RD,W HOWARD,,,,N,,0.0,,39.13701,-86.57441,LOCAL/CITY RD,,,,RURAL,N,N,N,,DAWN/DUSK,CLEAR,DRY,,NO JUNCTION INVOLVED,,ASPHALT,ANIMAL/OBJECT IN RDWAY,$1001 TO $2500,COLLISION WITH DEER,WHOWARDRDNLOUDENRD,0,,2022-09-26 07:29:00,,,
BLOOMINGTON PD,B22-07742,MONROE,PERRY,BLOOMINGTON,4,,0,0,0,,W COUNTRY CLUB DR,,,,,W COUNTRY CLUB DR,S MILTON DR,,,,N,,1003.0,,39.10302334820215,-86.53842509449146,LOCAL/CITY RD,,,,URBAN,N,N,N,,DAYLIGHT,CLOUDY,DRY,,NO JUNCTION INVOLVED,,ASPHALT,FAILURE TO MAINTAIN LN,$10001 TO $25000,SAME DIRECTION SIDESWIPE,WCOUNTRYCLUBDRSMILTONDR,0,,2022-03-08 16:10:00,,,
MONROE SD,M22A20320,MONROE,PERRY,BLOOMINGTON,1,,1,0,0,5006,S ROGERS ST,,,,,S ROGERS ST,,,,,N,,0.0,,39.14956501470469,-86.66664994067719,PRIVATE DR,,,,RURAL,N,N,N,,DAYLIGHT,CLEAR,DRY,,NO JUNCTION INVOLVED,,ASPHALT,PEDESTRIAN ACTION,UNDER $1001,OPPOSITE DIRECTION SIDESWIPE,SROGERSST,1,,2022-08-19 17:39:00,,True,
BLOOMINGTON PD,B22-36899,MONROE,BLOOMINGTON,BLOOMINGTON,2,,0,0,0,,E 3RD ST,,,,,E 3RD ST,S OVERHILL DR,,,,Y,,50.0,,39.27182,-86.67236,LOCAL/CITY RD,,,,URBAN,N,N,N,,DAYLIGHT,CLOUDY,DRY,,NO JUNCTION INVOLVED,,ASPHALT,FOLLOWING TOO CLOSELY,$1001 TO $2500,REAR END,SOVERHILLDRE 3RDST,0,,2022-09-13 10:56:00,,,
BLOOMINGTON PD,B22-24355,MONROE,BLOOMINGTON,BLOOMINGTON,2,,0,0,0,,E 3RD ST,,,,,E 3RD ST,S WOODSCREST DR,,,,Y,,0.0,,-4.564492989712993e-05,-4.229616494459292e-05,LOCAL/CITY RD,,,,URBAN,N,N,N,,DAYLIGHT,CLEAR,DRY,,FOUR-WAY INTERSECTION,,ASPHALT,FAILURE TO YIELD RIGHT OF WAY,$5001 TO $10000,HEAD ON BETWEEN TWO MOTOR VEHICLES,SWOODSCRESTDRE 3RDST,0,,2022-06-28 15:30:00,,,
ELLETTSVILLE PD,E2201955,MONROE,RICHLAND,ELLETTSVILLE,3,,0,0,0,,ST RD 46,,,,,ST RD 46,SALE ST,,,,Y,,150.0,,39.1666,-86.53479,ST RD,,,,URBAN,N,N,N,,DAYLIGHT,CLOUDY,WET,,NO JUNCTION INVOLVED,,ASPHALT,FOLLOWING TOO CLOSELY,$10001 TO $25000,REAR END,STATERD46SALEST,0,,2022-05-26 15:42:00,,,
BLOOMINGTON PD,B22-32194,MONROE,BLOOMINGTON,BLOOMINGTON,2,,0,0,0,,W 17TH ST,,,,,W 17TH ST,N KINSER PK,,,,Y,,300.0,,39.18180376611942,-86.53056150328099,LOCAL/CITY RD,,,,URBAN,N,N,N,,DAYLIGHT,CLEAR,DRY,,NO JUNCTION INVOLVED,,ASPHALT,FAILURE TO YIELD RIGHT OF WAY,$10001 TO $25000,RIGHT ANGLE,W17THSTNKINSERPK,0,,2022-08-18 07:56:00,,,
BLOOMINGTON PD,B22-33968,MONROE,BLOOMINGTON,BLOOMINGTON,2,,4,0,0,,W 3RD ST,,,,,W 3RD ST,S MULLER PKWY,,,,Y,,0.0,,39.24109158574163,-86.62270693983106,LOCAL/CITY RD,,,,URBAN,N,N,N,,DAYLIGHT,CLEAR,DRY,,T-INTERSECTION,,ASPHALT,FOLLOWING TOO CLOSELY,UNDER $1001,REAR END,W 3RDSTSMULLERPKWY,0,,2022-08-27 16:29:00,,,
BLOOMINGTON PD,B22-38626,MONROE,BLOOMINGTON,BLOOMINGTON,2,,0,0,0,,N PINE ST,,,,,N PINE ST,W 6TH ST,,,,Y,,0.0,,39.16688067203192,-86.49283312175109,LOCAL/CITY RD,,,,URBAN,N,N,N,,DAYLIGHT,CLEAR,DRY,,FOUR-WAY INTERSECTION,,ASPHALT,OTHER (DRIVER) - EXPLAIN IN NARRATIVE,$1001 TO $2500,SAME DIRECTION SIDESWIPE,W6THSTNPINEST,0,,2022-09-23 15:32:00,,,
MONROE SD,M22A20022,MONROE,PERRY,BLOOMINGTON,1,,0,0,0,,S FAIRFAX RD,,,,,S FAIRFAX RD,MARIE LN,,,,N,,0.0,,39.20996,-86.58271,LOCAL/CITY RD,,,,RURAL,N,N,N,,DAYLIGHT,CLEAR,DRY,,NO JUNCTION INVOLVED,,ASPHALT,UNSAFE SPEED,$25001 TO $50000,RAN OFF RD,SFAIRFAXRDMARIELN,0,,2022-08-16 09:55:00,,,
INDIANA UNIV BLOOMINGTON PD,220680,MONROE,BLOOMINGTON,BLOOMINGTON,2,,0,0,0,,N FEE LN,,,,,N FEE LN,E 17TH ST,,,,Y,,145.0,,39.20993402718593,-86.58273433633856,LOCAL/CITY RD,,,,URBAN,N,N,N,,DAYLIGHT,CLEAR,DRY,,NO JUNCTION INVOLVED,,ASPHALT,FOLLOWING TOO CLOSELY,$2501 TO $5000,REAR END,NFEELNE17THST,0,,2022-02-21 18:14:00,,,
BLOOMINGTON PD,B22-32355,MONROE,BLOOMINGTON,BLOOMINGTON,2,,0,0,0,,N WALNUT ST,,,,,N WALNUT ST,E 17TH ST,,,,Y,,0.0,,39.161740647123395,-86.47815899903847,LOCAL/CITY RD,,,,URBAN,N,N,N,,DARK (NOT LIGHTED),CLEAR,DRY,,FOUR-WAY INTERSECTION,,ASPHALT,FOLLOWING TOO CLOSELY,$1001 TO $2500,REAR END,NWALNUTSTE17THST,0,,2022-08-18 21:30:00,,,
ISP BLOOMINGTON 33,2022-00053736,MONROE,BLOOMINGTON,BLOOMINGTON,1,,0,0,0,,I-69,,,100,A,I-69,,,,,Y,,0.0,,39.215111499615624,-86.59270974275233,ST RD,,,,URBAN,N,N,N,,DAYLIGHT,SNOW,SNOW/SLUSH,,NO JUNCTION INVOLVED,,ASPHALT,SPEED TOO FAST FOR WEATHER CONDITIONS,$2501 TO $5000,SAME DIRECTION SIDESWIPE,I-69100A,0,,2022-02-03 14:17:00,,,
MONROE SD,M22A1862,MONROE,PERRY,BLOOMINGTON,2,,0,0,0,,S ROGERS ST,,,,,S ROGERS ST,S ST RD 37,,,,N,,0.0,,39.23483792794811,-86.6263305928164,LOCAL/CITY RD,,,,RURAL,N,N,N,,DAYLIGHT,CLEAR,DRY,,T-INTERSECTION,,ASPHALT,FOLLOWING TOO CLOSELY,$5001 TO $10000,REAR END,SROGERSSTSOLDSTATERD37,0,,2022-01-25 04:09:00,,,
BLOOMINGTON PD,B22-10752,MONROE,PERRY,BLOOMINGTON,1,,0,0,1,,S ROCKPORT RD,,,,,S ROCKPORT RD,W TAPP RD,,,,Y,,0.0,,39.28010908228294,-86.6794820407428,LOCAL/CITY RD,,,,URBAN,N,N,N,,DARK (NOT LIGHTED),CLEAR,DRY,,FOUR-WAY INTERSECTION,,ASPHALT,ANIMAL/OBJECT IN RDWAY,$2501 TO $5000,OTHER - EXPLAIN IN NARRATIVE,WTAPPRDSROCKPORTRD,0,,2022-03-29 20:26:00,,,
BLOOMINGTON PD,B22-21038,MONROE,PERRY,BLOOMINGTON,2,,0,0,0,,S COLLEGE AVE,,,,,S COLLEGE AVE,W.2ND ST,,,,Y,,0.0,,39.16075,-86.54848,LOCAL/CITY RD,,,,URBAN,N,N,N,,DAYLIGHT,CLOUDY,DRY,,FOUR-WAY INTERSECTION,,ASPHALT,FOLLOWING TOO CLOSELY,$2501 TO $5000,REAR END,W.2NDSTS.COLLEGEAVE,0,,2022-06-06 13:49:00,,,
BLOOMINGTON PD,B22-26549,MONROE,PERRY,BLOOMINGTON,2,,0,0,0,3205,ST RD 45 W,,,,,ST RD 45 W,,,,,Y,,0.0,,39.217364580532646,-86.59897037124779,PRIVATE DR,,,,URBAN,N,N,N,,DAYLIGHT,CLEAR,DRY,,NO JUNCTION INVOLVED,,ASPHALT,UNSAFE BACKING,$2501 TO $5000,BACKING CRASH,STATERD45 W,0,,2022-07-12 11:22:00,,,
BLOOMINGTON PD,B22-14773,MONROE,PERRY,BLOOMINGTON,1,,1,0,0,2203,E MOORES PK,,,,,E MOORES PK,,,,,Y,,0.0,,39.16656203110676,-86.45506723783485,LOCAL/CITY RD,,,,RURAL,N,N,N,,DARK (NOT LIGHTED),RAIN,WET,,NO JUNCTION INVOLVED,,ASPHALT,OVERCORRECTING/OVERSTEERING,$10001 TO $25000,RAN OFF RD,EMOORESPK,0,,2022-04-25 04:17:00,,,
BLOOMINGTON PD,B22-20069,MONROE,BLOOMINGTON,BLOOMINGTON,2,,1,0,0,,W ST RD 45/46,,,,,W ST RD 45/46,N KINSER PK,,,,Y,,0.0,,39.174247922776196,-86.54810795301267,ST RD,,,,URBAN,N,N,N,,DAYLIGHT,CLEAR,DRY,,FOUR-WAY INTERSECTION,,ASPHALT,OTHER (DRIVER) - EXPLAIN IN NARRATIVE,$1001 TO $2500,REAR END,WST RD 45/46BYPASSN.KINSERPK,0,,2022-05-31 12:40:00,,,
BLOOMINGTON PD,B22-27643,MONROE,BLOOMINGTON,BLOOMINGTON,1,,1,0,0,,S GRANT ST,,,,,S GRANT ST,E KIRKWOOD AVE,,,,Y,,0.0,,39.119395631637985,-86.53081878010856,LOCAL/CITY RD,,,,URBAN,N,N,N,,DAYLIGHT,CLEAR,DRY,,FOUR-WAY INTERSECTION,,ASPHALT,OVERCORRECTING/OVERSTEERING,UNDER $1001,OTHER - EXPLAIN IN NARRATIVE,SGRANTSTEKIRKWOODAVE,0,,2022-07-19 13:24:00,,,
BLOOMINGTON PD,B22-12227,MONROE,BLOOMINGTON,BLOOMINGTON,2,,3,0,0,,N ADAMS ST,,,,,N ADAMS ST,W KIRKWOOD AVE,,,,Y,,0.0,,39.24389293690693,-86.53469050219711,LOCAL/CITY RD,,,,URBAN,N,N,N,,DAWN/DUSK,RAIN,WET,,FOUR-WAY INTERSECTION,,ASPHALT,FAILURE TO MAINTAIN LN,$10001 TO $25000,HEAD ON BETWEEN TWO MOTOR VEHICLES,WKIRKWOODAVENADAMSST,0,,2022-04-08 19:18:00,,,
MONROE SD,M22A11113,MONROE,BLOOMINGTON,BLOOMINGTON,1,,1,0,0,,E ROBINSON RD,,,,,E ROBINSON RD,HILLSAMER RD,,0.0,,N,,350.0,,39.16437807001809,-86.55200322258364,LOCAL/CITY RD,,,,RURAL,N,N,N,,DAWN/DUSK,CLEAR,WET,,NO JUNCTION INVOLVED,,ASPHALT,OVERCORRECTING/OVERSTEERING,$5001 TO $10000,RAN OFF RD,HILLSAMERRDEROBINSONRD,0,,2022-05-14 20:20:00,,,
INDIANA UNIV BLOOMINGTON PD,222059,MONROE,BLOOMINGTON,BLOOMINGTON,2,,1,0,0,,E ATWATER AVE,,,,,E ATWATER AVE,BALLANTINE RD,,,,Y,,0.0,,39.136807709618225,-86.5750032941653,LOCAL/CITY RD,,,,URBAN,N,N,N,,DAYLIGHT,CLOUDY,DRY,,FOUR-WAY INTERSECTION,,ASPHALT,UNSAFE LN MOVEMENT,$5001 TO $10000,LEFT TURN,EATWATERAVEBALLANTINERD,0,,2022-06-06 14:33:00,,,
MONROE SD,M22A6203,MONROE,PERRY,BLOOMINGTON,2,,2,0,0,,S ST RD 37,,,,,S ST RD 37,W DILLMAN RD,,,,N,,0.0,,39.20909681416786,-86.6113799352276,COUNTY RD,,,,RURAL,N,N,N,,DAYLIGHT,RAIN,WET,,NO JUNCTION INVOLVED,,ASPHALT,FOLLOWING TOO CLOSELY,$2501 TO $5000,REAR END,WDILLMANRDSOLDSTATERD37,0,,2022-03-18 12:04:00,,,
BLOOMINGTON PD,B22-36206,MONROE,PERRY,BLOOMINGTON,1,,0,0,0,,SARE RD,,,,,SARE RD,CATHCART ST,,,,Y,,300.0,,0.0,0.0,LOCAL/CITY RD,,,,URBAN,N,N,N,,DARK (LIGHTED),CLEAR,DRY,,NO JUNCTION INVOLVED,,ASPHALT,DRIVER DISTRACTED - EXPLAIN IN NARRATIVE,$5001 TO $10000,RAN OFF RD,SARERDCATHCARTST,0,,2022-09-09 06:50:00,,,
BLOOMINGTON PD,B22-13256,MONROE,PERRY,BLOOMINGTON,2,,1,0,0,,S WALNUT ST,,,,,S WALNUT ST,E GRIMES LN,,,,Y,,0.0,,39.16072385936292,-86.54850108228739,LOCAL/CITY RD,,,,URBAN,N,N,N,,DARK (LIGHTED),RAIN,WET,,FOUR-WAY INTERSECTION,,ASPHALT,FAILURE TO YIELD RIGHT OF WAY,$2501 TO $5000,RIGHT ANGLE,SWALNUTSTEGRIMESLN,0,,2022-04-15 23:00:00,,,
MONROE SD,M22A13481,MONROE,RICHLAND,BLOOMINGTON,2,,0,0,0,750,N DANIELS WAY,,,,,N DANIELS WAY,,,,,N,,0.0,,39.16424095030842,-86.525908901967,PRIVATE DR,,,,RURAL,N,N,N,,DAYLIGHT,RAIN,WET,,NO JUNCTION INVOLVED,,ASPHALT,FOLLOWING TOO CLOSELY,UNDER $1001,REAR END,NDANIELSWAY,0,,2022-06-08 16:04:00,,,
BLOOMINGTON PD,B21-05100,MONROE,BLOOMINGTON,BLOOMINGTON,2,,0,0,0,,S PARK AVE,,,,,S PARK AVE,E HUNTER AVE,,,,Y,,0.0,,39.17016,-86.50137,LOCAL/CITY RD,,,,URBAN,N,N,N,,DAYLIGHT,CLEAR,DRY,,FOUR-WAY INTERSECTION,,ASPHALT,IMPROPER PASSING,$2501 TO $5000,SAME DIRECTION SIDESWIPE,SPARKAVEEHUNTERAVE,0,,2022-02-15 11:58:00,,,
BLOOMINGTON PD,B22-36773,MONROE,VAN BUREN,BLOOMINGTON,2,,0,0,0,,W ST RD 45,,,,,W ST RD 45,S HICKORY LEAF DR,,,,Y,,0.0,,39.20995510244504,-86.58274956858872,ST RD,,,,URBAN,N,N,N,,DAYLIGHT,CLOUDY,DRY,,FOUR-WAY INTERSECTION,,ASPHALT,FOLLOWING TOO CLOSELY,$1001 TO $2500,REAR END,WSTATERD45SHICKORYLEAFDR,0,,2022-09-12 15:14:00,,,
MONROE SD,M22A6904,MONROE,VAN BUREN,,2,,0,0,0,,S DUNCAN RD,,,,,S DUNCAN RD,W ST RD 45,,,,N,,0.0,,39.17896574157746,-86.53350469453538,,,,,RURAL,N,N,N,,DAWN/DUSK,CLOUDY,WET,,T-INTERSECTION,,ASPHALT,FOLLOWING TOO CLOSELY,$2501 TO $5000,REAR END,WSTATERD45SDUNCANRD,0,,2022-03-25 19:00:00,,,
MONROE SD,M22A3638,MONROE,RICHLAND,BLOOMINGTON,2,,0,0,0,,N MATTHEWS RD,,,,,N MATTHEWS RD,W MAPLE GROVE RD,,,,N,,0.0,,39.18624,-86.53453,LOCAL/CITY RD,,,,RURAL,N,N,N,,DAYLIGHT,CLOUDY,DRY,,FOUR-WAY INTERSECTION,,ASPHALT,FAILURE TO YIELD RIGHT OF WAY,$2501 TO $5000,RIGHT ANGLE,WMAPLEGROVERDNMATTHEWSRD,0,,2022-02-15 15:18:00,,,
MONROE SD,M22A11693,MONROE,BLOOMINGTON,BLOOMINGTON,1,,0,0,0,,N WALNUT ST,,,,,N WALNUT ST,,,,,N,,0.0,,39.187300536768696,-86.6396057414369,ST RD,,,,URBAN,N,N,N,,DARK (LIGHTED),CLEAR,DRY,,NO JUNCTION INVOLVED,,ASPHALT,OVERCORRECTING/OVERSTEERING,$10001 TO $25000,RIGHT ANGLE,NWALNUTST,0,,2022-05-20 07:40:00,,,
INDIANA UNIV BLOOMINGTON PD,221430,MONROE,BLOOMINGTON,BLOOMINGTON,2,,1,0,0,,E 3RD ST,,,,,E 3RD ST,S FESS AVE,,,,Y,,0.0,,39.136041003908865,-86.53941845863353,LOCAL/CITY RD,,,,URBAN,N,N,N,,DAYLIGHT,CLEAR,DRY,,T-INTERSECTION,,ASPHALT,IMPROPER TURNING,$25001 TO $50000,SAME DIRECTION SIDESWIPE,SFESSAVEE 3RDST,0,,2022-04-15 01:30:00,,,
ELLETTSVILLE PD,E22-04038,MONROE,RICHLAND,BLOOMINGTON,2,,0,0,0,,ST RD 46,,,,,ST RD 46,CENTENNIAL DR,,,,N,,0.0,,39.111291190211816,-86.54036257083892,ST RD,,,,URBAN,N,N,N,,DAYLIGHT,CLEAR,DRY,,FOUR-WAY INTERSECTION,,CONCRETE,DRIVER DISTRACTED - EXPLAIN IN NARRATIVE,$5001 TO $10000,REAR END,STATERD46CENTENNIALDR,0,,2022-10-05 15:44:00,,,
BLOOMINGTON PD,B22-12055,MONROE,BLOOMINGTON,BLOOMINGTON,2,,0,0,0,,W 7TH ST,,,,,W 7TH ST,N COLLEGE AVE,,,,Y,,0.0,,39.16420153385679,-86.50164298207315,LOCAL/CITY RD,,,,URBAN,N,N,N,,DAYLIGHT,RAIN,WET,,FOUR-WAY INTERSECTION,,ASPHALT,FOLLOWING TOO CLOSELY,$1001 TO $2500,REAR END,W7THSTNCOLLEGEAVE,0,,2022-04-07 16:59:00,,,
INDIANA UNIV BLOOMINGTON PD,223024,MONROE,BLOOMINGTON,BLOOMINGTON,2,,0,0,0,,E 3RD ST,,,,,E 3RD ST,BALLANTINE RD,,,,Y,,0.0,,39.16422780925602,-86.50242240685998,LOCAL/CITY RD,,,,URBAN,N,N,N,,DAYLIGHT,CLEAR,DRY,,NO JUNCTION INVOLVED,,ASPHALT,UNSAFE LN MOVEMENT,$10001 TO $25000,SAME DIRECTION SIDESWIPE,E 3RDSTBALLANTINERD,0,,2022-09-01 16:35:00,,,
MONROE SD,M22A19649,MONROE,RICHLAND,BLOOMINGTON,1,,0,0,1,,W ST RD 48,,,,,W ST RD 48,S STONECHASE XING,,,,N,,0.0,,39.23376,-86.6247,ST RD,,,,URBAN,N,Y,N,,DARK (LIGHTED),CLEAR,DRY,,T-INTERSECTION,,ASPHALT,ANIMAL/OBJECT IN RDWAY,$2501 TO $5000,COLLISION WITH DEER,WST RD 48SSTONECHASEXING,0,,2022-08-12 06:44:00,,,
BLOOMINGTON PD,B22-32672,MONROE,PERRY,BLOOMINGTON,1,,0,0,0,,S COLLEGE MALL RD,,,,,S COLLEGE MALL RD,E BUICK CADILLAC BLVD,,,,Y,,0.0,,39.17903437460648,-86.53774933344891,LOCAL/CITY RD,,,,URBAN,N,N,N,,DAYLIGHT,CLEAR,DRY,,NO JUNCTION INVOLVED,,ASPHALT,LEFT OF CENTER,$1001 TO $2500,RAN OFF RD,SCOLLEGEMALLRDEBUICKCADILLACBLVD,0,,2022-08-20 13:00:00,,,
MONROE SD,M22A24056,MONROE,CLEAR CREEK,BLOOMINGTON,2,,0,0,0,,S ROGERS ST,,,,,S ROGERS ST,W THAT RD,,,,N,,0.0,,39.16449335415743,-86.56272655775174,LOCAL/CITY RD,,,,RURAL,N,N,N,,DAYLIGHT,CLEAR,DRY,,T-INTERSECTION,,ASPHALT,UNSAFE BACKING,$5001 TO $10000,BACKING CRASH,WTHATRDSROGERSST,0,,2022-09-30 12:49:00,,,
MONROE SD,M22A14292,MONROE,BEAN BLOSSOM,BLOOMINGTON,2,,0,0,0,,ST RD 46,,,,,ST RD 46,N STINESVILLE RD,,,,N,,0.0,,39.16759226447255,-86.54847232285694,ST RD,,,,RURAL,N,N,N,,DAYLIGHT,RAIN,WET,,T-INTERSECTION,,ASPHALT,FAILURE TO YIELD RIGHT OF WAY,$5001 TO $10000,RIGHT ANGLE,STATERD46NSTINESVILLERD,0,,2022-06-17 10:10:00,,,
MONROE SD,M22A20753,MONROE,BLOOMINGTON,BLOOMINGTON,1,,0,0,0,,E BETHEL LN,,,,,E BETHEL LN,,,,,N,,750.0,,39.10568598522137,-86.52248311054407,LOCAL/CITY RD,,,,RURAL,N,N,N,,DAYLIGHT,CLEAR,DRY,,NO JUNCTION INVOLVED,,ASPHALT,FAILURE TO MAINTAIN LN,$5001 TO $10000,RAN OFF RD,EBETHELLN,0,,2022-08-24 03:47:00,,,
BLOOMINGTON PD,B22-35780,MONROE,BLOOMINGTON,BLOOMINGTON,2,,0,0,0,,S INDIANA AVE,,,,,S INDIANA AVE,E 4TH ST,,,,Y,,0.0,,39.178947723800626,-86.51899629074622,LOCAL/CITY RD,,,,URBAN,N,N,N,,DAWN/DUSK,CLEAR,DRY,,T-INTERSECTION,,ASPHALT,UNSAFE BACKING,$1001 TO $2500,BACKING CRASH,SINDIANAAVEE4THST,0,,2022-09-06 19:39:00,,,
INDIANA UNIV BLOOMINGTON PD,221906,MONROE,BLOOMINGTON,BLOOMINGTON,2,,0,0,0,,ST RD 45,,,,,ST RD 45,,,,,Y,,0.0,,39.1789473671756,-86.53351872315876,ST RD,,,,URBAN,N,N,N,,DAYLIGHT,RAIN,WET,,NO JUNCTION INVOLVED,,ASPHALT,FOLLOWING TOO CLOSELY,$10001 TO $25000,REAR END,STATERD45,0,,2022-05-18 15:32:00,,,
INDIANA UNIV BLOOMINGTON PD,222476,MONROE,BLOOMINGTON,BLOOMINGTON,2,,3,0,0,,ST RD 45,,,,,ST RD 45,N MILO B SAMPSON LN,,,,Y,,0.0,,39.16126914262972,-86.57302625459661,,,,,URBAN,N,N,N,,DAYLIGHT,RAIN,WET,,T-INTERSECTION,,ASPHALT,RDWAY SURFACE CONDITION,$25001 TO $50000,LEFT TURN,STATERD45NMILOBSAMPSONLN,0,,2022-07-26 12:40:00,,,
ELLETTSVILLE PD,E2200802,MONROE,RICHLAND,ELLETTSVILLE,2,0.0,0,0,0,,,,ST RD 46 W,,,ST RD 46 W,HARTSTRAIT,,,,Y,,,,39.16562,-86.53872,ST RD,Y,N,N,URBAN,N,N,N,,DAYLIGHT,CLEAR,DRY,,NO JUNCTION INVOLVED,STRAIGHT/LEVEL,ASPHALT,FOLLOWING TOO CLOSELY,$2501 TO $5000,REAR END,HARTSTRAITRDST RD 46 W,0,TRAFFIC CONTROL SIGNAL,2022-03-04 08:28:00,,,
ELLETTSVILLE PD,E2200339,MONROE,RICHLAND,ELLETTSVILLE,2,0.0,0,0,0,,,,ST RD 46 W,,,ST RD 46 W,2ND,,,,,,,,39.13635,-86.54874,ST RD,,Y,Y,,N,N,N,,DAYLIGHT,CLOUDY,DRY,,NO JUNCTION INVOLVED,STRAIGHT/GRADE,ASPHALT,FAILURE TO YIELD RIGHT OF WAY,$2501 TO $5000,SAME DIRECTION SIDESWIPE,2NDSTST RD 46 W,0,NONE,2022-01-27 10:43:00,,,
INDIANA UNIV BLOOMINGTON PD,220328,MONROE,BLOOMINGTON,BLOOMINGTON,2,,0,0,0,1200,N EAGLESON AVE,,,,,N EAGLESON AVE,,,,,Y,,0.0,,39.161361991214825,-86.53502224525718,,,,,URBAN,N,N,N,,DARK (LIGHTED),CLEAR,DRY,,NO JUNCTION INVOLVED,,ASPHALT,IMPROPER TURNING,$1001 TO $2500,SAME DIRECTION SIDESWIPE,NEAGLESON AVEAVE,0,,2022-01-29 18:45:00,,,
BLOOMINGTON PD,B22-03705,MONROE,PERRY,BLOOMINGTON,2,,0,0,0,,E 2ND ST,,,,,E 2ND ST,S WALNUT ST,,,,Y,,0.0,,39.14528579396266,-86.57490509689964,LOCAL/CITY RD,,,,URBAN,N,N,N,,DAYLIGHT,RAIN,WET,,FOUR-WAY INTERSECTION,,ASPHALT,FAILURE TO YIELD RIGHT OF WAY,$1001 TO $2500,RIGHT ANGLE,SWALNUTSTE 2NDST,0,,2022-02-02 17:13:00,,,
BLOOMINGTON PD,B22-05589,MONROE,PERRY,BLOOMINGTON,2,,1,0,0,,S ADAMS ST ,,,,,S ADAMS ST ,W ALLEN ST ,,,,Y,,0.0,,39.15044835,-86.50715179,LOCAL/CITY RD,,,,URBAN,N,N,N,,DAYLIGHT,CLEAR,DRY,,FOUR-WAY INTERSECTION,,ASPHALT,FAILURE TO YIELD RIGHT OF WAY,$2501 TO $5000,RIGHT ANGLE,WALLENSTBLOOMINGTONINSADAMSSTBLOOMINGTONIN,0,,2022-02-19 13:10:00,,,
BLOOMINGTON PD,B22-07601,MONROE,BLOOMINGTON,BLOOMINGTON,2,,0,0,0,,1825 N KINSER PK,,,,,N KINSER PK,,,,,Y,,0.0,,39.18639900768242,-86.53772162360607,LOCAL/CITY RD,,,,URBAN,N,N,N,,DAYLIGHT,RAIN,WET,,NO JUNCTION INVOLVED,,ASPHALT,OVERCORRECTING/OVERSTEERING,$1001 TO $2500,SAME DIRECTION SIDESWIPE,1825N.KINSERPK,0,,2022-03-07 13:15:00,1825.0,,
BLOOMINGTON PD,B22-38925,MONROE,PERRY,BLOOMINGTON,2,,0,0,0,820,S CLARIZZ BLVD,,,,,S CLARIZZ BLVD,,,,,Y,,0.0,,39.16654510109659,-86.52982047745274,PRIVATE DR,,,,URBAN,N,N,N,,UNKNOWN,CLEAR,DRY,,NO JUNCTION INVOLVED,,ASPHALT,OTHER (DRIVER) - EXPLAIN IN NARRATIVE,$2501 TO $5000,OTHER - EXPLAIN IN NARRATIVE,SCLARIZZBLVD,0,,2022-09-25 13:27:00,,,
MONROE SD,M22A19891,MONROE,VAN BUREN,BLOOMINGTON,1,,0,0,1,,I-69 S,,,,,I-69 S,,,69.0,,N,,0.0,,39.16668894456106,-86.54964497075315,INTERSTATE,,,,RURAL,N,N,N,,DAWN/DUSK,CLOUDY,DRY,,NO JUNCTION INVOLVED,,ASPHALT,ANIMAL/OBJECT IN RDWAY,$5001 TO $10000,COLLISION WITH DEER,SINTERSTATE69,0,,2022-08-15 06:27:00,,,