Agency,Local Code,County,Township,City,Vehicles Involved,Trailers Involved,Number Injured,Number Dead,Number Deer,House Number,Roadway Name,Roadway Suffix,Roadway Number,Roadway Interchange,Roadway Ramp,Roadway Id,Intersecting Road,Intersecting Road Number,Mile Marker,Interchange,Corporate Limits?,Property Type,Feet From,Direction,Latitude,Longitude,Roadway Class,Traffic Control Devices?,Aggressive Driving?,Hit and Run?,Locality,School Zone?,Rumble Strips?,Construction?,Construction Type,Light Condition,Weather Conditions,Surface Condition,Type of Median,Roadway Junction Type,Road Character,Roadway Surface,Primary Factor,Damage Estimate,Manner of Collision,Unique Location Id,State Property Damage?,Traffic Control,DateTime,Address Number,Cyclist Involved,Pedestrian Involved
INDIANA UNIV BLOOMINGTON PD,220893,MONROE,BLOOMINGTON,BLOOMINGTON,2,,1,0,0,,ST RD 45,,,,,ST RD 45,E 17TH ST,,,,Y,,0.0,,39.250900107021174,-86.4675202351149,ST RD,,,,URBAN,N,N,N,,DAYLIGHT,CLOUDY,DRY,,T-INTERSECTION,,ASPHALT,FOLLOWING TOO CLOSELY,$10001 TO $25000,REAR END,STATERD45E17THST,0,,2022-03-08 13:15:00,,,
BLOOMINGTON PD,B22-06172,MONROE,BLOOMINGTON,BLOOMINGTON,3,,2,0,0,,S WALNUT ST,,,,,S WALNUT ST,E DRISCOLL ST,,,,Y,,0.0,,39.1630552603039,-86.5191539155616,LOCAL/CITY RD,,,,URBAN,N,N,N,,DAYLIGHT,CLOUDY,DRY,,NO JUNCTION INVOLVED,,ASPHALT,FOLLOWING TOO CLOSELY,$5001 TO $10000,REAR END,SWALNUTSTEDRISCOLLST,0,,2022-02-24 11:06:00,,,
INDIANA UNIV BLOOMINGTON PD,220423,MONROE,BLOOMINGTON,BLOOMINGTON,2,,0,0,0,2651,E DISCOVERY PKWY,,,,,E DISCOVERY PKWY,,,,,Y,,0.0,,39.09293175834916,-86.54415998647507,OTHER,,,,URBAN,N,N,N,,DAYLIGHT,SNOW,SNOW/SLUSH,,FOUR-WAY INTERSECTION,,ASPHALT,FAILURE TO YIELD RIGHT OF WAY,$2501 TO $5000,RIGHT ANGLE,EDISCOVERYPKWY,0,,2022-02-04 15:40:00,,,
BLOOMINGTON PD,B22-14093,MONROE,BLOOMINGTON,BLOOMINGTON,2,,0,0,0,,E 3RD ST,,,,,E 3RD ST,ST RD 46,,,,Y,,0.0,,39.14881081998983,-86.49908679250187,LOCAL/CITY RD,,,,URBAN,N,N,N,,DAYLIGHT,CLEAR,DRY,,FOUR-WAY INTERSECTION,,ASPHALT,FAILURE TO YIELD RIGHT OF WAY,$10001 TO $25000,SAME DIRECTION SIDESWIPE,STATERD46E 3RDST,0,,2022-04-21 18:15:00,,,
BLOOMINGTON PD,B22-19591,MONROE,BLOOMINGTON,BLOOMINGTON,2,,0,0,0,,ST RD 46,,,,,ST RD 46,E 10TH ST,,,,Y,,0.0,,39.15333985608369,-86.53375193850788,ST RD,,,,URBAN,N,N,N,,DAYLIGHT,CLOUDY,DRY,,FOUR-WAY INTERSECTION,,ASPHALT,FOLLOWING TOO CLOSELY,$1001 TO $2500,REAR END,ST RD 46E 10THST,0,,2022-05-27 15:53:00,,,
BLOOMINGTON PD,B22-06914,MONROE,BLOOMINGTON,BLOOMINGTON,1,,0,0,0,,E 3RD ST,,,,,E 3RD ST,S INDIANA AVE,,,,Y,,0.0,,39.171980857486204,-86.59832544794273,LOCAL/CITY RD,,,,URBAN,N,N,N,,DARK (LIGHTED),CLEAR,DRY,,FOUR-WAY INTERSECTION,,ASPHALT,OVERCORRECTING/OVERSTEERING,$10001 TO $25000,OTHER - EXPLAIN IN NARRATIVE,SINDIANAAVEE 3RDST,0,,2022-03-02 03:30:00,,,
MONROE SD,M22A18073,MONROE,PERRY,BLOOMINGTON,2,,0,0,0,,MARIE LN,,,,,MARIE LN,S FAIRFAX RD,,,,N,,0.0,,39.16219170058306,-86.52405678803133,COUNTY RD,,,,URBAN,N,N,N,,DAYLIGHT,RAIN,WET,,NO JUNCTION INVOLVED,,ASPHALT,FAILURE TO MAINTAIN LN,$5001 TO $10000,OPPOSITE DIRECTION SIDESWIPE,SFAIRFAXRDMARIELN,0,,2022-07-26 11:09:00,,,
INDIANA UNIV BLOOMINGTON PD,221093,MONROE,BLOOMINGTON,BLOOMINGTON,1,,1,0,0,,17TH ST,,,,,17TH ST,FESS AVE,,,,Y,,0.0,,39.14501,-86.57776,LOCAL/CITY RD,,,,URBAN,N,N,N,,DAYLIGHT,CLOUDY,WET,,T-INTERSECTION,,ASPHALT,FAILURE TO YIELD RIGHT OF WAY,$1001 TO $2500,OTHER - EXPLAIN IN NARRATIVE,FESSAVE17THST,1,,2022-03-23 16:10:00,,,True
BLOOMINGTON PD,B22-10873,MONROE,BLOOMINGTON,BLOOMINGTON,1,,0,0,0,,W 6TH ST,,,,,W 6TH ST,N ROGERS ST,,,,Y,,211.0,,39.13497836695239,-86.59638167742638,LOCAL/CITY RD,,,,URBAN,N,N,N,,DAYLIGHT,CLOUDY,DRY,,NO JUNCTION INVOLVED,,ASPHALT,BRAKE FAILURE OR DEFECTIVE,$1001 TO $2500,RAN OFF RD,W6THSTNROGERSST,0,,2022-03-30 17:45:00,,,
BLOOMINGTON PD,B22-17335,MONROE,BLOOMINGTON,BLOOMINGTON,2,,1,0,0,,S COLLEGE AVE,,,,,S COLLEGE AVE,W 3RD ST,,,,Y,,0.0,,39.24528858411791,-86.62054254977008,LOCAL/CITY RD,,,,URBAN,N,N,N,,DARK (LIGHTED),CLEAR,DRY,,FOUR-WAY INTERSECTION,,ASPHALT,DISREGARD SIGNAL/REG SIGN,$10001 TO $25000,OTHER - EXPLAIN IN NARRATIVE,W 3RDSTSCOLLEGEAVE,0,,2022-05-12 05:09:00,,,
BLOOMINGTON PD,B22-11729,MONROE,PERRY,BLOOMINGTON,2,,0,0,0,,S COLLEGE AVE,,,,,S COLLEGE AVE,W SMITH AVE,,,,Y,,370.0,,39.229762787074186,-86.54093815105432,LOCAL/CITY RD,,,,URBAN,N,N,N,,DAYLIGHT,CLOUDY,WET,,T-INTERSECTION,,ASPHALT,FAILURE TO YIELD RIGHT OF WAY,$5001 TO $10000,RIGHT ANGLE,WSMITHAVESCOLLEGEAVE,0,,2022-04-05 15:20:00,,,
INDIANA UNIV BLOOMINGTON PD,223461,MONROE,BLOOMINGTON,BLOOMINGTON,2,,0,0,0,921,E ATWATER AVE,,,,,E ATWATER AVE,,,,,Y,,0.0,,39.164263356212444,-86.52588533728179,PRIVATE DR,,,,RURAL,N,N,N,,DAYLIGHT,CLEAR,DRY,,NO JUNCTION INVOLVED,,ASPHALT,UNSAFE BACKING,$1001 TO $2500,BACKING CRASH,EATWATERAVE,0,,2022-09-21 10:36:00,,,
INDIANA UNIV BLOOMINGTON PD,221082,MONROE,BLOOMINGTON,BLOOMINGTON,2,,1,0,0,,ST RD 45,,,,,ST RD 45,E 10TH ST,,,,N,,0.0,,39.20992995700109,-86.58272089054293,ST RD,,,,URBAN,N,N,N,,DAYLIGHT,RAIN,WET,,NO JUNCTION INVOLVED,,ASPHALT,FOLLOWING TOO CLOSELY,$2501 TO $5000,REAR END,STATERD45E 10THST,0,,2022-03-22 15:25:00,,,
MONROE SD,M22A2858,MONROE,BEAN BLOSSOM,ELLETTSVILLE,1,,1,0,0,,N MT TABOR,,,,,N MT TABOR,N JENNER DR,,,,N,,0.0,,39.16855,-86.53485,LOCAL/CITY RD,,,,RURAL,N,N,N,,DAYLIGHT,CLEAR,SNOW/SLUSH,,NO JUNCTION INVOLVED,,ASPHALT,SPEED TOO FAST FOR WEATHER CONDITIONS,$10001 TO $25000,RAN OFF RD,NMTTABORNJENNERDR,0,,2022-02-06 14:20:00,,,
MONROE SD,M22A7188,MONROE,BLOOMINGTON,BLOOMINGTON,1,,0,0,1,,N ST RD 37,,,,,N ST RD 37,N ST RD 37,,,,N,,0.0,,39.16422348782532,-86.51913290234783,ST RD,,,,RURAL,N,N,N,,DARK (NOT LIGHTED),CLEAR,DRY,,FOUR-WAY INTERSECTION,,ASPHALT,ANIMAL/OBJECT IN RDWAY,$2501 TO $5000,COLLISION WITH DEER,NOLD37NBUSINESS37,0,,2022-03-30 03:39:00,,,
BLOOMINGTON PD,B22-25003,MONROE,BLOOMINGTON,BLOOMINGTON,1,,1,0,0,,W BLOOMFIELD RD,,,,,W BLOOMFIELD RD,,,,,Y,,0.0,,39.16470213534016,-86.59526105497203,PRIVATE DR,,,,URBAN,N,N,N,,DAYLIGHT,CLEAR,DRY,,NO JUNCTION INVOLVED,,ASPHALT,DRIVER ASLEEP OR FATIGUED,$2501 TO $5000,RAN OFF RD,W.BLOOMFIELDRD,0,,2022-07-02 07:40:00,,,
BLOOMINGTON PD,B22-38182,MONROE,BLOOMINGTON,BLOOMINGTON,2,,0,0,0,,901 W MORAVEC WAY,,,,,W MORAVEC WAY,DIAMOND ST,,,,Y,,1000.0,,39.15811,-86.49789,LOCAL/CITY RD,,,,URBAN,N,N,N,,DAYLIGHT,CLEAR,DRY,,NO JUNCTION INVOLVED,,ASPHALT,UNSAFE BACKING,$1001 TO $2500,BACKING CRASH,DIAMONDST901W.MORAVECWAY,0,,2022-09-21 08:47:00,901.0,,
BLOOMINGTON PD,B22-10418,MONROE,BLOOMINGTON,BLOOMINGTON,1,,0,0,0,,,,,,,,E 19TH ST AND N LINCOLN ST,,,,Y,,0.0,,39.11462,-86.53981,LOCAL/CITY RD,,,,URBAN,N,N,N,,DARK (NOT LIGHTED),CLEAR,DRY,,FOUR-WAY INTERSECTION,,ASPHALT,OTHER (VEHICLE) - EXPLAIN IN NARRATIVE,$1001 TO $2500,BACKING CRASH,E19THSTANDNLINCOLNST,0,,2022-03-27 00:50:00,,,
BLOOMINGTON PD,B22-25144,MONROE,BLOOMINGTON,BLOOMINGTON,2,,0,0,0,,11TH,,,,,11TH,COLLEGE AVE,,,,Y,,0.0,,39.266749385454375,-86.66571249025628,LOCAL/CITY RD,,,,URBAN,N,N,N,,DAYLIGHT,CLEAR,DRY,,FOUR-WAY INTERSECTION,,ASPHALT,DISREGARD SIGNAL/REG SIGN,$2501 TO $5000,RIGHT ANGLE,COLLEGEAVE11TH,0,,2022-07-03 07:41:00,,,
BLOOMINGTON PD,B22-30771,MONROE,RICHLAND,BLOOMINGTON,2,,0,0,0,,W 3RD ST,,,,,W 3RD ST,S GATES DR,,,,Y,,100.0,,39.21262573083098,-86.46351071882063,LOCAL/CITY RD,,,,URBAN,N,N,N,,DAYLIGHT,CLOUDY,DRY,,NO JUNCTION INVOLVED,,ASPHALT,UNSAFE LN MOVEMENT,$5001 TO $10000,SAME DIRECTION SIDESWIPE,W 3RDSTSGATESDR,0,,2022-08-09 12:25:00,,,
MONROE SD,M22A16263,MONROE,RICHLAND,BLOOMINGTON,2,,0,0,0,,ST RD 46,,,,,ST RD 46,W ARLINGTON RD,,,,N,,0.0,,39.165490439547526,-86.52693701098381,ST RD,,,,URBAN,N,N,N,,DAYLIGHT,RAIN,WET,,T-INTERSECTION,,ASPHALT,FOLLOWING TOO CLOSELY,$5001 TO $10000,REAR END,WARLINGTONRDSTATERD46,0,,2022-07-07 15:44:00,,,
MONROE SD,M22A22090,MONROE,RICHLAND,BLOOMINGTON,1,,1,0,0,,W 3RD ST,,,,,W 3RD ST,,,,,N,,0.0,,39.176242654648064,-86.50481244123667,ST RD,,,,RURAL,N,N,N,,DAYLIGHT,CLEAR,DRY,,NO JUNCTION INVOLVED,,ASPHALT,DRIVER ASLEEP OR FATIGUED,$10001 TO $25000,RAN OFF RD,W 3RDST,0,,2022-09-08 03:09:00,,,
MONROE SD,M22A23102,MONROE,BEAN BLOSSOM,STINESVILLE,1,,0,0,1,,N STINESVILLE RD,,,,,N STINESVILLE RD,,,,,N,,0.0,,39.186194760233164,-86.52219675195562,COUNTY RD,,,,RURAL,N,N,N,,DARK (NOT LIGHTED),FOG/SMOKE/SMOG,DRY,,NO JUNCTION INVOLVED,,ASPHALT,ANIMAL/OBJECT IN RDWAY,$5001 TO $10000,COLLISION WITH DEER,NSTINESVILLERD,0,,2022-09-20 02:15:00,,,
BLOOMINGTON PD,B22-36331,MONROE,PERRY,BLOOMINGTON,2,,1,0,0,,W BLOOMFIELD RD,,,,,W BLOOMFIELD RD,S OAKDALE DR,,,,Y,,0.0,,39.22763850834126,-86.61596552057826,LOCAL/CITY RD,,,,URBAN,N,N,N,INTERMITTENT OR MOVING WORK,DAWN/DUSK,CLEAR,DRY,,FOUR-WAY INTERSECTION,,ASPHALT,FOLLOWING TOO CLOSELY,$2501 TO $5000,REAR END,WBLOOMFIELDRDSOAKDALEDR,0,,2022-09-09 20:18:00,,,
BLOOMINGTON PD,B22-28264,MONROE,PERRY,BLOOMINGTON,2,,0,0,0,,E WINSLOW RD,,,,,E WINSLOW RD,S ST RD 37,,,,Y,,0.0,,39.23194249386789,-86.6222088374107,LOCAL/CITY RD,,,,URBAN,N,N,N,,DAYLIGHT,CLOUDY,DRY,,FOUR-WAY INTERSECTION,,ASPHALT,FAILURE TO YIELD RIGHT OF WAY,$5001 TO $10000,LEFT TURN,SOLDSTATERD37EWINSLOWRD,0,,2022-07-23 11:52:00,,,
ELLETTSVILLE PD,E2200580,MONROE,RICHLAND,ELLETTSVILLE,2,0.0,0,0,0,,,,ST RD 46 W,,,ST RD 46 W,POPLAR,,,,Y,,100.0,W,39.17773861,-86.5118781,ST RD,,N,N,URBAN,Y,N,N,,DAWN/DUSK,CLEAR,DRY,,NO JUNCTION INVOLVED,CURVE/GRADE,ASPHALT,FOLLOWING TOO CLOSELY,$2501 TO $5000,REAR END,POPLARDRST RD 46 W,0,STOP SIGN,2022-02-15 06:53:00,,,
MONROE SD,M22A5443,MONROE,SALT CREEK,,1,,0,0,1,,ST RD 446,,,,,ST RD 446,RUSH RIDGE RD,,,,N,,100.0,,39.16138,-86.53363,ST RD,,,,RURAL,N,N,N,,DAYLIGHT,CLEAR,DRY,,T-INTERSECTION,,ASPHALT,ANIMAL/OBJECT IN RDWAY,$2501 TO $5000,COLLISION WITH DEER,STATERD446RUSHRIDGERD,0,,2022-03-08 18:06:00,,,
BLOOMINGTON PD,B22-28763,MONROE,BLOOMINGTON,BLOOMINGTON,2,,0,0,0,101,N CURRY PK,,,,,N CURRY PK,,,,,Y,,0.0,,39.1558143661253,-86.55057746155835,PRIVATE DR,,,,URBAN,N,N,N,,DAYLIGHT,CLEAR,DRY,,NO JUNCTION INVOLVED,,ASPHALT,UNSAFE BACKING,$2501 TO $5000,BACKING CRASH,N.CURRYPK,0,,2022-07-27 14:54:00,,,
MONROE SD,M22A19954,MONROE,PERRY,BLOOMINGTON,2,,0,0,0,,E MAXWELL LN,,,,,E MAXWELL LN,S HIGH ST,,,,N,,0.0,,-7.844216877204219e-06,-3.900734141673752e-05,LOCAL/CITY RD,,,,URBAN,N,N,N,,DAYLIGHT,BLOWING SAND/SOIL/SNOW,DRY,,FOUR-WAY INTERSECTION,,ASPHALT,FAILURE TO YIELD RIGHT OF WAY,$2501 TO $5000,REAR END,SHIGHSTEMAXWELLLN,0,,2022-08-15 16:10:00,,,
BLOOMINGTON PD,B22-28124,MONROE,PERRY,BLOOMINGTON,1,,0,0,0,,E 2ND ST,,,,,E 2ND ST,S WOODLAWN AVE,,,,Y,,264.0,,39.15753375257749,-86.49181885160287,LOCAL/CITY RD,,,,URBAN,N,N,N,,DARK (NOT LIGHTED),CLEAR,DRY,,NO JUNCTION INVOLVED,,ASPHALT,IMPROPER LN USAGE,$1001 TO $2500,SAME DIRECTION SIDESWIPE,SWOODLAWNAVEE 2NDST,0,,2022-07-22 00:01:00,,,
BLOOMINGTON PD,B22-02235,MONROE,PERRY,BLOOMINGTON,1,,1,0,0,,W 3RD ST,,,,,W 3RD ST,MULLER PARKWAY,,,,Y,,0.0,,39.08835893,-86.57035508,LOCAL/CITY RD,,,,URBAN,N,N,N,,DARK (LIGHTED),CLOUDY,DRY,,T-INTERSECTION,,ASPHALT,OTHER (DRIVER) - EXPLAIN IN NARRATIVE,$25001 TO $50000,LEFT TURN,W 3RDSTMULLERPARKWAY,0,,2022-01-21 03:00:00,,,
MONROE SD,M22A7685,MONROE,,BLOOMINGTON,2,,0,0,0,3367,N THOMAS RD,,,,,N THOMAS RD,,,,,N,,0.0,,39.17967548598648,-86.50729400183461,LOCAL/CITY RD,,,,RURAL,N,N,N,,DAYLIGHT,CLOUDY,DRY,,NO JUNCTION INVOLVED,,GRAVEL,UNSAFE BACKING,$1001 TO $2500,BACKING CRASH,NTHOMASRD,0,,2022-04-05 07:30:00,,,
BLOOMINGTON PD,B22-17200,MONROE,BLOOMINGTON,BLOOMINGTON,2,,0,0,0,,1175 S COLLEGE MALL RD,,,,,S COLLEGE MALL RD,,,,,Y,,0.0,,39.15244758466642,-86.53372681473958,,,,,URBAN,N,N,N,,DAYLIGHT,CLEAR,DRY,,NO JUNCTION INVOLVED,,ASPHALT,FAILURE TO YIELD RIGHT OF WAY,$5001 TO $10000,RIGHT ANGLE,1175SCOLLEGEMALLRD,0,,2022-05-11 12:10:00,1175.0,,
BLOOMINGTON PD,B22-02399,MONROE,VAN BUREN,BLOOMINGTON,2,,1,0,0,,W ST RD 45,,,,,W ST RD 45,INDUSTRIAL BLVD,,,,Y,,0.0,,39.17644849430932,-86.50182948956416,LOCAL/CITY RD,,,,URBAN,N,N,N,,DAYLIGHT,CLEAR,DRY,,FOUR-WAY INTERSECTION,,CONCRETE,FAILURE TO YIELD RIGHT OF WAY,$10001 TO $25000,LEFT TURN,WSTATERD45INDUSTRIALBLVD,0,,2022-01-22 05:10:00,,,
MONROE SD,M22A11269,MONROE,RICHLAND,BLOOMINGTON,2,,1,0,0,,N HARTSTRAIT RD,,,,,N HARTSTRAIT RD,,,,,N,,0.0,,39.164201204120374,-86.49829174274039,LOCAL/CITY RD,,,,RURAL,N,N,N,,DAYLIGHT,CLEAR,DRY,,NO JUNCTION INVOLVED,,ASPHALT,IMPROPER LN USAGE,$10001 TO $25000,SAME DIRECTION SIDESWIPE,NHARTSTRAITRD,0,,2022-05-16 11:24:00,,,
ELLETTSVILLE PD,E2200359,MONROE,RICHLAND,ELLETTSVILLE,2,0.0,0,0,0,,WALNUT,ST,,,,WALNUT,ASSOCIATION,,,,Y,,,,39.17162,-86.50215,LOCAL/CITY RD,,N,N,URBAN,N,N,N,,DAYLIGHT,SNOW,SNOW/SLUSH,,T-INTERSECTION,STRAIGHT/GRADE,ASPHALT,RDWAY SURFACE CONDITION,$1001 TO $2500,REAR END,ASSOCIATIONSTWALNUTST,0,STOP SIGN,2022-01-28 13:07:00,,,
MONROE SD,M22A13060,MONROE,VAN BUREN,BLOOMINGTON,2,,0,0,0,3585,W ST RD 45,,,,,W ST RD 45,,,,,N,,0.0,,39.164299853468655,-86.52691197346024,PRIVATE DR,,,,RURAL,N,N,N,,DAYLIGHT,CLEAR,DRY,,NO JUNCTION INVOLVED,,ASPHALT,IMPROPER TURNING,$2501 TO $5000,SAME DIRECTION SIDESWIPE,WSTRD45,0,,2022-06-04 10:00:00,,,
BLOOMINGTON PD,B22-29658,MONROE,BLOOMINGTON,BLOOMINGTON,3,,0,0,0,,W 10TH ST,,,,,W 10TH ST,N COLLEGE AVE,,,,Y,,0.0,,39.105685130943705,-86.52248921164998,LOCAL/CITY RD,,,,URBAN,N,N,N,,DAYLIGHT,CLOUDY,DRY,,FIVE POINT OR MORE,,ASPHALT,UNSAFE LN MOVEMENT,$5001 TO $10000,SAME DIRECTION SIDESWIPE,W10THSTNCOLLEGEAVE,0,,2022-08-02 11:39:00,,,
INDIANA UNIV BLOOMINGTON PD,221329,MONROE,BLOOMINGTON,BLOOMINGTON,1,,1,0,0,,ST RD 45,,,,,ST RD 45,,,,,N,,0.0,,39.17900715494671,-86.5260164820352,ST RD,,,,URBAN,N,N,N,,DARK (NOT LIGHTED),RAIN,WET,,NO JUNCTION INVOLVED,,ASPHALT,SPEED TOO FAST FOR WEATHER CONDITIONS,$5001 TO $10000,RAN OFF RD,STATERD45,0,,2022-04-09 00:00:00,,,
INDIANA UNIV BLOOMINGTON PD,221473,MONROE,BLOOMINGTON,BLOOMINGTON,2,,1,0,0,,N EAGLESON AVE,,,,,N EAGLESON AVE,E LINGELBACH LN,,,,Y,,370.0,,39.16758,-86.53866,LOCAL/CITY RD,,,,URBAN,N,N,N,,DARK (LIGHTED),CLOUDY,DRY,,NO JUNCTION INVOLVED,,ASPHALT,IMPROPER TURNING,$25001 TO $50000,LEFT TURN,NEAGLESONAVEELINGELBACHLN,0,,2022-04-19 00:30:00,,,
BLOOMINGTON PD,B22-07642,MONROE,PERRY,BLOOMINGTON,2,,0,0,0,,S ROCKPORT RD,,,,,S ROCKPORT RD,W COUNTRY CLUB DR,,,,Y,,0.0,,39.16461494918884,-86.5349239775665,LOCAL/CITY RD,,,,URBAN,N,N,N,,DARK (LIGHTED),CLOUDY,DRY,,FOUR-WAY INTERSECTION,,ASPHALT,LEFT OF CENTER,$5001 TO $10000,RIGHT TURN,WCOUNTRYCLUBDRSROCKPORTRD,0,,2022-03-07 19:00:00,,,
INDIANA UNIV BLOOMINGTON PD,221646,MONROE,BLOOMINGTON,BLOOMINGTON,2,,0,0,0,,S DUNN ST,,,,,S DUNN ST,E 4TH ST,,,,Y,,0.0,,39.16280380004712,-86.5350117056895,LOCAL/CITY RD,,,,URBAN,N,N,N,,DARK (LIGHTED),CLEAR,DRY,,NO JUNCTION INVOLVED,,ASPHALT,UNSAFE LN MOVEMENT,$2501 TO $5000,SAME DIRECTION SIDESWIPE,SDUNNSTE4THST,0,,2022-04-26 23:32:00,,,
MONROE SD,M22A16081,MONROE,PERRY,,2,,0,0,0,,S ROLLING RIDGE WAY,,,,,S ROLLING RIDGE WAY,,,,,N,,0.0,,39.163396482283986,-86.52118840149416,PRIVATE DR,,,,RURAL,N,N,N,,DARK (LIGHTED),CLEAR,DRY,,NO JUNCTION INVOLVED,,CONCRETE,IMPROPER TURNING,$1001 TO $2500,SAME DIRECTION SIDESWIPE,SROLLINGRIDGEWAY,0,,2022-07-05 21:23:00,,,
INDIANA UNIV BLOOMINGTON PD,222111,MONROE,BLOOMINGTON,BLOOMINGTON,2,,0,0,0,,ST RD 46,,,,,ST RD 46,E ASTGATE LN,,,,Y,,53.0,,39.176764769200496,-86.4784954029494,ST RD,,,,URBAN,N,N,N,,DAYLIGHT,RAIN,WET,,T-INTERSECTION,,ASPHALT,FOLLOWING TOO CLOSELY,$2501 TO $5000,REAR END,STATERD46EEASTGATELN,0,,2022-06-10 14:10:00,,,
ELLETTSVILLE PD,E22-03223,MONROE,RICHLAND,ELLETTSVILLE,2,,1,0,0,,W TEMPERANCE ST,,,,,W TEMPERANCE ST,S SALE ST,,,,Y,,0.0,,39.29574091315197,-86.62637393943947,ST RD,,,,URBAN,N,N,N,,DAYLIGHT,CLEAR,DRY,,NO JUNCTION INVOLVED,,ASPHALT,IMPROPER TURNING,$50001 TO $100000,SAME DIRECTION SIDESWIPE,WTEMPERANCESTSSALEST,0,,2022-08-26 10:53:00,,,
ISP BLOOMINGTON 33,2.022E+11,MONROE,BLOOMINGTON,BLOOMINGTON,1,,1,0,0,,I-69,,,,,I-69,,,123.0,,N,,0.0,,39.33395666151621,-86.51277044925914,INTERSTATE,,,,RURAL,N,N,N,,DAYLIGHT,RAIN,WET,,NO JUNCTION INVOLVED,,ASPHALT,FAILURE TO MAINTAIN LN,$5001 TO $10000,RAN OFF RD,I-69123,0,,2022-07-07 16:35:00,,,
BLOOMINGTON PD,B22-25493,MONROE,BLOOMINGTON,BLOOMINGTON,2,,0,0,0,,N SUMMIT ST,,,,,N SUMMIT ST,W 13TH ST,,,,Y,,0.0,,,,LOCAL/CITY RD,,,,URBAN,N,N,N,,DAYLIGHT,CLEAR,DRY,,NO JUNCTION INVOLVED,,ASPHALT,IMPROPER LN USAGE,UNDER $1001,SAME DIRECTION SIDESWIPE,W13THSTNSUMMITST,0,,2022-07-05 16:00:00,,,
ISP BLOOMINGTON 33,2.022E+11,MONROE,BENTON,BLOOMINGTON,2,,2,0,0,,ST RD 46,,,,,ST RD 46,TRAILWAY DR,,,,N,,750.0,,39.1726,-86.54414,ST RD,,,,RURAL,N,N,N,,DAYLIGHT,CLEAR,DRY,,NO JUNCTION INVOLVED,,ASPHALT,FAILURE TO MAINTAIN LN,$25001 TO $50000,RIGHT ANGLE,TRAILWAYDRST RD 46,0,,2022-09-09 13:41:00,,,
BLOOMINGTON PD,B22-22045,MONROE,PERRY,BLOOMINGTON,1,,0,0,0,,400 E 2ND ST,,,,,E 2ND ST,S DUNN ST,,,,Y,,300.0,,39.18111038051765,-86.53094941447603,LOCAL/CITY RD,,,,URBAN,N,N,N,,DAYLIGHT,CLOUDY,DRY,,NO JUNCTION INVOLVED,,ASPHALT,OVERSIZE/OVERWEIGHT LOAD,$1001 TO $2500,NON-COLLISION,S.DUNNST400BLKE 2NDST,0,,2022-06-13 10:08:00,400.0,,
BLOOMINGTON PD,B22-13661,MONROE,PERRY,BLOOMINGTON,2,,0,0,0,2200,S WALNUT ST,,,,,S WALNUT ST,S N DR,,,,Y,,0.0,,39.17328,-86.53481,PRIVATE DR,,,,URBAN,N,N,N,,DAYLIGHT,CLEAR,DRY,,NO JUNCTION INVOLVED,,ASPHALT,FAILURE TO YIELD RIGHT OF WAY,$2501 TO $5000,RIGHT ANGLE,SWALNUTSTSNORTHDR,0,,2022-04-19 13:18:00,,,
BLOOMINGTON PD,B22-14274,MONROE,BLOOMINGTON,BLOOMINGTON,2,,0,0,0,,N ADAMS ST,,,,,N ADAMS ST,W 6TH ST,,,,Y,,0.0,,39.164561534623886,-86.57622314251454,,,,,URBAN,N,N,N,,DAYLIGHT,CLEAR,DRY,,NO JUNCTION INVOLVED,,ASPHALT,FAILURE TO YIELD RIGHT OF WAY,$5001 TO $10000,BACKING CRASH,W6THSTNADAMSST,0,,2022-04-22 06:10:00,,,
INDIANA UNIV BLOOMINGTON PD,222640,MONROE,BLOOMINGTON,BLOOMINGTON,2,,0,0,0,,S HAWTHORNE DR,,,,,S HAWTHORNE DR,,,,,Y,,0.0,,39.207611004849376,-86.57992643187156,PRIVATE DR,,,,URBAN,N,N,N,,DAYLIGHT,CLEAR,DRY,,NO JUNCTION INVOLVED,,ASPHALT,IMPROPER TURNING,$1001 TO $2500,RIGHT TURN,SHAWTHORNEDR,0,,2022-08-16 10:50:00,,,
BLOOMINGTON PD,B22-24017,MONROE,BLOOMINGTON,BLOOMINGTON,2,,4,0,0,,ST RD 46,,,,,ST RD 46,ST RD 46,,,,Y,,0.0,,39.170384357209954,-86.67480158226381,ST RD,,,,URBAN,N,N,N,,DAYLIGHT,CLOUDY,DRY,,FOUR-WAY INTERSECTION,,ASPHALT,FAILURE TO YIELD RIGHT OF WAY,$50001 TO $100000,RIGHT ANGLE,STATERD46STATERD46,0,,2022-06-26 12:45:00,,,
BLOOMINGTON PD,B22-09132,MONROE,PERRY,BLOOMINGTON,2,,0,0,0,,W COUNTRY CLUB DR,,,,,W COUNTRY CLUB DR,S ROGERS ST,,,,Y,,0.0,,39.2727462758052,-86.66384584105084,LOCAL/CITY RD,,,,URBAN,N,N,N,,DAYLIGHT,RAIN,WET,,FOUR-WAY INTERSECTION,,CONCRETE,FOLLOWING TOO CLOSELY,UNDER $1001,REAR END,WCOUNTRYCLUBDRSROGERSST,0,,2022-03-18 12:30:00,,,