Agency,Local Code,County,Township,City,Vehicles Involved,Trailers Involved,Number Injured,Number Dead,Number Deer,House Number,Roadway Name,Roadway Suffix,Roadway Number,Roadway Interchange,Roadway Ramp,Roadway Id,Intersecting Road,Intersecting Road Number,Mile Marker,Interchange,Corporate Limits?,Property Type,Feet From,Direction,Latitude,Longitude,Roadway Class,Traffic Control Devices?,Aggressive Driving?,Hit and Run?,Locality,School Zone?,Rumble Strips?,Construction?,Construction Type,Light Condition,Weather Conditions,Surface Condition,Type of Median,Roadway Junction Type,Road Character,Roadway Surface,Primary Factor,Damage Estimate,Manner of Collision,Unique Location Id,State Property Damage?,Traffic Control,DateTime,Address Number,Cyclist Involved,Pedestrian Involved
BLOOMINGTON PD,B22-13000,MONROE,VAN BUREN,BLOOMINGTON,2,,0,0,0,,GATES DR,,,,,GATES DR,W 3RD ST,,,,Y,,1000.0,,39.14972618439656,-86.5689261580635,LOCAL/CITY RD,,,,URBAN,N,N,N,,DAYLIGHT,CLEAR,DRY,,T-INTERSECTION,,ASPHALT,FOLLOWING TOO CLOSELY,$1001 TO $2500,REAR END,W.3RDSTGATESDR,0,,2022-04-14 09:18:00,,,
MONROE SD,M22A15258,MONROE,CLEAR CREEK,BLOOMINGTON,2,,0,0,0,,ST RD 46,,,,,ST RD 46,N CURRY PK,,,,N,,0.0,,39.135974678465594,-86.51976799364837,,,,,URBAN,N,N,Y,LN CLOSURE,DAYLIGHT,CLEAR,DRY,,T-INTERSECTION,,ASPHALT,FOLLOWING TOO CLOSELY,UNDER $1001,REAR END,STATERD46NCURRYPK,0,,2022-06-27 14:35:00,,,
INDIANA UNIV BLOOMINGTON PD,220721,MONROE,BLOOMINGTON,BLOOMINGTON,2,,0,0,0,,N INDIANA AVE,,,,,N INDIANA AVE,E 17TH ST,,,,Y,,264.0,,39.23749155962823,-86.62926861419201,LOCAL/CITY RD,,,,URBAN,N,N,N,,DARK (LIGHTED),RAIN,WET,,T-INTERSECTION,,ASPHALT,UNSAFE BACKING,$1001 TO $2500,BACKING CRASH,NINDIANAAVEE17THST,0,,2022-02-24 21:10:00,,,
ELLETTSVILLE PD,E2200790,MONROE,RICHLAND,ELLETTSVILLE,2,0.0,0,0,0,,,,ST RD 46 W,,,ST RD 46 W,SMITH,,,,N,,250.0,W,39.08454961609701,-86.4204027649677,ST RD,,N,N,URBAN,N,N,N,,DARK (LIGHTED),CLEAR,DRY,,T-INTERSECTION,STRAIGHT/LEVEL,CONCRETE,OTHER (DRIVER) - EXPLAIN IN NARRATIVE,UNDER $1001,BACKING CRASH,SMITHPKST RD 46 W,0,STOP SIGN,2022-03-03 19:27:00,,,
BLOOMINGTON PD,B22-37522,MONROE,BLOOMINGTON,BLOOMINGTON,2,,0,0,0,,E 3RD ST,,,,,E 3RD ST,IN 46,,,,Y,,0.0,,39.16649256,-86.58273376,LOCAL/CITY RD,,,,URBAN,N,N,N,,DAYLIGHT,CLEAR,DRY,,FOUR-WAY INTERSECTION,,ASPHALT,IMPROPER LN USAGE,$1001 TO $2500,SAME DIRECTION SIDESWIPE,IN46E 3RDST,0,,2022-09-16 19:27:00,,,
MONROE SD,M22A14561,MONROE,BLOOMINGTON,BLOOMINGTON,2,,0,0,0,,E 6TH ST,,,,,E 6TH ST,N WALNUT ST,,,,Y,,0.0,,39.15774681530723,-86.50846285884627,LOCAL/CITY RD,,,,URBAN,N,N,N,,DAYLIGHT,CLEAR,DRY,,FOUR-WAY INTERSECTION,,ASPHALT,UNSAFE BACKING,$1001 TO $2500,BACKING CRASH,NWALNUTSTE6THST,0,,2022-06-20 12:12:00,,,
INDIANA UNIV BLOOMINGTON PD,222884,MONROE,BLOOMINGTON,BLOOMINGTON,2,,0,0,0,900,E 7TH ST,,,,,E 7TH ST,,,,,Y,,0.0,,39.16105583049391,-86.52268989131409,PRIVATE DR,,,,URBAN,N,N,N,,DAYLIGHT,CLEAR,DRY,,NO JUNCTION INVOLVED,,ASPHALT,UNSAFE BACKING,UNDER $1001,BACKING CRASH,E7THST,0,,2022-08-28 11:30:00,,,
BLOOMINGTON PD,B22-05098,MONROE,RICHLAND,BLOOMINGTON,2,,0,0,0,,120 N GATES DR,,,,,N GATES DR,,,,,Y,,0.0,,39.16447377334999,-86.56273646953566,LOCAL/CITY RD,,,,URBAN,N,N,N,,DAYLIGHT,CLEAR,DRY,,NO JUNCTION INVOLVED,,ASPHALT,UNSAFE BACKING,$1001 TO $2500,BACKING CRASH,120N.GATESDR,0,,2022-02-15 11:23:00,120.0,,
BLOOMINGTON PD,B22-36495,MONROE,PERRY,BLOOMINGTON,2,,0,0,0,,S WALNUT ST,,,,,S WALNUT ST,E DAVIS ST,,,,Y,,0.0,,,,,,,,URBAN,N,N,N,,DAYLIGHT,CLOUDY,WET,,NO JUNCTION INVOLVED,,ASPHALT,UNSAFE LN MOVEMENT,$10001 TO $25000,RIGHT ANGLE,SWALNUTSTEDAVISST,0,,2022-09-10 18:06:00,,,
BLOOMINGTON PD,B22-39177,MONROE,BLOOMINGTON,BLOOMINGTON,2,,0,0,0,,105 W 4TH ST,,,,,W 4TH ST,,,,,Y,,0.0,,39.155111556044616,-86.49683396082123,PRIVATE DR,,,,URBAN,N,N,N,,UNKNOWN,CLEAR,DRY,,NO JUNCTION INVOLVED,,CONCRETE,IMPROPER TURNING,$1001 TO $2500,OPPOSITE DIRECTION SIDESWIPE,105W4THST,0,,2022-09-26 19:55:00,105.0,,
BLOOMINGTON PD,B22-22302,MONROE,BLOOMINGTON,BLOOMINGTON,2,,1,0,0,,1811 W ARLINGTON RD,,,,,W ARLINGTON RD,,,,,Y,,0.0,,39.1435878802647,-86.58033446880134,LOCAL/CITY RD,,,,URBAN,N,N,N,,DAYLIGHT,CLEAR,DRY,,NO JUNCTION INVOLVED,,ASPHALT,SPEED TOO FAST FOR WEATHER CONDITIONS,$2501 TO $5000,REAR END,1811WARLINGTONRD,0,,2022-06-14 19:22:00,1811.0,,
BLOOMINGTON PD,B2201002,MONROE,PERRY,BLOOMINGTON,2,,0,0,0,,W BLOOMFIELD RD,,,,,W BLOOMFIELD RD,S STONE DR,,,,Y,,0.0,,39.17099155427733,-86.61110409202519,LOCAL/CITY RD,,,,URBAN,N,N,N,,DAYLIGHT,CLEAR,DRY,,NO JUNCTION INVOLVED,,ASPHALT,IMPROPER LN USAGE,$2501 TO $5000,SAME DIRECTION SIDESWIPE,WBLOOMFIELDRDSSTONEDR,0,,2022-01-10 08:50:00,,,
MONROE SD,M22A19549,MONROE,INDIAN CREEK,BLOOMINGTON,1,,0,0,0,,S VICTOR PK,,,,,S VICTOR PK,,,,,N,,0.0,,39.234696729978104,-86.62781871882562,COUNTY RD,,,,URBAN,N,N,N,,DARK (NOT LIGHTED),CLEAR,DRY,,NO JUNCTION INVOLVED,,ASPHALT,FAILURE TO MAINTAIN LN,$10001 TO $25000,RAN OFF RD,SVICTORPK,0,,2022-08-11 01:00:00,,,
BLOOMINGTON PD,B22-03772,MONROE,PERRY,BLOOMINGTON,2,,0,0,0,1175,S COLLEGE MALL RD,,,,,S COLLEGE MALL RD,,,,,Y,,0.0,,39.1424852916608,-86.57880836591575,,,,,URBAN,N,N,N,,DAYLIGHT,SNOW,SNOW/SLUSH,,NO JUNCTION INVOLVED,,ASPHALT,OTHER (VEHICLE) - EXPLAIN IN NARRATIVE,$1001 TO $2500,OTHER - EXPLAIN IN NARRATIVE,SCOLLEGEMALLRD,0,,2022-02-03 12:15:00,,,
BLOOMINGTON PD,B22-07924,MONROE,BLOOMINGTON,BLOOMINGTON,2,,1,0,0,,W KIRKWOOD AVE,,,,,W KIRKWOOD AVE,N ELM ST,,,,N,,0.0,,39.07768968,-86.51135029,LOCAL/CITY RD,,,,URBAN,N,N,N,,DAYLIGHT,RAIN,WET,,FOUR-WAY INTERSECTION,,ASPHALT,FAILURE TO YIELD RIGHT OF WAY,$2501 TO $5000,RIGHT ANGLE,WKIRKWOODAVENELMST,0,,2022-03-22 18:35:00,,,
BLOOMINGTON PD,B22-36296,MONROE,BLOOMINGTON,BLOOMINGTON,2,,0,0,0,,W KIRKWOOD AVE,,,,,W KIRKWOOD AVE,S MADISON ST,,,,Y,,317.0,,39.17162415218964,-86.53483194967232,LOCAL/CITY RD,,,,URBAN,N,N,N,,DAYLIGHT,CLEAR,DRY,,NO JUNCTION INVOLVED,,ASPHALT,VIEW OBSTRUCTED,$2501 TO $5000,RIGHT ANGLE,WKIRKWOODAVESMADISONST,0,,2022-09-09 17:56:00,,,
MONROE SD,M22A10511,MONROE,VAN BUREN,BLOOMINGTON,2,,0,0,0,,W THAT RD,,,,,W THAT RD,,,,,N,,0.0,,39.18445683967763,-86.51415320405614,LOCAL/CITY RD,,,,RURAL,N,N,N,,DAYLIGHT,CLEAR,DRY,,NO JUNCTION INVOLVED,,ASPHALT,UNSAFE SPEED,$5001 TO $10000,OPPOSITE DIRECTION SIDESWIPE,WTHATRD,0,,2022-05-08 10:44:00,,,
BLOOMINGTON PD,B22-16460,MONROE,BLOOMINGTON,BLOOMINGTON,2,,0,0,0,,ST RD 46,,,,,ST RD 46,E 3RD ST,,,,Y,,0.0,,39.169473158781415,-86.53485075555999,LOCAL/CITY RD,,,,URBAN,N,N,N,,DAYLIGHT,RAIN,WET,,FOUR-WAY INTERSECTION,,ASPHALT,FOLLOWING TOO CLOSELY,$5001 TO $10000,REAR END,STATERD46E 3RDST,0,,2022-05-06 10:35:00,,,
BLOOMINGTON PD,B22-08870,MONROE,PERRY,BLOOMINGTON,2,,0,0,0,,W 2ND ST,,,,,W 2ND ST,S COLLEGE AVE,,,,Y,,0.0,,39.17710120495516,-86.5125530808283,LOCAL/CITY RD,,,,URBAN,N,N,N,,DAYLIGHT,CLEAR,DRY,,FOUR-WAY INTERSECTION,,ASPHALT,FOLLOWING TOO CLOSELY,$5001 TO $10000,REAR END,W 2NDSTSCOLLEGEAVE,0,,2022-03-16 18:00:00,,,
ELLETTSVILLE PD,E2202395,MONROE,RICHLAND,ELLETTSVILLE,1,0.0,0,0,0,4723,ST RD 46,HWY,,,,ST RD 46,,,,,Y,PRIVATE,,,39.13631057773171,-86.5487497622448,OTHER,,N,N,URBAN,N,N,N,,DAYLIGHT,CLEAR,DRY,,NO JUNCTION INVOLVED,STRAIGHT/LEVEL,ASPHALT,DRIVER ILLNESS,$25001 TO $50000,RAN OFF RD,STATERD46HWY,0,STOP SIGN,2022-06-27 15:28:00,,,
BLOOMINGTON PD,B22-13884,MONROE,BLOOMINGTON,BLOOMINGTON,2,0.0,0,0,0,,N LINCOLN,ST,,,,N LINCOLN,E 19TH,,,,Y,,,,39.16556,-86.52822,LOCAL/CITY RD,,N,Y,URBAN,N,N,N,,DAYLIGHT,CLEAR,DRY,,FOUR-WAY INTERSECTION,STRAIGHT/LEVEL,ASPHALT,UNSAFE LN MOVEMENT,UNDER $1001,SAME DIRECTION SIDESWIPE,E19THSTNLINCOLNST,0,STOP SIGN,2022-04-20 14:03:00,,,
MONROE SD,M22A7596,MONROE,SALT CREEK,BLOOMINGTON,1,,0,0,0,,E ST RD 46,,,,,E ST RD 46,N TRAILWAY DR,,,,N,,50.0,,39.15240152,-86.5629923,ST RD,,,,RURAL,N,N,N,,DARK (NOT LIGHTED),CLEAR,DRY,,NO JUNCTION INVOLVED,,ASPHALT,FAILURE TO MAINTAIN LN,$5001 TO $10000,RAN OFF RD,NTRAILWAYDREST RD 46,0,,2022-04-04 00:51:00,,,
BLOOMINGTON PD,B22-38831,MONROE,,BLOOMINGTON,4,,0,0,0,,3380 W RUNKLE WAY,,,,,W RUNKLE WAY,,,,,Y,,0.0,,39.17012462208522,-86.50141638455497,PRIVATE DR,,,,URBAN,N,N,N,,DARK (LIGHTED),CLEAR,DRY,,NO JUNCTION INVOLVED,,ASPHALT,OTHER (DRIVER) - EXPLAIN IN NARRATIVE,$5001 TO $10000,OTHER - EXPLAIN IN NARRATIVE,3380WRUNKLEWAY,0,,2022-09-24 22:45:00,3380.0,,
BLOOMINGTON PD,B22-23099,MONROE,VAN BUREN,BLOOMINGTON,3,,0,0,0,,S CURRY PK,,,,,S CURRY PK,W 3RD ST,,,,N,,0.0,,39.23371737121396,-86.62471205759338,LOCAL/CITY RD,,,,URBAN,N,N,N,,DAYLIGHT,CLEAR,DRY,,NO JUNCTION INVOLVED,,ASPHALT,FOLLOWING TOO CLOSELY,$1001 TO $2500,REAR END,W 3RDSTSCURRYPK,0,,2022-06-20 02:40:00,,,
BLOOMINGTON PD,B22-26822,MONROE,BLOOMINGTON,BLOOMINGTON,1,,1,0,0,,N WALNUT ST,,,,,N WALNUT ST,E 16TH ST,,,,Y,,0.0,,39.2332139,-86.54170084,LOCAL/CITY RD,,,,URBAN,N,N,Y,X-OVER/LN SHIFT,DARK (LIGHTED),CLOUDY,WET,,FOUR-WAY INTERSECTION,,ASPHALT,OTHER (DRIVER) - EXPLAIN IN NARRATIVE,$5001 TO $10000,RAN OFF RD,NWALNUTSTE16THST,0,,2022-07-14 00:10:00,,,
BLOOMINGTON PD,B22-24367,MONROE,BLOOMINGTON,BLOOMINGTON,2,,0,0,0,,N ILLINOIS ST,,,,,N ILLINOIS ST,W 12TH ST,,,,Y,,0.0,,39.17497083844712,-86.54808539987164,PRIVATE DR,,,,URBAN,N,N,N,,DARK (LIGHTED),CLEAR,DRY,,NO JUNCTION INVOLVED,,ASPHALT,OTHER (DRIVER) - EXPLAIN IN NARRATIVE,$2501 TO $5000,OTHER - EXPLAIN IN NARRATIVE,W12THSTNILLINOISST,0,,2022-06-27 23:30:00,,,
BLOOMINGTON PD,B22-37135,MONROE,BLOOMINGTON,BLOOMINGTON,2,,0,0,0,,ST RD 46,,,,,ST RD 46,E 3RD ST,,,,Y,,0.0,,39.164761957690295,-86.42899218579772,LOCAL/CITY RD,,,,URBAN,N,N,N,,DAYLIGHT,CLEAR,ICE,,FOUR-WAY INTERSECTION,,ASPHALT,FOLLOWING TOO CLOSELY,$2501 TO $5000,REAR END,STATERD46E 3RDST,0,,2022-09-14 16:58:00,,,
INDIANA UNIV BLOOMINGTON PD,221319,MONROE,BLOOMINGTON,BLOOMINGTON,2,,0,0,0,,E 10TH ST,,,,,E 10TH ST,ST RD 45,,,,Y,,0.0,,39.16131602020129,-86.5284547328811,ST RD,,,,URBAN,N,N,N,,DAYLIGHT,CLOUDY,DRY,,FOUR-WAY INTERSECTION,,ASPHALT,IMPROPER TURNING,$5001 TO $10000,LEFT TURN,STATERD45E 10THST,0,,2022-04-08 16:55:00,,,
BLOOMINGTON PD,B22-33900,MONROE,PERRY,BLOOMINGTON,2,,0,0,0,3482,E COVENANTER DR,,,,,E COVENANTER DR,,,,,Y,,0.0,,39.142993118263426,-86.53151498744354,,,,,URBAN,N,N,N,,DAWN/DUSK,CLOUDY,DRY,,NO JUNCTION INVOLVED,,ASPHALT,UNSAFE BACKING,$1001 TO $2500,BACKING CRASH,ECOVENANTERDR,0,,2022-08-27 06:40:00,,,
INDIANA UNIV BLOOMINGTON PD,220633,MONROE,BLOOMINGTON,BLOOMINGTON,1,,0,0,0,,N EAGLESON AVE,,,,,N EAGLESON AVE,N FISHER CT,,,,Y,,528.0,,39.167637788690065,-86.54970000429019,LOCAL/CITY RD,,,,URBAN,N,N,N,,DARK (NOT LIGHTED),SNOW,ICE,,T-INTERSECTION,,ASPHALT,RDWAY SURFACE CONDITION,$10001 TO $25000,RAN OFF RD,NEAGLESON AVEAVENFISHERCT,0,,2022-02-17 23:30:00,,,
MONROE SD,M22A2176,MONROE,POLK,BLOOMINGTON,1,,1,0,0,,ST RD 446,,,,,ST RD 446,,,,,N,,0.0,,39.16518947747514,-86.52065092385484,ST RD,,,,RURAL,N,N,N,,DAYLIGHT,CLEAR,SNOW/SLUSH,,NO JUNCTION INVOLVED,,ASPHALT,UNSAFE SPEED,$5001 TO $10000,RAN OFF RD,STATERD446,0,,2022-01-28 02:14:00,,,
MONROE SD,M22A8254,MONROE,VAN BUREN,BLOOMINGTON,2,,2,0,0,,S CURRY PK,,,,,S CURRY PK,W DOYLE AVE,,,,N,,0.0,,39.186274860714654,-86.53165742319825,,,,,RURAL,N,N,N,,DAYLIGHT,CLEAR,DRY,,FOUR-WAY INTERSECTION,,ASPHALT,IMPROPER TURNING,$10001 TO $25000,OPPOSITE DIRECTION SIDESWIPE,WDOYLEAVESCURRYPK,0,,2022-04-12 03:41:00,,,
BLOOMINGTON PD,B22-34332,MONROE,VAN BUREN,BLOOMINGTON,2,,0,0,0,,ST RD 45,,,,,ST RD 45,W BLOOMFIELD RD,,,,Y,,317.0,,39.13600617269649,-86.53828024852112,,,,,URBAN,N,Y,N,,DAYLIGHT,CLEAR,DRY,,FOUR-WAY INTERSECTION,,ASPHALT,FOLLOWING TOO CLOSELY,$2501 TO $5000,REAR END,WBLOOMFIELDRDSTATERD45,0,,2022-08-29 17:18:00,,,
BLOOMINGTON PD,B22-06661,MONROE,VAN BUREN,BLOOMINGTON,2,,0,0,0,,I-69 S RAMP,,,,,I-69 S RAMP,W 3RD ST,,,,Y,,0.0,,39.164548204438915,-86.57623481205239,LOCAL/CITY RD,,,,URBAN,N,N,N,,DAYLIGHT,CLEAR,DRY,,RAMP,,CONCRETE,FOLLOWING TOO CLOSELY,$2501 TO $5000,REAR END,W 3RDSTI-69SRAMP,0,,2022-02-28 09:00:00,,,
MONROE SD,M22A21085,MONROE,PERRY,BLOOMINGTON,2,,0,0,0,4025,S ST RD 37,,,,,S ST RD 37,,,,,N,,0.0,,39.19365505845274,-86.571421427068,PRIVATE DR,,,,URBAN,N,N,N,,DAYLIGHT,CLEAR,DRY,,NO JUNCTION INVOLVED,,ASPHALT,IMPROPER TURNING,$1001 TO $2500,REAR END,SOLDSTATERD37,0,,2022-08-28 11:32:00,,,
INDIANA UNIV BLOOMINGTON PD,222261,MONROE,BLOOMINGTON,BLOOMINGTON,1,,0,0,0,,N EAGLESON AVE,,,,,N EAGLESON AVE,E 7TH ST,,,,Y,,0.0,,39.17901661502701,-86.52708322053087,LOCAL/CITY RD,,,,URBAN,N,N,N,,DAYLIGHT,CLEAR,DRY,,FOUR-WAY INTERSECTION,,ASPHALT,OTHER (DRIVER) - EXPLAIN IN NARRATIVE,UNDER $1001,RIGHT TURN,NEAGLESON AVEAVEE7THST,0,,2022-06-27 14:00:00,,,
BLOOMINGTON PD,B22-04498,MONROE,PERRY,BLOOMINGTON,2,,1,0,0,,S WALNUT ST ,,,,,S WALNUT ST ,E RHORE RD,,,,Y,,0.0,,39.1642,-86.48122,LOCAL/CITY RD,,,,URBAN,N,N,N,,DAYLIGHT,CLOUDY,DRY,,NO JUNCTION INVOLVED,,ASPHALT,FAILURE TO MAINTAIN LN,$25001 TO $50000,HEAD ON BETWEEN TWO MOTOR VEHICLES,SWALNUTSTBLOOMINGTONINERHORERD,0,,2022-02-09 16:56:00,,,
MONROE SD,M22A4937,MONROE,RICHLAND,BLOOMINGTON,1,,0,0,0,,N THOMAS RD,,,,,N THOMAS RD,,,,,N,,0.0,,39.16422540508422,-86.49828617893115,LOCAL/CITY RD,,,,RURAL,N,N,N,,DAYLIGHT,CLEAR,DRY,,NO JUNCTION INVOLVED,,ASPHALT,DRIVER DISTRACTED - EXPLAIN IN NARRATIVE,$2501 TO $5000,RAN OFF RD,NTHOMASRD,0,,2022-03-02 10:08:00,,,
BLOOMINGTON PD,B22-09857,MONROE,BLOOMINGTON,BLOOMINGTON,3,,0,0,0,,S JEFFERSON ST,,,,,S JEFFERSON ST,E 3RD ST,,,,Y,,0.0,,39.16752254952281,-86.53360473117642,LOCAL/CITY RD,,,,URBAN,N,N,N,,DAYLIGHT,CLEAR,WET,,T-INTERSECTION,,ASPHALT,FOLLOWING TOO CLOSELY,$2501 TO $5000,REAR END,SJEFFERSONSTE 3RDST,0,,2022-03-23 15:20:00,,,
BLOOMINGTON PD,B22-31145,MONROE,PERRY,BLOOMINGTON,2,,0,0,0,,I-69 SB,,,,,I-69 SB,W BLOOMFIELD RD,,,,Y,,0.0,,39.168695748441564,-86.52321200965346,ST RD,,,,URBAN,N,N,N,,DARK (LIGHTED),CLOUDY,WET,,FIVE POINT OR MORE,,ASPHALT,FOLLOWING TOO CLOSELY,$2501 TO $5000,REAR END,WBLOOMFIELDRDI-69SB,0,,2022-08-11 18:06:00,,,
ISP BLOOMINGTON 33,2.022E+11,MONROE,BLOOMINGTON,BLOOMINGTON,1,,1,0,0,,I-69,,,,,I-69,,,,,N,,898.0,,-1.8365652204127772e-05,-1.0088656561724729e-05,INTERSTATE,,,,RURAL,N,N,N,,DAYLIGHT,RAIN,WET,,RAMP,,ASPHALT,TIRE FAILURE OR DEFECTIVE,$5001 TO $10000,RAN OFF RD,I-69,0,,2022-05-19 19:05:00,,,
MONROE SD,M22A23238,MONROE,RICHLAND,,2,,0,0,0,,N CURRY PK,,,,,N CURRY PK,W VERNAL PK,,,,N,,1000.0,,39.154193812535716,-86.53370592021604,,,,,URBAN,N,N,N,,DAYLIGHT,CLEAR,DRY,,NO JUNCTION INVOLVED,,ASPHALT,OTHER (DRIVER) - EXPLAIN IN NARRATIVE,$5001 TO $10000,REAR END,WVERNALPKNCURRYPK,0,,2022-09-21 14:25:00,,,
BLOOMINGTON PD,B22-42483,MONROE,BLOOMINGTON,BLOOMINGTON,2,,0,0,0,,E 17TH ST,,,,,E 17TH ST,N WASHINGTON ST,,,,Y,,0.0,,39.16515695106788,-86.53414988376777,LOCAL/CITY RD,,,,URBAN,N,N,N,,DAYLIGHT,CLEAR,DRY,,T-INTERSECTION,,ASPHALT,FOLLOWING TOO CLOSELY,$2501 TO $5000,REAR END,NWASHINGTONSTE17THST,0,,2022-10-14 12:07:00,,,
BLOOMINGTON PD,B22-19107,MONROE,PERRY,BLOOMINGTON,4,,1,0,0,,W BLOOMFIELD RD,,,,,W BLOOMFIELD RD,S WEIMER RD,,,,Y,,475.0,,,,LOCAL/CITY RD,,,,URBAN,N,N,N,,DAYLIGHT,CLEAR,DRY,,NO JUNCTION INVOLVED,,ASPHALT,DRIVER DISTRACTED - EXPLAIN IN NARRATIVE,$5001 TO $10000,REAR END,WBLOOMFIELDRDSWEIMERRD,0,,2022-05-24 01:46:00,,,
INDIANA UNIV BLOOMINGTON PD,221670,MONROE,BLOOMINGTON,BLOOMINGTON,2,,0,0,0,,ST RD 45,,,,,ST RD 45,DISCOVERY PKWY,,,,Y,,0.0,,39.15086,-86.56791,ST RD,,,,URBAN,N,N,N,,DAYLIGHT,CLEAR,DRY,,FOUR-WAY INTERSECTION,,ASPHALT,FOLLOWING TOO CLOSELY,$2501 TO $5000,REAR END,STATERD45DISCOVERYPKWY,0,,2022-04-28 17:09:00,,,
ELLETTSVILLE PD,E2201755,MONROE,RICHLAND,ELLETTSVILLE,2,0.0,0,0,0,,,,ST RD 46 W,,,ST RD 46 W,TEMPERANCE,,,,Y,,,,39.05397773824683,-86.59728751593356,ST RD,,N,N,URBAN,N,N,N,,DAYLIGHT,CLEAR,DRY,,TRAFFIC CIRCLE/ROUNDABOUT,CURVE/GRADE,ASPHALT,FOLLOWING TOO CLOSELY,$5001 TO $10000,REAR END,ST RD 46 WTEMPERANCEST,0,NONE,2022-05-10 16:35:00,,,
ELLETTSVILLE PD,E22-02664,MONROE,RICHLAND,ELLETTSVILLE,2,,0,0,0,,W TEMPERANCE ST,,,,,W TEMPERANCE ST,N FIFTH ST,,,,Y,,0.0,,39.15397278,-86.49618374,LOCAL/CITY RD,,,,URBAN,N,N,N,,DAYLIGHT,CLOUDY,WET,,T-INTERSECTION,,ASPHALT,FAILURE TO YIELD RIGHT OF WAY,$2501 TO $5000,SAME DIRECTION SIDESWIPE,WTEMPERANCESTNFIFTHST,0,,2022-07-17 11:42:00,,,
MONROE SD,M22A23353,MONROE,BLOOMINGTON,BLOOMINGTON,1,,0,0,0,,ST RD 46,,,,,ST RD 46,N CURRY PK,,,,N,,0.0,,39.16663144639665,-86.54527773091432,ST RD,,,,RURAL,N,Y,N,,DAYLIGHT,CLEAR,DRY,,FOUR-WAY INTERSECTION,,ASPHALT,DRIVER DISTRACTED - EXPLAIN IN NARRATIVE,$5001 TO $10000,OTHER - EXPLAIN IN NARRATIVE,ST RD46N.CURRYPK,0,,2022-09-22 17:33:00,,,
ISP BLOOMINGTON 33,2.022E+11,MONROE,INDIAN CREEK,BLOOMINGTON,1,,0,0,2,,I-69,,,,,I-69,,,107.0,,N,,739.0,,39.16657716805486,-86.53742612387815,INTERSTATE,,,,RURAL,N,N,N,,DAYLIGHT,CLEAR,DRY,,NO JUNCTION INVOLVED,,CONCRETE,ANIMAL/OBJECT IN RDWAY,$5001 TO $10000,COLLISION WITH DEER,I-69107,0,,2022-03-11 09:59:00,,,
BLOOMINGTON PD,B22-25151,MONROE,PERRY,BLOOMINGTON,2,,0,0,0,2385,S WINSLOW CT,,,,,S WINSLOW CT,,,,,Y,,0.0,,39.118873952799774,-86.5735093508712,PRIVATE DR,,,,URBAN,N,N,N,,DAYLIGHT,CLOUDY,DRY,,NO JUNCTION INVOLVED,,ASPHALT,UNSAFE BACKING,UNDER $1001,BACKING CRASH,SWINSLOWCT,0,,2022-07-03 19:45:00,,,
BLOOMINGTON PD,B22-31822,MONROE,PERRY,BLOOMINGTON,2,,0,0,0,,S WALNUT ST,,,,,S WALNUT ST,W HILLSIDE DR,,,,Y,,0.0,,39.16432778036546,-86.47211638987032,LOCAL/CITY RD,,,,URBAN,N,N,N,,DAYLIGHT,CLEAR,DRY,,FOUR-WAY INTERSECTION,,ASPHALT,UNSAFE LN MOVEMENT,$5001 TO $10000,SAME DIRECTION SIDESWIPE,WHILLSIDEDRSWALNUTST,0,,2022-08-16 11:23:00,,,
BLOOMINGTON PD,B22-07897,MONROE,PERRY,BLOOMINGTON,2,,1,0,0,,S WALNUT ST,,,,,S WALNUT ST,W GRIMES LN,,,,Y,,0.0,,39.161377525997686,-86.53500836087528,LOCAL/CITY RD,,,,URBAN,N,N,N,,DARK (LIGHTED),CLEAR,DRY,,FOUR-WAY INTERSECTION,,ASPHALT,FAILURE TO YIELD RIGHT OF WAY,$5001 TO $10000,RIGHT ANGLE,WGRIMESLNSWALNUTST,0,,2022-03-09 21:30:00,,,
BLOOMINGTON PD,B22-41135,MONROE,PERRY,BLOOMINGTON,1,,2,0,0,,S COLLEGE MALL RD,,,,,S COLLEGE MALL RD,E 3RD ST,,,,Y,,0.0,,39.21594912635823,-86.59543722574607,LOCAL/CITY RD,,,,URBAN,N,N,N,,DAYLIGHT,CLEAR,DRY,,FOUR-WAY INTERSECTION,,ASPHALT,OTHER (DRIVER) - EXPLAIN IN NARRATIVE,UNDER $1001,LEFT TURN,SCOLLEGEMALLRDE 3RDST,1,,2022-10-06 18:56:00,,True,
MONROE SD,M22A15698,MONROE,PERRY,,1,,0,0,1,,ST RD 446,,,,,ST RD 446,SWARTZ RIDGE RD,,,,N,,0.0,,39.18112,-86.53092,ST RD,,,,RURAL,N,Y,N,,DAYLIGHT,CLEAR,DRY,,NO JUNCTION INVOLVED,,ASPHALT,ANIMAL/OBJECT IN RDWAY,$1001 TO $2500,COLLISION WITH DEER,SWARTZRIDGERDSTATERD446,0,,2022-07-01 13:33:00,,,
BLOOMINGTON PD,B22-50361,MONROE,PERRY,BLOOMINGTON,2,,1,0,0,,ST RD 446,,,,,ST RD 446,E JANET DR,,,,Y,,0.0,,39.16481,-86.42899,LOCAL/CITY RD,,,,URBAN,N,N,N,,DAYLIGHT,CLEAR,DRY,,T-INTERSECTION,,CONCRETE,FAILURE TO YIELD RIGHT OF WAY,$10001 TO $25000,LEFT TURN,STATERD446EJANETDR,0,,2022-12-04 15:00:00,,,