Agency,Local Code,County,Township,City,Vehicles Involved,Trailers Involved,Number Injured,Number Dead,Number Deer,House Number,Roadway Name,Roadway Suffix,Roadway Number,Roadway Interchange,Roadway Ramp,Roadway Id,Intersecting Road,Intersecting Road Number,Mile Marker,Interchange,Corporate Limits?,Property Type,Feet From,Direction,Latitude,Longitude,Roadway Class,Traffic Control Devices?,Aggressive Driving?,Hit and Run?,Locality,School Zone?,Rumble Strips?,Construction?,Construction Type,Light Condition,Weather Conditions,Surface Condition,Type of Median,Roadway Junction Type,Road Character,Roadway Surface,Primary Factor,Damage Estimate,Manner of Collision,Unique Location Id,State Property Damage?,Traffic Control,DateTime,Address Number,Cyclist Involved,Pedestrian Involved
BLOOMINGTON PD,B22-53630,MONROE,PERRY,BLOOMINGTON,2,,0,0,0,,W BLOOMFIELD RD ENTRANCE NORTH,,,,,W BLOOMFIELD RD ENTRANCE NORTHBOUND &I-69-37,,,,,Y,,0.0,,-4.199492945726418e-05,-2.6962928466682396e-05,INTERSTATE,,,,URBAN,N,N,N,,DAYLIGHT,CLEAR,DRY,,INTERCHANGE,,ASPHALT,IMPROPER TURNING,$1001 TO $2500,SAME DIRECTION SIDESWIPE,WBLOOMFIELDRDENTRANCENORTHBOUND&I-69-37,0,,2022-12-28 11:38:00,,,
BLOOMINGTON PD,B22-43414,MONROE,PERRY,BLOOMINGTON,3,,0,0,0,,S COLLEGE MALL RD,,,,,S COLLEGE MALL RD,E BUICK CADILLAC BLVD,,,,Y,,0.0,,39.16458011576246,-86.5829752624736,LOCAL/CITY RD,,,,URBAN,N,N,N,,DAYLIGHT,CLEAR,DRY,,T-INTERSECTION,,ASPHALT,FAILURE TO YIELD RIGHT OF WAY,$5001 TO $10000,RIGHT ANGLE,SCOLLEGEMALLRDEBUICKCADILLACBLVD,0,,2022-10-19 19:23:00,,,
ISP BLOOMINGTON 33,2.02201E+11,MONROE,CLEAR CREEK,BLOOMINGTON,1,,0,0,1,,ST RD 37,,,,,ST RD 37,ZIKES RD,,,,N,,1000.0,,39.17774,-86.53351,ST RD,,,,RURAL,N,N,N,,DAYLIGHT,CLOUDY,DRY,,NO JUNCTION INVOLVED,,ASPHALT,ANIMAL/OBJECT IN RDWAY,$2501 TO $5000,COLLISION WITH DEER,ZIKESRDST RD 37,0,,2022-11-15 07:20:00,,,
MONROE SD,M22A27905,MONROE,CLEAR CREEK,BLOOMINGTON,1,,0,0,0,,S FAIRFAX RD,,,,,S FAIRFAX RD,E BERNICE DR,,,,N,,0.0,,39.1777237534263,-86.53355164821869,LOCAL/CITY RD,,,,RURAL,N,N,N,,DAYLIGHT,CLEAR,DRY,,NO JUNCTION INVOLVED,,ASPHALT,FAILURE TO MAINTAIN LN,$5001 TO $10000,RAN OFF RD,SFAIRFAXRDEBERNICEDR,0,,2022-11-13 14:40:00,,,
BLOOMINGTON PD,B22-44429,MONROE,BLOOMINGTON,BLOOMINGTON,2,,0,0,0,,N ST RD 46,,,,,N ST RD 46,N MONROE ST,,,,Y,,0.0,,39.174203838281315,-86.55139493025587,ST RD,,,,URBAN,N,N,N,,DAYLIGHT,RAIN,WET,,FOUR-WAY INTERSECTION,,ASPHALT,FAILURE TO YIELD RIGHT OF WAY,$2501 TO $5000,SAME DIRECTION SIDESWIPE,NST RD 46NMONROEST,0,,2022-10-25 15:08:00,,,
BLOOMINGTON PD,B22-48588,MONROE,BLOOMINGTON,BLOOMINGTON,1,,0,0,1,,ST RD 46,,,,,ST RD 46,W CASCADE AVE,,,,Y,,0.0,,39.16433,-86.47207,ST RD,,,,URBAN,N,Y,N,,DARK (NOT LIGHTED),CLEAR,DRY,,NO JUNCTION INVOLVED,,ASPHALT,ANIMAL/OBJECT IN RDWAY,$1001 TO $2500,COLLISION WITH DEER,WCASCADEAVESTATERD46,0,,2022-11-22 01:35:00,,,
BLOOMINGTON PD,B22-51959,MONROE,PERRY,BLOOMINGTON,2,,0,0,0,,S WASHINGTON ST,,,,,S WASHINGTON ST,E 1ST,,,,Y,,0.0,,39.17159240415277,-86.50219840681302,LOCAL/CITY RD,,,,URBAN,N,N,N,,DARK (NOT LIGHTED),RAIN,WET,,FOUR-WAY INTERSECTION,,ASPHALT,IMPROPER TURNING,$10001 TO $25000,RIGHT TURN,SWASHINGTONSTE1STST,0,,2022-12-14 08:57:00,,,
MONROE SD,M22A27921,MONROE,PERRY,BLOOMINGTON,1,,0,0,0,,,,69,I-69,1,69,,,,,N,,0.0,,39.150598035698806,-86.48939207269207,INTERSTATE,,,,RURAL,N,N,N,,DARK (LIGHTED),CLEAR,DRY,,INTERCHANGE,,ASPHALT,FAILURE TO MAINTAIN LN,$2501 TO $5000,RAN OFF RD,69,0,,2022-11-13 19:11:00,,,
INDIANA UNIV BLOOMINGTON PD,224675,MONROE,BLOOMINGTON,BLOOMINGTON,2,,0,0,0,,E 10TH ST,,,,,E 10TH ST,,,,,N,,0.0,,39.18373305962585,-86.5168937977761,PRIVATE DR,,,,URBAN,N,N,N,,DARK (LIGHTED),CLOUDY,WET,,NO JUNCTION INVOLVED,,ASPHALT,UNSAFE BACKING,$2501 TO $5000,BACKING CRASH,E 10THST,0,,2022-11-29 19:10:00,,,
BLOOMINGTON PD,B22-42997,MONROE,BLOOMINGTON,BLOOMINGTON,2,,0,0,0,,E 4TH ST,,,,,E 4TH ST,S WASHINGTON ST,,,,N,,0.0,,39.028272874999054,-86.40834942925055,LOCAL/CITY RD,,,,URBAN,N,N,N,,DAYLIGHT,CLEAR,DRY,,FOUR-WAY INTERSECTION,,ASPHALT,DISREGARD SIGNAL/REG SIGN,$2501 TO $5000,RIGHT ANGLE,SWASHINGTONSTE4THST,0,,2022-10-17 17:33:00,,,
INDIANA UNIV BLOOMINGTON PD,224793,MONROE,BLOOMINGTON,BLOOMINGTON,3,,1,0,0,,E 3RD ST,,,,,E 3RD ST,S FESS AVE,,,,Y,,0.0,,39.1580404265253,-86.5826713419428,LOCAL/CITY RD,,,,URBAN,N,N,N,,DARK (NOT LIGHTED),CLEAR,DRY,,NO JUNCTION INVOLVED,,ASPHALT,FOLLOWING TOO CLOSELY,$5001 TO $10000,REAR END,SFESSAVEE 3RDST,0,,2022-12-07 18:55:00,,,
MONROE SD,M22A31667,MONROE,CLEAR CREEK,HARRODSBURG,2,,0,0,0,,S ST RD 37,,,,,S ST RD 37,S HARRODSBURG RD,,,,N,,1000.0,,39.14739,-86.57323,COUNTY RD,,,,RURAL,N,N,N,,DARK (NOT LIGHTED),RAIN,WET,,NO JUNCTION INVOLVED,,ASPHALT,OTHER (DRIVER) - EXPLAIN IN NARRATIVE,$5001 TO $10000,REAR END,SOLDS ST RD 37HARRODSBURGRD,0,,2022-12-31 01:30:00,,,
BLOOMINGTON PD,B22-29285,MONROE,BLOOMINGTON,BLOOMINGTON,2,,1,0,0,,E 7TH ST,,,,,E 7TH ST,ST RD 46,,,,Y,,0.0,,39.16451403375749,-86.57329268034836,ST RD,,,,URBAN,N,N,N,,DAYLIGHT,CLEAR,DRY,,T-INTERSECTION,,ASPHALT,FAILURE TO YIELD RIGHT OF WAY,$10001 TO $25000,RIGHT ANGLE,STATERD46E7THST,0,,2022-07-30 20:35:00,,,
MONROE SD,M22A27569,MONROE,BLOOMINGTON,BLOOMINGTON,2,,0,0,0,,W ST RD 45,,,,,W ST RD 45,INDUSTRIAL BLVD,,,,Y,,0.0,,39.12135906323659,-86.53010006512663,PRIVATE DR,,,,URBAN,N,N,N,,DAYLIGHT,CLEAR,DRY,,NO JUNCTION INVOLVED,,ASPHALT,IMPROPER TURNING,$50001 TO $100000,LEFT TURN,WSTATERD45INDUSTRIALBLVD,0,,2022-11-09 17:35:00,,,
ELLETTSVILLE PD,E22-05416,MONROE,RICHLAND,ELLETTSVILLE,1,,0,0,0,,N LAKEVIEW DR,,,,,N LAKEVIEW DR,W ST RD 46,,,,N,,0.0,,39.168839241053696,-86.51618252655788,COUNTY RD,,,,URBAN,N,N,N,,DARK (NOT LIGHTED),BLOWING SAND/SOIL/SNOW,SNOW/SLUSH,,T-INTERSECTION,,ASPHALT,OVERCORRECTING/OVERSTEERING,$5001 TO $10000,RAN OFF RD,WSTATERD46NLAKEVIEWDR,0,,2022-12-25 18:35:00,,,
BLOOMINGTON PD,B22-43384,MONROE,PERRY,BLOOMINGTON,2,,0,0,0,,E RHORER RD,,,,,E RHORER RD,S DERBY DR.,,,,Y,,528.0,,39.12146,-86.53134,LOCAL/CITY RD,,,,URBAN,N,N,N,,DAYLIGHT,CLEAR,DRY,,FOUR-WAY INTERSECTION,,ASPHALT,FOLLOWING TOO CLOSELY,$2501 TO $5000,REAR END,S.DERBYDR.ERHORERRD,0,,2022-10-19 16:41:00,,,
BLOOMINGTON PD,B22-53409,MONROE,BLOOMINGTON,BLOOMINGTON,2,,0,0,0,,E 3RD ST,,,,,E 3RD ST,S PETE LLIS DR,,,,N,,0.0,,39.19457978707497,-86.63026693426822,LOCAL/CITY RD,,,,URBAN,N,N,N,,DARK (LIGHTED),CLEAR,DRY,,T-INTERSECTION,,ASPHALT,DISREGARD SIGNAL/REG SIGN,$2501 TO $5000,RIGHT TURN,SPETEELLISDRE 3RDST,0,,2022-12-25 21:40:00,,,
INDIANA UNIV BLOOMINGTON PD,224778,MONROE,BLOOMINGTON,BLOOMINGTON,2,,0,0,0,,E 17TH ST,,,,,E 17TH ST,N INDIANA AVE,,,,Y,,0.0,,39.16425100985898,-86.50710907096979,LOCAL/CITY RD,,,,URBAN,N,N,N,,DARK (LIGHTED),FOG/SMOKE/SMOG,WET,,T-INTERSECTION,,ASPHALT,FOLLOWING TOO CLOSELY,$10001 TO $25000,REAR END,NINDIANAAVEE17THST,0,,2022-12-06 22:57:00,,,
INDIANA UNIV BLOOMINGTON PD,224649,MONROE,BLOOMINGTON,BLOOMINGTON,2,,0,0,0,,N SUNRISE DR,,,,,N SUNRISE DR,,,,,Y,,0.0,,39.14738985207444,-86.57325725127632,PRIVATE DR,,,,URBAN,N,N,N,,DARK (LIGHTED),CLOUDY,WET,,NO JUNCTION INVOLVED,,ASPHALT,OTHER (DRIVER) - EXPLAIN IN NARRATIVE,$5001 TO $10000,SAME DIRECTION SIDESWIPE,NSUNRISEDR,0,,2022-11-27 21:57:00,,,
ELLETTSVILLE PD,E22-04883,MONROE,RICHLAND,ELLETTSVILLE,2,,0,0,0,,LOUDEN RD,,,,,LOUDEN RD,LOUDEN RD,,,,Y,,0.0,,39.23437933,-86.54153612,LOCAL/CITY RD,,,,URBAN,Y,N,N,,DARK (NOT LIGHTED),CLEAR,DRY,,FOUR-WAY INTERSECTION,,CONCRETE,OTHER (DRIVER) - EXPLAIN IN NARRATIVE,$5001 TO $10000,RIGHT ANGLE,LOUDENRDLOUDENRD,0,,2022-11-22 18:44:00,,,
ELLETTSVILLE PD,E22-04479,MONROE,RICHLAND,,1,,0,0,1,,ST RD 46,,,,,ST RD 46,,,,,N,,0.0,,39.179147180270604,-86.58308246849708,ST RD,,,,RURAL,N,N,N,,DARK (NOT LIGHTED),RAIN,WET,,NO JUNCTION INVOLVED,,ASPHALT,ANIMAL/OBJECT IN RDWAY,$5001 TO $10000,COLLISION WITH DEER,STATERD46,0,,2022-10-30 19:45:00,,,
BLOOMINGTON PD,B22-45460,MONROE,PERRY,BLOOMINGTON,2,,0,0,0,,W BLOOMFIELD RD,,,,,W BLOOMFIELD RD,W BLOOMFIELD RD,,,,Y,,0.0,,39.178926134990654,-86.5322678055926,,,,,URBAN,N,N,N,,DAYLIGHT,CLEAR,DRY,,FOUR-WAY INTERSECTION,,ASPHALT,IMPROPER TURNING,$5001 TO $10000,SAME DIRECTION SIDESWIPE,WBLOOMFIELDRDWBLOOMFIELDRD,0,,2022-10-31 10:35:00,,,
ISP BLOOMINGTON 33,2.02201E+11,MONROE,BEAN BLOSSOM,ELLETTSVILLE,2,,0,0,0,,ST RD 46,,,,,ST RD 46,W CHAFIN CHAPEL RD,,,,N,,0.0,,39.15423899471938,-86.56435675013478,ST RD,,,,RURAL,N,N,N,,DAYLIGHT,CLEAR,DRY,,T-INTERSECTION,,ASPHALT,OTHER (DRIVER) - EXPLAIN IN NARRATIVE,$1001 TO $2500,REAR END,WCHAFINCHAPELRDSTATERD46,0,,2022-11-11 01:50:00,,,
BLOOMINGTON PD,B22-15798,MONROE,BLOOMINGTON,BLOOMINGTON,2,,0,0,0,528,S COLLEGE AVE,,,,,S COLLEGE AVE,,,,,Y,,0.0,,39.17147961634229,-86.49541496127266,PRIVATE DR,,,,URBAN,N,N,N,,DAWN/DUSK,CLEAR,DRY,,NO JUNCTION INVOLVED,,ASPHALT,UNSAFE SPEED,UNDER $1001,REAR END,SCOLLEGEAVE,0,,2022-05-01 19:30:00,,,
BLOOMINGTON PD,B22-46734,MONROE,PERRY,BLOOMINGTON,1,,1,0,0,,W COUNTRY CLUB DR,,,,,W COUNTRY CLUB DR,S ROCKPORT RD,,,,Y,,0.0,,39.228457783213685,-86.61720094037423,ST RD,,,,URBAN,N,N,N,,DARK (NOT LIGHTED),CLEAR,DRY,,NO JUNCTION INVOLVED,,ASPHALT,OBSTRUCTION NOT MARKED,$2501 TO $5000,COLLISION WITH OBJECT IN RD,WCOUNTRYCLUBDRSROCKPORTRD,0,,2022-11-08 02:53:00,,,
MONROE SD,M22A28881,MONROE,SALT CREEK,,1,,0,0,0,,ST RD 46,,,,,ST RD 46,E CONARD DR,,,,N,,0.0,,39.23344,-86.6243,,,,,RURAL,N,N,N,,DAYLIGHT,CLEAR,DRY,,NO JUNCTION INVOLVED,,ASPHALT,TIRE FAILURE OR DEFECTIVE,$10001 TO $25000,RAN OFF RD,STATERD46ECONARDDR,0,,2022-11-25 01:00:00,,,
INDIANA UNIV BLOOMINGTON PD,224026,MONROE,BLOOMINGTON,BLOOMINGTON,2,,0,0,0,,E 17TH ST,,,,,E 17TH ST,N FEE LN,,,,Y,,0.0,,39.1936427798762,-86.57140098247496,LOCAL/CITY RD,,,,URBAN,N,N,N,,DARK (LIGHTED),CLEAR,DRY,,FOUR-WAY INTERSECTION,,ASPHALT,DISREGARD SIGNAL/REG SIGN,$5001 TO $10000,RIGHT ANGLE,NFEELNE17THST,0,,2022-10-20 00:45:00,,,
MONROE SD,M22A29419,MONROE,RICHLAND,BLOOMINGTON,1,,0,0,0,4609,W ARLINGTON RD,,,,,W ARLINGTON RD,,,,,N,,0.0,,39.071077235517514,-86.66436606746446,LOCAL/CITY RD,,,,RURAL,N,N,N,,DARK (NOT LIGHTED),CLEAR,DRY,,NO JUNCTION INVOLVED,,ASPHALT,DRIVER ASLEEP OR FATIGUED,UNDER $1001,RAN OFF RD,WARLINGTONRD,0,,2022-12-01 01:24:00,,,
BLOOMINGTON PD,B22-47424,MONROE,BLOOMINGTON,BLOOMINGTON,2,,0,0,0,,E JENNIFER DR,,,,,E JENNIFER DR,E JENNIFER CIR,,,,Y,,0.0,,39.1381233,-86.5239315,LOCAL/CITY RD,,,,URBAN,N,N,N,,DAYLIGHT,CLEAR,DRY,,T-INTERSECTION,,ASPHALT,IMPROPER TURNING,$2501 TO $5000,SAME DIRECTION SIDESWIPE,EJENNIFERDREJENNIFERCIR,0,,2022-11-13 10:50:00,,,
BLOOMINGTON PD,B22-45135,MONROE,PERRY,BLOOMINGTON,2,,0,0,0,,S ROSE AVE,,,,,S ROSE AVE,E 3RD ST,,,,Y,,0.0,,39.15050357565533,-86.53368173528175,LOCAL/CITY RD,,,,URBAN,N,N,N,,DARK (LIGHTED),CLEAR,DRY,,FOUR-WAY INTERSECTION,,ASPHALT,FAILURE TO YIELD RIGHT OF WAY,$1001 TO $2500,RIGHT ANGLE,SROSEAVEE 3RDST,0,,2022-10-29 03:19:00,,,
BLOOMINGTON PD,B22-51108,MONROE,BLOOMINGTON,BLOOMINGTON,2,,0,0,0,,W 17TH ST,,,,,W 17TH ST,N KINSER PK,,,,Y,,0.0,,39.15334276945332,-86.5337154441294,LOCAL/CITY RD,,,,URBAN,N,N,N,,DAYLIGHT,RAIN,WET,,FOUR-WAY INTERSECTION,,ASPHALT,FOLLOWING TOO CLOSELY,$2501 TO $5000,REAR END,W17THSTNKINSERPK,0,,2022-12-09 00:00:00,,,
BLOOMINGTON PD,B22-54049,MONROE,BLOOMINGTON,BLOOMINGTON,2,,0,0,0,,N WALNUT ST,,,,,N WALNUT ST,E SMITH AVE,,,,Y,,0.0,,39.16423,-86.49826,LOCAL/CITY RD,,,,URBAN,N,N,N,,DAYLIGHT,CLEAR,DRY,,T-INTERSECTION,,ASPHALT,FOLLOWING TOO CLOSELY,$2501 TO $5000,REAR END,NWALNUTSTESMITHAVE,0,,2022-12-31 15:43:00,,,
BLOOMINGTON PD,B22-51545,MONROE,PERRY,BLOOMINGTON,2,,0,0,0,2748,E 3RD ST,,,,,E 3RD ST,,,,,Y,,0.0,,39.129512975247124,-86.44698279568586,PRIVATE DR,,,,URBAN,N,N,N,,DARK (LIGHTED),CLOUDY,DRY,,NO JUNCTION INVOLVED,,ASPHALT,OTHER (DRIVER) - EXPLAIN IN NARRATIVE,UNDER $1001,BACKING CRASH,E 3RDST,0,,2022-12-05 22:00:00,,,
MONROE SD,M22A29312,MONROE,VAN BUREN,BLOOMINGTON,2,,0,0,0,,W FULLERTON PK,,,,,W FULLERTON PK,S SHARON DR,,,,N,,0.0,,39.16038,-86.47159,LOCAL/CITY RD,,,,URBAN,N,N,N,,DAWN/DUSK,CLEAR,DRY,,NO JUNCTION INVOLVED,,ASPHALT,LEFT OF CENTER,$1001 TO $2500,OPPOSITE DIRECTION SIDESWIPE,WFULLERTONPKSSHARONDR,0,,2022-11-30 07:16:00,,,
MONROE SD,M22A30618,MONROE,BENTON,BLOOMINGTON,2,,1,0,0,,E ST RD 45,,,,,E ST RD 45,BETHEL LN,,,,N,,0.0,,0.0,0.0,ST RD,,,,RURAL,N,N,N,,DARK (NOT LIGHTED),CLEAR,WET,,T-INTERSECTION,,ASPHALT,FAILURE TO YIELD RIGHT OF WAY,$5001 TO $10000,RIGHT ANGLE,ESTATERD45BETHELLN,0,,2022-12-15 21:36:00,,,
MONROE SD,M22A26589,MONROE,CLEAR CREEK,HARRODSBURG,1,,2,0,0,,S ST RD 37,,,,,S ST RD 37,,,,,N,,0.0,,39.15806301042691,-86.49791566610088,,,,,RURAL,N,N,N,,DAWN/DUSK,CLEAR,DRY,,NO JUNCTION INVOLVED,,ASPHALT,FAILURE TO MAINTAIN LN,$2501 TO $5000,RAN OFF RD,SOLDSTATERD37,0,,2022-10-29 21:08:00,,,
BLOOMINGTON PD,B22-46006,MONROE,PERRY,BLOOMINGTON,2,,0,0,0,,600 S WOODSCREST,,,,,S WOODSCREST,E 2ND ST,,,,Y,,1000.0,,39.0493268760249,-86.53634760631124,LOCAL/CITY RD,,,,URBAN,N,N,N,,DAYLIGHT,CLEAR,DRY,,NO JUNCTION INVOLVED,,ASPHALT,LEFT OF CENTER,$2501 TO $5000,OPPOSITE DIRECTION SIDESWIPE,E 2NDST600BLKS.WOODSCREST,0,,2022-11-03 11:57:00,600.0,,
BLOOMINGTON PD,B22-53091,MONROE,BLOOMINGTON,BLOOMINGTON,2,,0,0,0,,ST RD 46 W,,,,,ST RD 46 W,N COLLEGE AVE,,,,Y,,300.0,,39.068363297830665,-86.50316704734833,ST RD,,,,URBAN,N,N,N,,DAYLIGHT,RAIN,WET,,NO JUNCTION INVOLVED,,ASPHALT,FOLLOWING TOO CLOSELY,$10001 TO $25000,REAR END,STRD46 WNCOLLEGEAVE,0,,2022-12-22 09:45:00,,,
MONROE SD,M22A29603,MONROE,CLEAR CREEK,BLOOMINGTON,1,,1,0,0,,S ST RD 37,,,,,S ST RD 37,HARRODSBURG RD,,,,N,,686.0,,39.1867974475539,-86.5466835617143,ST RD,,,,RURAL,N,N,N,,DARK (NOT LIGHTED),RAIN,WET,,NO JUNCTION INVOLVED,,ASPHALT,ANIMAL/OBJECT IN RDWAY,$10001 TO $25000,RAN OFF RD,SOLDSTATERD37HARRODSBURGRD,0,,2022-12-02 23:16:00,,,
INDIANA UNIV BLOOMINGTON PD,224954,MONROE,BLOOMINGTON,BLOOMINGTON,2,,0,0,0,,E 17TH ST,,,,,E 17TH ST,,,,,N,,0.0,,39.18508321655995,-86.54340200163823,PRIVATE DR,,,,URBAN,N,N,N,,DAYLIGHT,CLOUDY,DRY,,NO JUNCTION INVOLVED,,ASPHALT,OTHER (DRIVER) - EXPLAIN IN NARRATIVE,$1001 TO $2500,OTHER - EXPLAIN IN NARRATIVE,E17THST,0,,2022-12-16 15:00:00,,,
MONROE SD,M22A29856,MONROE,PERRY,BLOOMINGTON,2,,0,0,0,,S FAIRFAX RD,,,,,S FAIRFAX RD,S WALNUT ST PK,,,,N,,0.0,,39.159297291148796,-86.53243247857313,COUNTY RD,,,,RURAL,N,Y,N,,DARK (NOT LIGHTED),FOG/SMOKE/SMOG,WET,,T-INTERSECTION,,ASPHALT,FAILURE TO YIELD RIGHT OF WAY,$5001 TO $10000,RIGHT ANGLE,SWALNUTSTPKSFAIRFAXRD,0,,2022-12-06 07:23:00,,,
INDIANA UNIV BLOOMINGTON PD,224072,MONROE,BLOOMINGTON,BLOOMINGTON,2,,0,0,0,,S WOODLAWN AVE,,,,,S WOODLAWN AVE,E HUNTER AVE,,,,Y,,0.0,,-3.0853885624445155e-05,-1.3215146466953002e-05,PRIVATE DR,,,,URBAN,N,N,N,,DARK (NOT LIGHTED),CLEAR,DRY,,NO JUNCTION INVOLVED,,ASPHALT,OTHER (DRIVER) - EXPLAIN IN NARRATIVE,$1001 TO $2500,SAME DIRECTION SIDESWIPE,SWOODLAWNAVEEHUNTERAVE,0,,2022-10-22 21:15:00,,,
BLOOMINGTON PD,B22-50134,MONROE,PERRY,BLOOMINGTON,2,,1,0,0,,W TAPP RD,,,,,W TAPP RD,S ADAMS ST,,,,Y,,0.0,,39.17163957216206,-86.50988966198628,LOCAL/CITY RD,,,,URBAN,N,N,N,,DARK (LIGHTED),RAIN,WET,,TRAFFIC CIRCLE/ROUNDABOUT,,ASPHALT,FAILURE TO YIELD RIGHT OF WAY,$2501 TO $5000,REAR END,WTAPPRDSADAMSST,0,,2022-12-02 23:00:00,,,
BLOOMINGTON PD,B22-51141,MONROE,PERRY,BLOOMINGTON,1,,0,0,0,,S ROCKPORT RD,,,,,S ROCKPORT RD,W COUNTRYSIDE LN,,,,Y,,0.0,,39.16553495988917,-86.53235398855158,LOCAL/CITY RD,,,,URBAN,N,N,N,,DAYLIGHT,RAIN,WET,,T-INTERSECTION,,ASPHALT,SPEED TOO FAST FOR WEATHER CONDITIONS,$1001 TO $2500,RAN OFF RD,W.COUNTRYSIDELNS.ROCKPORTRD,0,,2022-12-09 15:24:00,,,
BLOOMINGTON PD,B22-50190,MONROE,PERRY,BLOOMINGTON,2,,0,0,0,,W COUNTRY CLUB DR,,,,,W COUNTRY CLUB DR,S BANTA AVE,,,,Y,,300.0,,39.16427583294029,-86.52586503330215,LOCAL/CITY RD,,,,URBAN,N,N,N,,DAYLIGHT,CLEAR,DRY,,NO JUNCTION INVOLVED,,ASPHALT,FOLLOWING TOO CLOSELY,$2501 TO $5000,REAR END,WCOUNTRYCLUBDRSBANTAAVE,0,,2022-12-03 10:30:00,,,
BLOOMINGTON PD,B22-46710,MONROE,BLOOMINGTON,BLOOMINGTON,2,,0,0,0,,N BLAIR AVE,,,,,N BLAIR AVE,W 12TH CT,,,,Y,,211.0,,39.01987,-86.53636,LOCAL/CITY RD,,,,URBAN,N,N,N,,DARK (NOT LIGHTED),CLEAR,DRY,,NO JUNCTION INVOLVED,,ASPHALT,LEFT OF CENTER,$2501 TO $5000,SAME DIRECTION SIDESWIPE,W12THCTNBLAIRAVE,0,,2022-11-07 21:20:00,,,
MONROE SD,M22A28336,MONROE,BLOOMINGTON,BLOOMINGTON,3,,1,0,0,,W 3RD ST,,,,,W 3RD ST,S LIBERTY DR,,,,Y,,0.0,,39.167613174881204,-86.50006183859777,LOCAL/CITY RD,,,,RURAL,N,N,N,,DAYLIGHT,CLEAR,DRY,,FOUR-WAY INTERSECTION,,ASPHALT,FOLLOWING TOO CLOSELY,$5001 TO $10000,REAR END,W 3RDSTSLIBERTYDR,0,,2022-11-18 15:55:00,,,
BLOOMINGTON PD,B22-48434,MONROE,BLOOMINGTON,BLOOMINGTON,2,,0,0,0,,3RD ST,,,,,3RD ST,,,69.0,,Y,,0.0,,39.14354865233484,-86.58031238230114,LOCAL/CITY RD,,,,URBAN,N,N,N,,DAYLIGHT,CLEAR,DRY,,FOUR-WAY INTERSECTION,,CONCRETE,OTHER (DRIVER) - EXPLAIN IN NARRATIVE,$5001 TO $10000,SAME DIRECTION SIDESWIPE,3RDST,0,,2022-11-21 08:35:00,,,
MONROE SD,M22A27802,MONROE,WASHINGTON,BLOOMINGTON,1,,0,0,0,,CONNAUGHT RD,,,,,CONNAUGHT RD,N WALNUT ST,,,,N,,0.0,,39.221018832875885,-86.6053919976739,PRIVATE DR,,,,RURAL,N,N,N,,DARK (NOT LIGHTED),CLEAR,DRY,,NO JUNCTION INVOLVED,,ASPHALT,UNSAFE SPEED,$25001 TO $50000,RAN OFF RD,NWALNUTSTCONNAUGHTRD,0,,2022-11-12 03:45:00,,,
BLOOMINGTON PD,B22-46288,MONROE,PERRY,BLOOMINGTON,2,,0,0,0,,N WALNUT ST,,,,,N WALNUT ST,E 8TH ST,,,,Y,,158.0,,39.12144891028872,-86.52077319608239,ST RD,,,,URBAN,N,N,N,,DARK (LIGHTED),CLEAR,DRY,,NO JUNCTION INVOLVED,,ASPHALT,UNSAFE BACKING,UNDER $1001,BACKING CRASH,NWALNUTSTE8THST,0,,2022-11-04 23:30:00,,,
ELLETTSVILLE PD,E22-04623,MONROE,RICHLAND,ELLETTSVILLE,2,,0,0,0,,E TEMPERANCE ST,,,,,E TEMPERANCE ST,N HARTSTRAIT RD,,,,N,,0.0,,39.16417273540981,-86.49496658467353,LOCAL/CITY RD,,,,URBAN,N,N,N,,DAYLIGHT,CLEAR,DRY,,FOUR-WAY INTERSECTION,,ASPHALT,FAILURE TO YIELD RIGHT OF WAY,$2501 TO $5000,RIGHT ANGLE,NHARTSTRAITRDETEMPERANCEST,0,,2022-11-08 13:57:00,,,
INDIANA UNIV BLOOMINGTON PD,225008,MONROE,BLOOMINGTON,BLOOMINGTON,1,,0,0,0,1400,E 17TH ST,,,,,E 17TH ST,,,,,Y,,0.0,,39.178999198814495,-86.52706785579501,PRIVATE DR,,,,URBAN,N,N,N,,DAYLIGHT,CLOUDY,SNOW/SLUSH,,NO JUNCTION INVOLVED,,ASPHALT,UNSAFE BACKING,UNDER $1001,BACKING CRASH,E17THST,0,,2022-12-27 10:00:00,,,
BLOOMINGTON PD,B22-51792,MONROE,PERRY,BLOOMINGTON,1,,0,0,0,,E MOORES PK,,,,,E MOORES PK,ST RD 446,,,,Y,,0.0,,39.17049564658676,-86.51288433541674,LOCAL/CITY RD,,,,RURAL,N,N,N,,DARK (NOT LIGHTED),CLEAR,DRY,,NO JUNCTION INVOLVED,,ASPHALT,OTHER (VEHICLE) - EXPLAIN IN NARRATIVE,$5001 TO $10000,OTHER - EXPLAIN IN NARRATIVE,STATERD446EMOORESPK,0,,2022-12-13 22:50:00,,,
BLOOMINGTON PD,B22-52291,MONROE,RICHLAND,BLOOMINGTON,2,,0,0,0,,N GATES DR,,,,,N GATES DR,W RUNKLE WAY,,,,Y,,25.0,,39.209272733976874,-86.63981906992831,LOCAL/CITY RD,,,,URBAN,N,N,N,,DARK (LIGHTED),CLEAR,DRY,,NO JUNCTION INVOLVED,,ASPHALT,FAILURE TO YIELD RIGHT OF WAY,$5001 TO $10000,RIGHT ANGLE,WRUNKLEWAYNGATESDR,0,,2022-12-16 18:06:00,,,