Agency,Local Code,County,Township,City,Vehicles Involved,Trailers Involved,Number Injured,Number Dead,Number Deer,House Number,Roadway Name,Roadway Suffix,Roadway Number,Roadway Interchange,Roadway Ramp,Roadway Id,Intersecting Road,Intersecting Road Number,Mile Marker,Interchange,Corporate Limits?,Property Type,Feet From,Direction,Latitude,Longitude,Roadway Class,Traffic Control Devices?,Aggressive Driving?,Hit and Run?,Locality,School Zone?,Rumble Strips?,Construction?,Construction Type,Light Condition,Weather Conditions,Surface Condition,Type of Median,Roadway Junction Type,Road Character,Roadway Surface,Primary Factor,Damage Estimate,Manner of Collision,Unique Location Id,State Property Damage?,Traffic Control,DateTime,Address Number,Cyclist Involved,Pedestrian Involved
ELLETTSVILLE PD,E22-05052,MONROE,RICHLAND,ELLETTSVILLE,2,,3,0,0,,ST RD 46,,,,,ST RD 46,N LOVE LN,,,,Y,,0.0,,39.200676636176034,-86.57551713054487,ST RD,,,,URBAN,N,N,N,,DARK (LIGHTED),CLEAR,DRY,,NO JUNCTION INVOLVED,,ASPHALT,FAILURE TO YIELD RIGHT OF WAY,$25001 TO $50000,RIGHT ANGLE,STATERD46NLOVELN,0,,2022-12-03 17:45:00,,,
INDIANA UNIV BLOOMINGTON PD,224724,MONROE,BLOOMINGTON,BLOOMINGTON,1,,1,0,0,,S HAWTHORNE DR,,,,,S HAWTHORNE DR,E 3RD ST,,,,Y,,0.0,,39.14879194184208,-86.57059032210607,LOCAL/CITY RD,,,,URBAN,N,N,N,,DAYLIGHT,CLEAR,DRY,,FOUR-WAY INTERSECTION,,ASPHALT,FAILURE TO YIELD RIGHT OF WAY,$10001 TO $25000,RIGHT TURN,SHAWTHORNEDRE 3RDST,1,,2022-12-02 11:23:00,,True,
BLOOMINGTON PD,B22-50324,MONROE,BLOOMINGTON,BLOOMINGTON,1,,1,0,0,,I-69,,,,,I-69,,,,,Y,,0.0,,39.2596115368516,-86.65755158350899,INTERSTATE,,,,URBAN,N,Y,N,,DAYLIGHT,CLEAR,DRY,,RAMP,,ASPHALT,DRIVER ASLEEP OR FATIGUED,$2501 TO $5000,RAN OFF RD,I-69,0,,2022-12-04 07:55:00,,,
BLOOMINGTON PD,B22-50495,MONROE,BLOOMINGTON,BLOOMINGTON,2,,0,0,0,,S COLLEGE AVE,,,,,S COLLEGE AVE,W 1ST,,,,Y,,0.0,,39.16069041787191,-86.53564707902866,LOCAL/CITY RD,,,,URBAN,N,N,N,,DAYLIGHT,CLEAR,DRY,,FOUR-WAY INTERSECTION,,ASPHALT,FOLLOWING TOO CLOSELY,$1001 TO $2500,REAR END,W1STSTSCOLLEGEAVE,0,,2022-12-05 14:30:00,,,
ISP BLOOMINGTON 33,2.02201E+11,MONROE,WASHINGTON,BLOOMINGTON,1,,0,0,0,,I-69,,,,,I-69,,,129.5,,N,,0.0,,39.13634805601158,-86.54878755698196,INTERSTATE,,,,RURAL,N,N,N,,DAYLIGHT,SNOW,SNOW/SLUSH,,NO JUNCTION INVOLVED,,ASPHALT,FAILURE TO MAINTAIN LN,$5001 TO $10000,RAN OFF RD,I-69129.5,0,,2022-11-12 08:57:00,,,
BLOOMINGTON PD,B22-43795,MONROE,PERRY,BLOOMINGTON,2,,0,0,0,,E 3RD ST,,,,,E 3RD ST,ST RD 46,,,,Y,,0.0,,39.15176735487127,-86.38119351095212,LOCAL/CITY RD,,,,URBAN,N,N,N,,DAYLIGHT,CLEAR,DRY,,FOUR-WAY INTERSECTION,,ASPHALT,FAILURE TO YIELD RIGHT OF WAY,$1001 TO $2500,SAME DIRECTION SIDESWIPE,STATERD46E 3RDST,0,,2022-10-21 19:11:00,,,
BLOOMINGTON PD,B22-50101,MONROE,PERRY,BLOOMINGTON,2,,0,0,0,,S ADAMS ST,,,,,S ADAMS ST,W ALLEN ST,,,,Y,,0.0,,39.178976592880844,-86.51901113501097,LOCAL/CITY RD,,,,URBAN,N,N,N,,DARK (LIGHTED),RAIN,WET,,FOUR-WAY INTERSECTION,,ASPHALT,FAILURE TO YIELD RIGHT OF WAY,$1001 TO $2500,RIGHT ANGLE,WALLENSTSADAMSST,0,,2022-12-02 18:08:00,,,
MONROE SD,M22A27789,MONROE,PERRY,BLOOMINGTON,1,,0,0,1,,ST RD 37,,,,,ST RD 37,,,,,N,,0.0,,39.207804933518105,-86.57468419146532,ST RD,,,,RURAL,N,N,N,,DARK (NOT LIGHTED),CLEAR,DRY,,NO JUNCTION INVOLVED,,ASPHALT,ANIMAL/OBJECT IN RDWAY,$2501 TO $5000,COLLISION WITH DEER,STATERD37,0,,2022-11-11 23:16:00,,,
ISP INDIANAPOLIS 52,2.02201E+11,MONROE,BLOOMINGTON,BLOOMINGTON,1,,0,0,0,,W 3RD ST,,,,,W 3RD ST,I-69,,,,Y,,0.0,,39.127443629021734,-86.51987175099741,LOCAL/CITY RD,,,,URBAN,N,Y,N,,DARK (LIGHTED),CLEAR,DRY,,FOUR-WAY INTERSECTION,,ASPHALT,DRIVER ASLEEP OR FATIGUED,$10001 TO $25000,RAN OFF RD,W 3RDSTI-69,0,,2022-11-26 05:45:00,,,
BLOOMINGTON PD,B22-53347,MONROE,PERRY,BLOOMINGTON,2,,0,0,0,1919,S WALNUT ST,,,,,S WALNUT ST,,,,,Y,,0.0,,39.1642420260475,-86.51095786774178,PRIVATE DR,,,,URBAN,N,N,N,,DARK (LIGHTED),CLEAR,SNOW/SLUSH,,NO JUNCTION INVOLVED,,CONCRETE,UNSAFE BACKING,UNDER $1001,BACKING CRASH,SWALNUTST,0,,2022-12-24 21:11:00,,,
BLOOMINGTON PD,B22-44665,MONROE,BLOOMINGTON,BLOOMINGTON,2,,0,0,0,,N INDIANA AVE,,,,,N INDIANA AVE,E 10TH ST,,,,Y,,0.0,,39.16135385715468,-86.53872433004636,,,,,URBAN,N,N,N,,DARK (LIGHTED),CLEAR,DRY,,NO JUNCTION INVOLVED,,ASPHALT,UNSAFE BACKING,UNDER $1001,BACKING CRASH,NINDIANAAVEE 10THST,0,,2022-10-26 19:20:00,,,
BLOOMINGTON PD,B22-43634,MONROE,PERRY,BLOOMINGTON,2,,0,0,0,,S MULLER PKWY,,,,,S MULLER PKWY,S BASSWOOD DR,,,,Y,,0.0,,39.178995538000976,-86.53777129973538,LOCAL/CITY RD,,,,URBAN,N,N,N,,DARK (LIGHTED),CLEAR,DRY,,NO JUNCTION INVOLVED,,ASPHALT,UNSAFE BACKING,$1001 TO $2500,BACKING CRASH,SMULLERPKWYSBASSWOODDR,0,,2022-10-20 20:23:00,,,
ISP BLOOMINGTON 33,2.022E+11,MONROE,BLOOMINGTON,BLOOMINGTON,1,,1,0,0,,ST RD 46,,,,,ST RD 46,E MATLOCK RD,,,,N,,0.0,,39.162792484596785,-86.5336418025491,ST RD,,,,RURAL,N,N,N,,DARK (NOT LIGHTED),CLOUDY,DRY,,FOUR-WAY INTERSECTION,,ASPHALT,FAILURE TO YIELD RIGHT OF WAY,$2501 TO $5000,RIGHT ANGLE,STATERD46EMATLOCKRD,1,,2022-11-10 19:47:00,,True,
BLOOMINGTON PD,B22-51098,MONROE,VAN BUREN,BLOOMINGTON,2,,0,0,0,,W 3RD ST,,,,,W 3RD ST,S CURRY PK,,,,Y,,0.0,,39.1638100496268,-86.4965153580998,LOCAL/CITY RD,,,,URBAN,N,N,N,,DAYLIGHT,RAIN,WET,,FOUR-WAY INTERSECTION,,ASPHALT,FOLLOWING TOO CLOSELY,$2501 TO $5000,REAR END,W 3RDSTSCURRYPK,0,,2022-12-09 10:49:00,,,
MONROE SD,M22A28120,MONROE,INDIAN CREEK,BLOOMINGTON,1,,0,0,1,,I-69 S,,,,,I-69 S,,,107.0,,N,,0.0,,39.12264629222548,-86.57710851563687,INTERSTATE,,,,RURAL,N,Y,N,,DARK (NOT LIGHTED),CLEAR,DRY,,NO JUNCTION INVOLVED,,ASPHALT,ANIMAL/OBJECT IN RDWAY,$5001 TO $10000,COLLISION WITH DEER,SINTERSTATE69107,0,,2022-11-16 06:48:00,,,
BLOOMINGTON PD,B22-45468,MONROE,BLOOMINGTON,BLOOMINGTON,2,,0,0,0,,N COLLEGE AVE,,,,,N COLLEGE AVE,W 9TH ST,,,,Y,,500.0,,39.21009855571721,-86.46325520581475,LOCAL/CITY RD,,,,URBAN,N,N,N,,DARK (LIGHTED),RAIN,WET,,NO JUNCTION INVOLVED,,ASPHALT,UNSAFE LN MOVEMENT,$2501 TO $5000,SAME DIRECTION SIDESWIPE,W.9THSTN.COLLEGEAVE,0,,2022-10-31 00:10:00,,,
MONROE SD,M22A26200,MONROE,RICHLAND,BLOOMINGTON,2,,0,0,0,,N CURRY PK,,,,,N CURRY PK,W WOODYARD,,,,N,,0.0,,39.029868135315446,-86.54212587355623,LOCAL/CITY RD,,,,RURAL,N,N,N,,DAYLIGHT,CLOUDY,DRY,,TRAFFIC CIRCLE/ROUNDABOUT,,ASPHALT,FAILURE TO YIELD RIGHT OF WAY,$2501 TO $5000,SAME DIRECTION SIDESWIPE,WWOODYARDRDNCURRYPK,0,,2022-10-25 12:10:00,,,
MONROE SD,M22A26551,MONROE,RICHLAND,BLOOMINGTON,1,,0,0,1,,N HARTSTRAIT RD,,,,,N HARTSTRAIT RD,W RATLIFF RD,,,,N,,0.0,,39.16089188680377,-86.50248053751913,LOCAL/CITY RD,,,,URBAN,N,N,N,,DAWN/DUSK,CLEAR,DRY,,NO JUNCTION INVOLVED,,ASPHALT,ANIMAL/OBJECT IN RDWAY,$5001 TO $10000,COLLISION WITH DEER,WRATLIFFRDNHARTSTRAITRD,0,,2022-10-29 07:50:00,,,
MONROE SD,M22A31708,MONROE,RICHLAND,BLOOMINGTON,2,,0,0,0,,W BROOKWOOD CT,,,,,W BROOKWOOD CT,N BROOKWOOD DR,,,,Y,,0.0,,39.18637,-86.53453,PRIVATE DR,,,,URBAN,N,N,N,,UNKNOWN,CLOUDY,DRY,,NO JUNCTION INVOLVED,,ASPHALT,DRIVER DISTRACTED - EXPLAIN IN NARRATIVE,$1001 TO $2500,BACKING CRASH,WBROOKWOODCTNBROOKWOODDR,0,,2022-12-31 15:01:00,,,
BLOOMINGTON PD,B22-46633,MONROE,BLOOMINGTON,BLOOMINGTON,2,,0,0,0,3333,E 3RD ST,,,,,E 3RD ST,,,,,Y,,0.0,,39.01986811747877,-86.53637922512088,PRIVATE DR,,,,URBAN,N,N,N,,DAYLIGHT,CLEAR,DRY,,NO JUNCTION INVOLVED,,ASPHALT,DRIVER ASLEEP OR FATIGUED,$10001 TO $25000,RAN OFF RD,E 3RDST,0,,2022-11-07 11:59:00,,,
MONROE SD,M22A26320,MONROE,PERRY,BLOOMINGTON,2,,0,0,0,,S ROGERS ST,,,,,S ROGERS ST,W THAT RD,,,,N,,0.0,,39.17918024683353,-86.52217310110255,COUNTY RD,,,,RURAL,N,N,N,,DAYLIGHT,CLEAR,DRY,,NO JUNCTION INVOLVED,,ASPHALT,UNSAFE BACKING,$5001 TO $10000,REAR TO REAR,WTHATRDSROGERSST,0,,2022-10-26 04:04:00,,,
ELLETTSVILLE PD,E22-05297,MONROE,RICHLAND,ELLETTSVILLE,2,,0,0,0,4444,IN ST RD 46 W,,,,,IN ST RD 46 W,,,,,Y,,0.0,,39.107151432129555,-86.52651817515125,PRIVATE DR,,,,URBAN,N,N,N,,DARK (LIGHTED),CLEAR,DRY,,NO JUNCTION INVOLVED,,ASPHALT,UNSAFE BACKING,$2501 TO $5000,BACKING CRASH,INST RD 46 W,0,,2022-12-17 18:09:00,,,
BLOOMINGTON PD,B22-45569,MONROE,BLOOMINGTON,BLOOMINGTON,2,,0,0,0,,E ATWATER AVE,,,,,E ATWATER AVE,S CLIFTON AVE,,,,Y,,0.0,,39.16217110287407,-86.5226279396273,LOCAL/CITY RD,,,,URBAN,N,N,N,,UNKNOWN,CLOUDY,DRY,,FOUR-WAY INTERSECTION,,ASPHALT,FOLLOWING TOO CLOSELY,$25001 TO $50000,REAR END,SCLIFTONAVEEATWATERAVE,0,,2022-10-31 22:00:00,,,
BLOOMINGTON PD,B22-51013,MONROE,BLOOMINGTON,BLOOMINGTON,2,,0,0,0,,W 17TH ST,,,,,W 17TH ST,N WILLIS DR,,,,Y,,0.0,,39.1365484197255,-86.55443285668619,LOCAL/CITY RD,,,,URBAN,N,N,Y,X-OVER/LN SHIFT,DARK (LIGHTED),RAIN,WET,,NO JUNCTION INVOLVED,,ASPHALT,FOLLOWING TOO CLOSELY,$5001 TO $10000,REAR END,W17THSTNWILLISDR,0,,2022-12-08 17:42:00,,,
MONROE SD,M22A28751,MONROE,RICHLAND,BLOOMINGTON,2,,0,0,0,,W WOODYARD,,,,,W WOODYARD,N CURRY PK,,,,N,,0.0,,39.1433800747373,-86.541812832712,LOCAL/CITY RD,,,,URBAN,N,N,N,,DAYLIGHT,CLEAR,DRY,,TRAFFIC CIRCLE/ROUNDABOUT,,ASPHALT,UNSAFE LN MOVEMENT,$10001 TO $25000,SAME DIRECTION SIDESWIPE,WWOODYARDRDNCURRYPK,0,,2022-11-23 11:39:00,,,
INDIANA UNIV BLOOMINGTON PD,224913,MONROE,BLOOMINGTON,BLOOMINGTON,2,,0,0,0,,ST RD 45,,,,,ST RD 45,WALKWAY,,,,N,,0.0,,39.13620022025549,-86.54484379433575,ST RD,,,,URBAN,N,N,N,,DAYLIGHT,CLOUDY,WET,,NO JUNCTION INVOLVED,,ASPHALT,FOLLOWING TOO CLOSELY,$10001 TO $25000,REAR END,WALKWAYSTATERD45,0,,2022-12-14 11:53:00,,,
MONROE SD,M22A28029,MONROE,PERRY,BLOOMINGTON,1,,0,0,0,,W OLD CAPITOL PK,,,,,W OLD CAPITOL PK,W OLD CAPITOL PK,,,,N,,0.0,,39.17412300226644,-86.54385817097767,PRIVATE DR,,,,RURAL,N,N,N,,DAWN/DUSK,CLEAR,DRY,,NO JUNCTION INVOLVED,,ASPHALT,IMPROPER TURNING,$2501 TO $5000,SAME DIRECTION SIDESWIPE,WOLDCAPITOLPKWOLDCAPITOLPK,0,,2022-11-15 07:33:00,,,
BLOOMINGTON PD,B22-45464,MONROE,BLOOMINGTON,BLOOMINGTON,2,,1,0,0,,N WALNUT ST,,,,,N WALNUT ST,E 14TH ST,,,,Y,,0.0,,39.1645768930715,-86.57913564994232,LOCAL/CITY RD,,,,URBAN,N,N,N,,DAYLIGHT,RAIN,WET,,FOUR-WAY INTERSECTION,,ASPHALT,UNSAFE LN MOVEMENT,UNDER $1001,LEFT TURN,NWALNUTSTE14THST,0,,2022-10-31 11:08:00,,True,
MONROE SD,M22A25558,MONROE,VAN BUREN,BLOOMINGTON,2,,0,1,1,,S LODGE RD,,,,,S LODGE RD,S LODGE RD,,69.0,,N,,53.0,,-4.891546728086811e-05,-4.935970572265385e-05,INTERSTATE,,,,RURAL,N,Y,N,,DARK (NOT LIGHTED),CLEAR,DRY,,NO JUNCTION INVOLVED,,ASPHALT,ANIMAL/OBJECT IN RDWAY,$50001 TO $100000,COLLISION WITH DEER,SLODGERDSLODGERD,0,,2022-10-18 06:05:00,,,
BLOOMINGTON PD,B22-48122,MONROE,PERRY,BLOOMINGTON,2,,0,0,0,2520,S ROCKPORT RD,,,,,S ROCKPORT RD,,,,,Y,,0.0,,39.244560050604065,-86.53376042130695,PRIVATE DR,,,,URBAN,N,N,N,,DAYLIGHT,CLEAR,DRY,,NO JUNCTION INVOLVED,,ASPHALT,UNSAFE BACKING,$1001 TO $2500,BACKING CRASH,SROCKPORTRD,0,,2022-11-18 16:14:00,,,
BLOOMINGTON PD,B22-48341,MONROE,BLOOMINGTON,BLOOMINGTON,2,,0,0,0,,E 3RD ST,,,,,E 3RD ST,S COLLEGE MALL RD,,,,Y,,0.0,,39.1694274147901,-86.53359265411098,LOCAL/CITY RD,,,,URBAN,N,N,N,,DAYLIGHT,CLEAR,DRY,,FOUR-WAY INTERSECTION,,ASPHALT,DISREGARD SIGNAL/REG SIGN,$5001 TO $10000,RIGHT ANGLE,SCOLLEGEMALLRDE 3RDST,0,,2022-11-20 13:53:00,,,
BLOOMINGTON PD,B22-19428,MONROE,PERRY,BLOOMINGTON,2,,0,0,0,,W ST RD 45,,,,,W ST RD 45,,,,,Y,,0.0,,39.227609565889786,-86.61593895835098,,,,,URBAN,N,N,N,,UNKNOWN,CLEAR,DRY,,NO JUNCTION INVOLVED,,ASPHALT,OTHER (DRIVER) - EXPLAIN IN NARRATIVE,UNDER $1001,BACKING CRASH,WSTATERD45,0,,2022-05-25 00:00:00,,,
BLOOMINGTON PD,B22-47971,MONROE,BLOOMINGTON,BLOOMINGTON,2,,0,0,0,,N MADISON ST,,,,,N MADISON ST,W 14TH ST,,,,Y,,0.0,,39.17860002331334,-86.51538060645795,LOCAL/CITY RD,,,,URBAN,N,N,N,,DAYLIGHT,CLEAR,DRY,,RAMP,,ASPHALT,FAILURE TO YIELD RIGHT OF WAY,$2501 TO $5000,RIGHT ANGLE,W14THSTNMADISONST,0,,2022-11-17 14:51:00,,,
MONROE SD,M22A28436,MONROE,BLOOMINGTON,BLOOMINGTON,1,,0,0,1,,I-69,,,,,I-69,,,,,Y,,898.0,,39.15031888494848,-86.47139432875638,ST RD,,,,URBAN,N,N,N,,DARK (NOT LIGHTED),CLEAR,DRY,,NO JUNCTION INVOLVED,,ASPHALT,ANIMAL/OBJECT IN RDWAY,$2501 TO $5000,COLLISION WITH DEER,I-69,0,,2022-11-20 20:40:00,,,
BLOOMINGTON PD,B22-51102,MONROE,BLOOMINGTON,BLOOMINGTON,2,,0,0,0,256,N JACOB DR,,,,,N JACOB DR,,,,,Y,,0.0,,39.16634252702124,-86.5760329324431,PRIVATE DR,,,,URBAN,N,N,N,,DAYLIGHT,RAIN,WET,,NO JUNCTION INVOLVED,,ASPHALT,UNSAFE BACKING,$2501 TO $5000,BACKING CRASH,NJACOBDR,0,,2022-12-09 01:00:00,,,
BLOOMINGTON PD,B22-45745,MONROE,PERRY,BLOOMINGTON,2,,0,0,0,,E BUICK CADILLAC BLVD,,,,,E BUICK CADILLAC BLVD,S CLARIZZ BLVD,,,,Y,,0.0,,39.22003045795814,-86.60374826826286,LOCAL/CITY RD,,,,URBAN,N,N,N,,DARK (NOT LIGHTED),CLEAR,DRY,,T-INTERSECTION,,ASPHALT,IMPROPER TURNING,$2501 TO $5000,HEAD ON BETWEEN TWO MOTOR VEHICLES,SCLARIZZBLVDEBUICKCADILLACBLVD,0,,2022-11-01 20:05:00,,,
BLOOMINGTON PD,B22-48905,MONROE,BLOOMINGTON,BLOOMINGTON,2,,0,0,0,,W FOUNTAIN DR,,,,,W FOUNTAIN DR,W GRAY ST,,,,Y,,0.0,,39.16425,-86.52008,,,,,URBAN,N,N,N,,DARK (NOT LIGHTED),CLEAR,DRY,,T-INTERSECTION,,ASPHALT,FAILURE TO YIELD RIGHT OF WAY,$1001 TO $2500,RIGHT ANGLE,WGRAYSTWFOUNTAINDR,0,,2022-11-23 21:05:00,,,
MONROE SD,M22A27667,MONROE,WASHINGTON,BLOOMINGTON,2,,0,0,0,,N CROSSOVER RD,,,,,N CROSSOVER RD,W DITTEMORE RD,,,,N,,0.0,,39.18557403,-86.55682273,PRIVATE DR,,,,RURAL,N,N,N,,DAYLIGHT,CLEAR,DRY,,NO JUNCTION INVOLVED,,ASPHALT,DRIVER DISTRACTED - EXPLAIN IN NARRATIVE,$10001 TO $25000,RAN OFF RD,WDITTEMORERDNCROSSOVERRD,0,,2022-11-10 14:48:00,,,
BLOOMINGTON PD,B22-49005,MONROE,PERRY,BLOOMINGTON,2,,0,0,0,,E 1ST,,,,,E 1ST,S FESS AVE,,,,Y,,0.0,,39.159362389495335,-86.5350514900472,,,,,URBAN,N,N,N,,DAYLIGHT,CLEAR,WET,,FOUR-WAY INTERSECTION,,ASPHALT,FAILURE TO YIELD RIGHT OF WAY,$5001 TO $10000,RIGHT ANGLE,SFESSAVEE1STST,0,,2022-11-25 10:50:00,,,
BLOOMINGTON PD,B22-51591,MONROE,PERRY,BLOOMINGTON,2,,0,0,0,,S COLLEGE MALL RD,,,,,S COLLEGE MALL RD,E COVENANTER DR,,,,Y,,1056.0,,39.32132682135084,-86.51123512560514,LOCAL/CITY RD,,,,URBAN,N,N,N,,DARK (LIGHTED),CLEAR,DRY,,NO JUNCTION INVOLVED,,ASPHALT,FOLLOWING TOO CLOSELY,$25001 TO $50000,REAR END,SCOLLEGEMALLRDECOVENANTERDR,0,,2022-12-12 17:46:00,,,
INDIANA UNIV BLOOMINGTON PD,224455,MONROE,BLOOMINGTON,BLOOMINGTON,2,,0,0,0,,ST RD 46,,,,,ST RD 46,E 10TH ST,,,,Y,,422.0,,39.16419517069803,-86.49828647427493,ST RD,,,,URBAN,N,N,N,,DARK (LIGHTED),CLEAR,DRY,,RAILRD CROSSINGS,,ASPHALT,FOLLOWING TOO CLOSELY,$5001 TO $10000,REAR END,STATERD46E 10THST,0,,2022-11-11 21:48:00,,,
INDIANA UNIV BLOOMINGTON PD,224936,MONROE,BLOOMINGTON,BLOOMINGTON,1,,0,0,0,,E 10TH ST,,,,,E 10TH ST,N CAMPBELL ST,,,,Y,,0.0,,39.15580351770034,-86.55056764398392,LOCAL/CITY RD,,,,URBAN,N,N,N,,DAYLIGHT,CLOUDY,DRY,,NO JUNCTION INVOLVED,,ASPHALT,UNSAFE SPEED,$5001 TO $10000,RAN OFF RD,NCAMPBELLSTE 10THST,0,,2022-12-15 15:45:00,,,
MONROE SD,M22A30861,MONROE,RICHLAND,BLOOMINGTON,2,,1,0,0,,W VERNAL PK,,,,,W VERNAL PK,,,,,N,,0.0,,39.0893836606699,-86.5455203307622,LOCAL/CITY RD,,,,RURAL,N,N,N,,DAYLIGHT,CLEAR,DRY,,NO JUNCTION INVOLVED,,ASPHALT,FOLLOWING TOO CLOSELY,$5001 TO $10000,REAR END,WVERNALPK,0,,2022-12-19 10:25:00,,,
BLOOMINGTON PD,B22-47852,MONROE,BLOOMINGTON,BLOOMINGTON,2,,0,0,0,,N COLLEGE AVE,,,,,N COLLEGE AVE,W 8TH ST,,,,Y,,0.0,,39.16451856704414,-86.57329853019478,LOCAL/CITY RD,,,,URBAN,N,N,N,,DARK (LIGHTED),CLEAR,DRY,,FOUR-WAY INTERSECTION,,ASPHALT,FAILURE TO YIELD RIGHT OF WAY,$2501 TO $5000,SAME DIRECTION SIDESWIPE,W8THSTNCOLLEGEAVE,0,,2022-11-16 17:03:00,,,
BLOOMINGTON PD,B22-53050,MONROE,VAN BUREN,BLOOMINGTON,2,,0,0,0,,"3205 W, ST RD 45",,,,,"W, ST RD 45",,,,,Y,,0.0,,39.148127695417735,-86.53263626481184,PRIVATE DR,,,,URBAN,N,N,N,,DAWN/DUSK,CLOUDY,DRY,,NO JUNCTION INVOLVED,,ASPHALT,IMPROPER PASSING,$1001 TO $2500,SAME DIRECTION SIDESWIPE,"3205W,ST RD 45",0,,2022-12-21 17:10:00,3205.0,,
BLOOMINGTON PD,B22-50491,MONROE,BLOOMINGTON,BLOOMINGTON,2,,1,0,0,,ST RD 45/46 BYPASS,,,,,ST RD 45/46 BYPASS,N KINSER PK,,,,Y,,0.0,,39.17164068240978,-86.52700368969977,ST RD,,,,URBAN,N,N,N,,DAYLIGHT,CLOUDY,DRY,,FOUR-WAY INTERSECTION,,ASPHALT,FAILURE TO YIELD RIGHT OF WAY,$50001 TO $100000,RIGHT ANGLE,STATERD45/46BYPASSNKINSERPK,0,,2022-12-05 14:14:00,,,
BLOOMINGTON PD,B22-46180,MONROE,BLOOMINGTON,BLOOMINGTON,2,,1,0,0,,E HILLSIDE DR,,,,,E HILLSIDE DR,S WOODLAWN AVE,,,,Y,,0.0,,39.1585590499704,-86.56792356526773,LOCAL/CITY RD,,,,URBAN,N,N,N,,DAYLIGHT,CLEAR,DRY,,T-INTERSECTION,,ASPHALT,FAILURE TO YIELD RIGHT OF WAY,$1001 TO $2500,LEFT TURN,SWOODLAWNAVEEHILLSIDEDR,0,,2022-11-04 13:50:00,,,
MONROE SD,M22A29812,MONROE,RICHLAND,BLOOMINGTON,2,,0,0,0,,ST RD 46,,,,,ST RD 46,N SISCOE LN,,,,N,,1003.0,,39.18625039645341,-86.53321210178355,ST RD,,,,RURAL,N,N,N,,DAYLIGHT,CLEAR,DRY,,NO JUNCTION INVOLVED,,ASPHALT,FOLLOWING TOO CLOSELY,$5001 TO $10000,REAR END,STATERD46NSISCOELN,0,,2022-12-05 15:35:00,,,
BLOOMINGTON PD,B22-01162,MONROE,PERRY,BLOOMINGTON,2,,0,0,0,2966,E 3RD ST,,,,,E 3RD ST,,,,,Y,,0.0,,39.164594758554955,-86.58295138938327,LOCAL/CITY RD,,,,URBAN,N,N,N,,DAYLIGHT,CLEAR,DRY,,NO JUNCTION INVOLVED,,ASPHALT,UNSAFE SPEED,$1001 TO $2500,RIGHT TURN,E 3RDST,0,,2022-01-11 14:00:00,,,
BLOOMINGTON PD,B22-01814,MONROE,BLOOMINGTON,BLOOMINGTON,2,,0,0,0,,S FESS AVE,,,,,S FESS AVE,E 1ST,,,,Y,,0.0,,39.070517087902964,-86.66630580031436,LOCAL/CITY RD,,,,URBAN,N,N,N,,DAYLIGHT,CLOUDY,WET,,NO JUNCTION INVOLVED,,ASPHALT,UNSAFE BACKING,UNDER $1001,BACKING CRASH,SFESSAVEE1STST,0,,2022-01-17 02:37:00,,,
MONROE SD,M22A785,MONROE,RICHLAND,BLOOMINGTON,1,0.0,0,0,1,,W VERNAL,PK,,,,W VERNAL,N HARTSTRAIT,,,,N,,300.0,W,39.17045,-86.53485,COUNTY RD,,N,N,RURAL,N,N,N,,DAYLIGHT,CLEAR,DRY,,FOUR-WAY INTERSECTION,STRAIGHT/LEVEL,ASPHALT,ANIMAL/OBJECT IN RDWAY,$2501 TO $5000,COLLISION WITH DEER,NHARTSTRAITRDWVERNALPK,0,NONE,2022-01-11 09:18:00,,,
MONROE SD,M22A1235,MONROE,CLEAR CREEK,BLOOMINGTON,1,,0,0,0,,S ST RD 37,,,,,S ST RD 37,W ZIKES RD,,,,N,,0.0,,39.19026,-86.58252,COUNTY RD,,,,RURAL,N,N,N,,DAYLIGHT,CLOUDY,ICE,,NO JUNCTION INVOLVED,,ASPHALT,RDWAY SURFACE CONDITION,$5001 TO $10000,RAN OFF RD,WESTZIKESRDSOUTHOLDSTATERD37,0,,2022-01-17 09:52:00,,,
BLOOMINGTON PD,B22-02402,MONROE,PERRY,BLOOMINGTON,2,,2,0,0,,S ROGERS ST,,,,,S ROGERS ST,W COUNTRY CLUB DR,,,,Y,,0.0,,39.20906327777164,-86.61138605717024,,,,,RURAL,N,N,N,,DAWN/DUSK,CLEAR,DRY,,FOUR-WAY INTERSECTION,,ASPHALT,FAILURE TO YIELD RIGHT OF WAY,$10001 TO $25000,RIGHT ANGLE,WCOUNTRYCLUBDRSROGERSST,0,,2022-01-22 05:40:00,,,
BLOOMINGTON PD,B22-00053,MONROE,PERRY,BLOOMINGTON,1,,0,0,0,,W KIRWOOD AVE,,,,,W KIRWOOD AVE,S MAPLE ST,,,,Y,,200.0,,39.21239,-86.60132,LOCAL/CITY RD,,,,URBAN,Y,N,N,,DAYLIGHT,RAIN,WET,,NO JUNCTION INVOLVED,,ASPHALT,FOLLOWING TOO CLOSELY,$1001 TO $2500,RAN OFF RD,W.KIRWOODAVES.MAPLEST,0,,2022-01-01 14:45:00,,,