Agency,Local Code,County,Township,City,Vehicles Involved,Trailers Involved,Number Injured,Number Dead,Number Deer,House Number,Roadway Name,Roadway Suffix,Roadway Number,Roadway Interchange,Roadway Ramp,Roadway Id,Intersecting Road,Intersecting Road Number,Mile Marker,Interchange,Corporate Limits?,Property Type,Feet From,Direction,Latitude,Longitude,Roadway Class,Traffic Control Devices?,Aggressive Driving?,Hit and Run?,Locality,School Zone?,Rumble Strips?,Construction?,Construction Type,Light Condition,Weather Conditions,Surface Condition,Type of Median,Roadway Junction Type,Road Character,Roadway Surface,Primary Factor,Damage Estimate,Manner of Collision,Unique Location Id,State Property Damage?,Traffic Control,DateTime,Address Number,Cyclist Involved,Pedestrian Involved
BLOOMINGTON PD,B22-02243,MONROE,PERRY,BLOOMINGTON,2,,0,0,0,,130 W GRIMES LN,,,,,W GRIMES LN,,,,,Y,,0.0,,39.164962580445504,-86.49166274800191,LOCAL/CITY RD,,,,URBAN,N,N,N,,DAYLIGHT,CLEAR,DRY,,NO JUNCTION INVOLVED,,CONCRETE,UNSAFE BACKING,$2501 TO $5000,BACKING CRASH,130W.GRIMESLN,0,,2022-01-21 08:20:00,130.0,,
INDIANA UNIV BLOOMINGTON PD,220103,MONROE,BLOOMINGTON,BLOOMINGTON,2,,2,0,0,,ST RD 45,,,,,ST RD 45,N MILO B SAMPSON LN,,,,Y,,0.0,,39.11460548588837,-86.53985121236013,ST RD,,,,URBAN,N,N,N,,DARK (NOT LIGHTED),CLEAR,DRY,,T-INTERSECTION,,ASPHALT,DISREGARD SIGNAL/REG SIGN,$10001 TO $25000,RIGHT ANGLE,STATERD45NMILOBSAMPSONLN,0,,2022-01-13 17:50:00,,,
BLOOMINGTON PD,B22-01341,MONROE,,BLOOMINGTON,2,,0,0,0,,ALEXANDER DR,,,,,ALEXANDER DR,N JACOB DR,,,,N,,0.0,,39.21518866401356,-86.5916431733341,LOCAL/CITY RD,,,,URBAN,N,N,N,,DAYLIGHT,CLEAR,DRY,,FOUR-WAY INTERSECTION,,ASPHALT,FAILURE TO YIELD RIGHT OF WAY,$2501 TO $5000,RIGHT ANGLE,NJACOBDRALEXANDERDR,0,,2022-01-13 11:19:00,,,
MONROE SD,M22A1289,MONROE,BLOOMINGTON,BLOOMINGTON,1,,0,0,1,,W VERNAL PK,,,,,W VERNAL PK,ENTERPRISE DR,,,,N,,0.0,,39.1630780264501,-86.50968040855547,LOCAL/CITY RD,,,,RURAL,N,N,N,,DARK (NOT LIGHTED),CLEAR,DRY,,FOUR-WAY INTERSECTION,,ASPHALT,ANIMAL/OBJECT IN RDWAY,$5001 TO $10000,COLLISION WITH DEER,WVERNALPKENTERPRISEDR,0,,2022-01-18 01:32:00,,,
INDIANA UNIV BLOOMINGTON PD,220194,MONROE,BLOOMINGTON,BLOOMINGTON,2,,0,0,0,,E KIRKWOOD AVE,,,,,E KIRKWOOD AVE,S INDIANA AVE,,,,Y,,0.0,,39.17903829103005,-86.5441123572491,LOCAL/CITY RD,,,,URBAN,N,N,N,,DARK (NOT LIGHTED),CLEAR,DRY,,T-INTERSECTION,,ASPHALT,UNSAFE BACKING,$2501 TO $5000,BACKING CRASH,SINDIANAAVEEKIRKWOODAVE,0,,2022-01-20 20:10:00,,,
INDIANA UNIV BLOOMINGTON PD,220214,MONROE,BLOOMINGTON,BLOOMINGTON,2,,0,0,0,,E ATWATER AVE,,,,,E ATWATER AVE,S PARK AVE,,,,Y,,0.0,,39.19024885157985,-86.58255653379165,LOCAL/CITY RD,,,,URBAN,N,N,N,,UNKNOWN,CLEAR,DRY,,NO JUNCTION INVOLVED,,ASPHALT,OTHER (DRIVER) - EXPLAIN IN NARRATIVE,$1001 TO $2500,OTHER - EXPLAIN IN NARRATIVE,SPARKAVEEATWATERAVE,0,,2022-01-10 21:00:00,,,
INDIANA UNIV BLOOMINGTON PD,220145,MONROE,BLOOMINGTON,BLOOMINGTON,1,0.0,0,0,0,,17TH,ST,,,,17TH,WOODLAWN,,,,Y,,,,39.17152,-86.49793,LOCAL/CITY RD,Y,N,N,URBAN,N,N,N,,DAYLIGHT,CLOUDY,WET,,NO JUNCTION INVOLVED,STRAIGHT/GRADE,ASPHALT,UNSAFE SPEED,$2501 TO $5000,RAN OFF RD,17THSTWOODLAWNAVE,0,TRAFFIC CONTROL SIGNAL,2022-01-18 09:15:00,,,
BLOOMINGTON PD,B22-02126,MONROE,BLOOMINGTON,BLOOMINGTON,2,,0,0,0,,3200 E JOHN HINKLE,,,,,E JOHN HINKLE,PETE LLIS DR,,,,Y,,300.0,,39.10556327181425,-86.55021617050794,LOCAL/CITY RD,,,,URBAN,N,N,N,,DAYLIGHT,CLOUDY,DRY,,T-INTERSECTION,,ASPHALT,FAILURE TO YIELD RIGHT OF WAY,$2501 TO $5000,RIGHT ANGLE,PETEELLISDR3200EJOHNHINKLE,0,,2022-01-20 09:55:00,3200.0,,
BLOOMINGTON PD,B22-00227,MONROE,PERRY,BLOOMINGTON,2,,0,0,0,,S ADAMS ST,,,,,S ADAMS ST,W BLOOMFIELD RD,,,,Y,,634.0,,39.1759221884257,-86.53357497555066,LOCAL/CITY RD,,,,URBAN,N,N,N,,DAYLIGHT,CLEAR,DRY,,NO JUNCTION INVOLVED,,ASPHALT,OTHER (VEHICLE) - EXPLAIN IN NARRATIVE,$1001 TO $2500,OPPOSITE DIRECTION SIDESWIPE,WBLOOMFIELDRDSADAMSST,0,,2022-01-03 16:20:00,,,
BLOOMINGTON PD,B22-00326,MONROE,BLOOMINGTON,BLOOMINGTON,2,,0,0,0,,S LEONARD SPRINGS RD,,,,,S LEONARD SPRINGS RD,ST RD 45,,,,Y,,0.0,,38.86218161191762,-86.49674214379166,LOCAL/CITY RD,,,,URBAN,N,N,N,,DAYLIGHT,CLEAR,DRY,,FOUR-WAY INTERSECTION,,ASPHALT,FOLLOWING TOO CLOSELY,$1001 TO $2500,REAR END,STATERD45SLEONARDSPRINGSRD,0,,2022-01-04 15:44:00,,,
BLOOMINGTON PD,B22-02692,MONROE,PERRY,BLOOMINGTON,1,,0,0,0,,E ROGERS ST,,,,,E ROGERS ST,S SARE RD,,,,Y,,0.0,,39.14048162999615,-86.54855841803223,LOCAL/CITY RD,,,,RURAL,N,N,N,,DARK (NOT LIGHTED),CLEAR,DRY,,TRAFFIC CIRCLE/ROUNDABOUT,,ASPHALT,OTHER (DRIVER) - EXPLAIN IN NARRATIVE,$5001 TO $10000,RAN OFF RD,SSARERDEROGERSRD,0,,2022-01-25 01:38:00,,,
BLOOMINGTON PD,B22-02864,MONROE,PERRY,BLOOMINGTON,2,,0,0,0,,2966 E 3RD ST,,,,,E 3RD ST,,,,,Y,,0.0,,39.16420037095171,-86.49826870936697,LOCAL/CITY RD,,,,URBAN,N,N,N,,DAYLIGHT,CLEAR,DRY,,NO JUNCTION INVOLVED,,ASPHALT,IMPROPER TURNING,UNDER $1001,RIGHT TURN,2966E 3RDST,0,,2022-01-26 11:16:00,2966.0,,
BLOOMINGTON PD,B22-02063,MONROE,PERRY,BLOOMINGTON,1,,0,0,0,,W BLOOMFIELD RD,,,,,W BLOOMFIELD RD,S STONE DR,,,,Y,,250.0,,39.1427630658322,-86.57992366900585,LOCAL/CITY RD,,,,URBAN,N,N,N,,DARK (LIGHTED),CLEAR,DRY,,NO JUNCTION INVOLVED,,ASPHALT,ANIMAL/OBJECT IN RDWAY,$1001 TO $2500,COLLISION WITH DEER,WBLOOMFIELDRDSSTONEDR,0,,2022-01-19 19:24:00,,,
MONROE SD,M22A1119,MONROE,VAN BUREN,BLOOMINGTON,1,0.0,0,0,0,,GIFFORD,RD,,,,GIFFORD,WOODSIDE,,,,N,,565.0,E,39.17597,-86.53771,LOCAL/CITY RD,,N,N,URBAN,N,N,N,,DARK (NOT LIGHTED),SNOW,SNOW/SLUSH,,NO JUNCTION INVOLVED,CURVE/LEVEL,ASPHALT,RAN OFF RD RIGHT,$1001 TO $2500,RAN OFF RD,GIFFORDRDWOODSIDEDR,0,LN CONTROL,2022-01-15 16:01:00,,,
ISP BLOOMINGTON 33,2.022E+11,MONROE,PERRY,BLOOMINGTON,1,,0,0,0,,I-69,,,,,I-69,,,105.5,,N,,0.0,,39.23779362722856,-86.53851674517658,INTERSTATE,,,,RURAL,N,N,N,,DAYLIGHT,SLEET/HAIL/FREEZING RAIN,ICE,,NO JUNCTION INVOLVED,,CONCRETE,FAILURE TO MAINTAIN LN,$5001 TO $10000,RAN OFF RD,I-69105.5,0,,2022-01-08 14:35:00,,,
BLOOMINGTON PD,B22-01702,MONROE,BLOOMINGTON,BLOOMINGTON,2,,0,0,0,,E 3RD ST,,,,,E 3RD ST,S UNION ST,,,,Y,,0.0,,39.16825334920206,-86.57331978593979,LOCAL/CITY RD,,,,URBAN,N,N,N,,DAYLIGHT,CLEAR,DRY,,NO JUNCTION INVOLVED,,ASPHALT,BRAKE FAILURE OR DEFECTIVE,$5001 TO $10000,REAR END,SUNIONSTE 3RDST,0,,2022-01-16 15:26:00,,,
MONROE SD,M22A141,MONROE,RICHLAND,BLOOMINGTON,1,0.0,0,0,0,,W REEVES,RD,,,,W REEVES,GILMORE,,,,N,,750.0,E,39.15942,-86.49063,LOCAL/CITY RD,,N,N,RURAL,N,N,N,,DAYLIGHT,CLEAR,DRY,,T-INTERSECTION,STRAIGHT/HILLCREST,ASPHALT,ANIMAL/OBJECT IN RDWAY,$5001 TO $10000,RAN OFF RD,GILMORERDWREEVESRD,0,NONE,2022-01-03 08:56:00,,,
MONROE SD,M22A135,MONROE,BEAN BLOSSOM,BLOOMINGTON,1,1.0,0,0,0,6565,N SHOWERS,RD,,,,N SHOWERS,,,,,N,PRIVATE,,,39.17284446135758,-86.55483159492073,COUNTY RD,,N,N,RURAL,N,N,N,,DARK (NOT LIGHTED),CLEAR,DRY,,NO JUNCTION INVOLVED,STRAIGHT/LEVEL,ASPHALT,RAN OFF RD RIGHT,$1001 TO $2500,RAN OFF RD,NSHOWERSRD,0,STOP SIGN,2022-01-03 07:47:00,,,
BLOOMINGTON PD,B22-00686,MONROE,VAN BUREN,BLOOMINGTON,2,,0,0,0,,3205 W ST RD 45,,,,,W ST RD 45,SAM'S CLUB ENTRANCE,,,,Y,,0.0,,39.30241,-86.51877,ST RD,,,,URBAN,N,N,N,,DAYLIGHT,CLEAR,DRY,,FOUR-WAY INTERSECTION,,ASPHALT,FOLLOWING TOO CLOSELY,$2501 TO $5000,REAR END,SAM'SCLUBENTRANCE3205WST RD 45,0,,2022-01-07 11:31:00,3205.0,,
BLOOMINGTON PD,B22-00303,MONROE,,BLOOMINGTON,2,,0,0,0,,W 3RD ST,,,,,W 3RD ST,I-69 BYPASS,,,,Y,,0.0,,39.159306969358795,-86.52593073318612,LOCAL/CITY RD,,,,URBAN,N,N,N,,DAYLIGHT,CLEAR,DRY,,FOUR-WAY INTERSECTION,,ASPHALT,FAILURE TO YIELD RIGHT OF WAY,$2501 TO $5000,RIGHT ANGLE,W 3RDSTI-69BYPASS,0,,2022-01-04 12:34:00,,,
MONROE SD,M22A17167,MONROE,WASHINGTON,BLOOMINGTON,1,,1,0,0,6055,N ST RD 37,,,,,N ST RD 37,,,,,N,,0.0,,39.155147736080046,-86.49773873059083,ST RD,,,,RURAL,N,N,N,,DAYLIGHT,RAIN,WET,,NO JUNCTION INVOLVED,,ASPHALT,UNSAFE SPEED,$5001 TO $10000,RAN OFF RD,NOLDST RD 37,0,,2022-07-17 13:36:00,,,
BLOOMINGTON PD,B22-25469,MONROE,BLOOMINGTON,BLOOMINGTON,1,,1,0,0,,W 17TH ST,,,,,W 17TH ST,N WILLIS DR,,,,Y,,0.0,,39.17160177829789,-86.50217536229862,LOCAL/CITY RD,,,,URBAN,N,N,N,,DAYLIGHT,CLEAR,DRY,,T-INTERSECTION,,ASPHALT,FAILURE TO YIELD RIGHT OF WAY,UNDER $1001,OTHER - EXPLAIN IN NARRATIVE,W17THSTNWILLISDR,1,,2022-07-05 13:30:00,,True,
BLOOMINGTON PD,B22-37466,MONROE,BLOOMINGTON,BLOOMINGTON,2,,0,0,0,111,N ROGERS ST,,,,,N ROGERS ST,,,,,Y,,0.0,,39.17155583511048,-86.51396570288546,LOCAL/CITY RD,,,,URBAN,N,N,N,,DAYLIGHT,CLEAR,DRY,,NO JUNCTION INVOLVED,,ASPHALT,UNSAFE BACKING,$1001 TO $2500,REAR TO REAR,NROGERSST,0,,2022-09-16 13:44:00,,,
BLOOMINGTON PD,B22-29026,MONROE,BLOOMINGTON,BLOOMINGTON,2,,0,0,0,,W 16TH ST,,,,,W 16TH ST,N WOODBURN AVE,,,,Y,,0.0,,39.17912174434495,-86.5865769654072,LOCAL/CITY RD,,,,URBAN,N,N,N,,DAYLIGHT,CLEAR,DRY,,T-INTERSECTION,,ASPHALT,OTHER (DRIVER) - EXPLAIN IN NARRATIVE,$2501 TO $5000,OPPOSITE DIRECTION SIDESWIPE,W16THSTNWOODBURNAVE,0,,2022-07-29 08:50:00,,,
MONROE SD,M22A19087,MONROE,VAN BUREN,BLOOMINGTON,3,,2,0,0,,W BELLE AVE,,,,,W BELLE AVE,S CURRY PK,,,,N,,0.0,,39.16945753922215,-86.53484284922689,,,,,RURAL,N,N,N,,DAYLIGHT,CLEAR,DRY,,T-INTERSECTION,,ASPHALT,FAILURE TO YIELD RIGHT OF WAY,$10001 TO $25000,OPPOSITE DIRECTION SIDESWIPE,WBELLEAVESCURRYPK,0,,2022-08-05 03:46:00,,,
BLOOMINGTON PD,B22-21690,MONROE,PERRY,BLOOMINGTON,2,,0,0,0,,W 3RD ST,,,,,W 3RD ST,S WESTPLEX AVE,,,,Y,,370.0,,39.15732,-86.49783,LOCAL/CITY RD,,,,URBAN,N,N,N,,DAYLIGHT,RAIN,WET,,NO JUNCTION INVOLVED,,ASPHALT,FOLLOWING TOO CLOSELY,$5001 TO $10000,REAR END,W 3RDSTSWESTPLEXAVE,0,,2022-06-10 14:50:00,,,
INDIANA UNIV BLOOMINGTON PD,221803,MONROE,BLOOMINGTON,BLOOMINGTON,2,,0,0,0,,E 3RD ST,,,,,E 3RD ST,S HIGHLAND AVE,,,,N,,0.0,,39.14442042512203,-86.57606124410849,LOCAL/CITY RD,,,,URBAN,N,N,N,,DAYLIGHT,CLOUDY,DRY,,T-INTERSECTION,,ASPHALT,IMPROPER TURNING,$1001 TO $2500,SAME DIRECTION SIDESWIPE,SHIGHLANDAVEE 3RDST,0,,2022-05-07 14:30:00,,,
MONROE SD,M22A21753,MONROE,VAN BUREN,BLOOMINGTON,2,,0,0,0,,4128 HIGHLAND CT,,,,,HIGHLAND CT,,,,,N,,0.0,,39.18640201131637,-86.53773533708024,,,,,URBAN,N,N,N,,DAYLIGHT,CLEAR,DRY,,NO JUNCTION INVOLVED,,ASPHALT,UNSAFE BACKING,$10001 TO $25000,REAR TO REAR,4128HIGHLANDCT,0,,2022-09-04 03:25:00,4128.0,,
BLOOMINGTON PD,B22-02960,MONROE,,BLOOMINGTON,2,,0,0,0,,ROGERS ST,,,,,ROGERS ST,PATTERSON DR,,,,Y,,0.0,,39.15048512913217,-86.52263557955766,LOCAL/CITY RD,,,,URBAN,N,N,N,,DAYLIGHT,BLOWING SAND/SOIL/SNOW,SNOW/SLUSH,,FOUR-WAY INTERSECTION,,ASPHALT,UNSAFE LN MOVEMENT,$1001 TO $2500,RIGHT ANGLE,ROGERSSTPATTERSONDR,0,,2022-01-27 10:20:00,,,
BLOOMINGTON PD,B22-21672,MONROE,BLOOMINGTON,BLOOMINGTON,2,,0,0,0,,S WALNUT ST,,,,,S WALNUT ST,W 3RD ST,,,,Y,,0.0,,39.27177365706512,-86.67238894303745,LOCAL/CITY RD,,,,URBAN,N,N,N,,DAYLIGHT,RAIN,WET,,FOUR-WAY INTERSECTION,,ASPHALT,DISREGARD SIGNAL/REG SIGN,$5001 TO $10000,RIGHT ANGLE,W 3RDSTSWALNUTST,0,,2022-06-10 12:51:00,,,
INDIANA UNIV BLOOMINGTON PD,220958,MONROE,BLOOMINGTON,BLOOMINGTON,2,,0,0,0,2651,E DISCOVERY PARKWAY,,,,,E DISCOVERY PARKWAY,,,,,Y,,0.0,,39.162215447687224,-86.4918119299422,PRIVATE DR,,,,URBAN,N,N,N,,DAYLIGHT,CLOUDY,WET,,FOUR-WAY INTERSECTION,,ASPHALT,FAILURE TO YIELD RIGHT OF WAY,$10001 TO $25000,RIGHT ANGLE,EDISCOVERYPARKWAY,0,,2022-03-11 17:30:00,,,
MONROE SD,M22A18579,MONROE,CLEAR CREEK,BLOOMINGTON,1,,0,0,1,,ST RD 37,,,,,ST RD 37,,,,,N,,0.0,,39.1592942414099,-86.52593371038999,ST RD,,,,RURAL,N,N,N,,DARK (NOT LIGHTED),CLEAR,DRY,,NO JUNCTION INVOLVED,,ASPHALT,ANIMAL/OBJECT IN RDWAY,$2501 TO $5000,COLLISION WITH DEER,STATERD37,0,,2022-07-31 21:19:00,,,
MONROE SD,M22A2185,MONROE,BLOOMINGTON,BLOOMINGTON,1,,0,0,0,301,N COLLEGE AVE,,,,,N COLLEGE AVE,,,,,Y,,0.0,,39.186735449389495,-86.61127706228886,LOCAL/CITY RD,,,,URBAN,N,N,N,,DAYLIGHT,SNOW,DRY,,NO JUNCTION INVOLVED,,CONCRETE,FAILURE TO MAINTAIN LN,$1001 TO $2500,SAME DIRECTION SIDESWIPE,NCOLLEGEAVE,0,,2022-01-28 14:55:00,,,
BLOOMINGTON PD,B22-29989,MONROE,PERRY,BLOOMINGTON,2,,0,0,0,,W COUNTRY CLUB DR,,,,,W COUNTRY CLUB DR,B-LINE,,,,Y,,0.0,,39.04930560393317,-86.53635631799229,LOCAL/CITY RD,,,,URBAN,N,N,N,,DAYLIGHT,RAIN,WET,,TRAIL CROSSINGS,,ASPHALT,FOLLOWING TOO CLOSELY,$5001 TO $10000,REAR END,WCOUNTRYCLUBDRB-LINE,0,,2022-08-04 08:54:00,,,
MONROE SD,M22A19552,MONROE,BLOOMINGTON,BLOOMINGTON,1,,0,0,1,,ST RD 37,,,,,ST RD 37,,,,,N,,0.0,,39.136000439961194,-86.53830372773841,ST RD,,,,RURAL,N,N,N,,DARK (NOT LIGHTED),CLEAR,DRY,,NO JUNCTION INVOLVED,,ASPHALT,ANIMAL/OBJECT IN RDWAY,$10001 TO $25000,COLLISION WITH DEER,STATERD37,0,,2022-08-11 05:50:00,,,
MONROE SD,M22A7190,MONROE,,BLOOMINGTON,2,,2,0,0,,N CURRY PK,,,,,N CURRY PK,W VERNAL PK,,,,N,,0.0,,39.1666038571195,-86.54222512526223,LOCAL/CITY RD,,,,URBAN,N,N,N,,DAYLIGHT,CLEAR,DRY,,FOUR-WAY INTERSECTION,,ASPHALT,FAILURE TO YIELD RIGHT OF WAY,$10001 TO $25000,RIGHT ANGLE,WVERNALPKNCURRYPK,0,,2022-03-30 07:31:00,,,
MONROE SD,M22A16369,MONROE,CLEAR CREEK,BLOOMINGTON,1,,1,0,1,,S STRAIN RIDGE RD,,,,,S STRAIN RIDGE RD,E CHARLES WAY,,,,N,,0.0,,0.0,0.0,LOCAL/CITY RD,,,,RURAL,N,N,N,,DAYLIGHT,RAIN,WET,,NO JUNCTION INVOLVED,,ASPHALT,ANIMAL/OBJECT IN RDWAY,$5001 TO $10000,RAN OFF RD,SSTRAINRIDGERDECHARLESWAY,0,,2022-07-08 14:03:00,,,
BLOOMINGTON PD,B22-38056,MONROE,PERRY,BLOOMINGTON,2,,0,0,0,,411 S WOODSCREST DR,,,,,S WOODSCREST DR,,,,,Y,,0.0,,39.18620221376307,-86.52215407971488,PRIVATE DR,,,,URBAN,N,N,N,,DAYLIGHT,CLEAR,DRY,,NO JUNCTION INVOLVED,,ASPHALT,UNSAFE BACKING,$2501 TO $5000,BACKING CRASH,411S.WOODSCRESTDR,0,,2022-09-20 10:25:00,411.0,,
INDIANA UNIV BLOOMINGTON PD,223806,MONROE,BLOOMINGTON,BLOOMINGTON,1,,1,0,0,,S BALLANTINE RD,,,,,S BALLANTINE RD,E ATWATER AVE,,,,Y,,317.0,,39.168724247538606,-86.57359118909248,LOCAL/CITY RD,,,,URBAN,N,N,N,,DARK (NOT LIGHTED),CLEAR,DRY,,NO JUNCTION INVOLVED,,ASPHALT,DRIVER DISTRACTED - EXPLAIN IN NARRATIVE,UNDER $1001,OTHER - EXPLAIN IN NARRATIVE,SBALLANTINERDEATWATERAVE,1,,2022-10-07 22:10:00,,,True
INDIANA UNIV BLOOMINGTON PD,220926,MONROE,PERRY,BLOOMINGTON,2,,0,0,0,,S HIGHLAND AVE,,,,,S HIGHLAND AVE,E HUNTER AVE,,,,Y,,0.0,,39.17917893405144,-86.56805267737175,LOCAL/CITY RD,,,,URBAN,N,N,N,,DARK (LIGHTED),CLEAR,DRY,,FOUR-WAY INTERSECTION,,ASPHALT,DISREGARD SIGNAL/REG SIGN,$5001 TO $10000,RIGHT ANGLE,SHIGHLANDAVEEHUNTERAVE,0,,2022-03-10 02:40:00,,,
BLOOMINGTON PD,B22-25360,MONROE,BLOOMINGTON,BLOOMINGTON,1,,1,0,0,,3RD ST,,,,,3RD ST,HIGH ST,,,,Y,,0.0,,39.16653,-86.52692,,,,,URBAN,N,N,N,,DARK (LIGHTED),CLEAR,DRY,,T-INTERSECTION,,ASPHALT,DRIVER DISTRACTED - EXPLAIN IN NARRATIVE,$10001 TO $25000,RAN OFF RD,3RDSTHIGHST,0,,2022-07-04 22:00:00,,,
ISP BLOOMINGTON 33,2.022E+11,MONROE,PERRY,BLOOMINGTON,2,,0,0,0,,S ST RD 37,,,,,S ST RD 37,ST RD 37,,,,N,,0.0,,39.16305016475147,-86.52405801158186,COUNTY RD,,,,RURAL,N,N,N,,DARK (NOT LIGHTED),RAIN,WET,,FOUR-WAY INTERSECTION,,ASPHALT,FAILURE TO YIELD RIGHT OF WAY,$50001 TO $100000,LEFT TURN,STATERD37SOLDSTATERD37,0,,2022-03-22 19:34:00,,,
BLOOMINGTON PD,B22-12426,MONROE,BLOOMINGTON,BLOOMINGTON,2,,0,0,0,,300 N WALNUT,,,,,N WALNUT,,,,,Y,,0.0,,39.17899245805131,-86.52364285033815,PRIVATE DR,,,,URBAN,N,N,N,,DARK (LIGHTED),CLEAR,DRY,,NO JUNCTION INVOLVED,,CONCRETE,UNSAFE SPEED,$2501 TO $5000,LEFT TURN,300NWALNUT,0,,2022-04-10 03:05:00,300.0,,
BLOOMINGTON PD,B22-14078,MONROE,PERRY,BLOOMINGTON,2,,0,0,0,,W COUNTRY CLUB DR,,,,,W COUNTRY CLUB DR,S BANTA AVE,,,,Y,,50.0,,39.17055389687486,-86.49560263818522,LOCAL/CITY RD,,,,URBAN,N,N,N,,DAYLIGHT,CLEAR,DRY,,NO JUNCTION INVOLVED,,ASPHALT,FOLLOWING TOO CLOSELY,$2501 TO $5000,REAR END,WCOUNTRYCLUBDRSBANTAAVE,0,,2022-04-21 16:50:00,,,
BLOOMINGTON PD,B22-21376,MONROE,PERRY,BLOOMINGTON,2,,0,0,0,,W TAPP RD,,,,,W TAPP RD,S ADAMS ST,,,,Y,,50.0,,39.16037103713862,-86.5508315325637,LOCAL/CITY RD,,,,URBAN,N,N,N,,DAYLIGHT,CLEAR,WET,,NO JUNCTION INVOLVED,,ASPHALT,FOLLOWING TOO CLOSELY,$1001 TO $2500,REAR END,WTAPPRDSADAMSST,0,,2022-06-08 16:44:00,,,
BLOOMINGTON PD,B22-33163,MONROE,PERRY,BLOOMINGTON,2,,0,0,0,,S SMITH RD,,,,,S SMITH RD,E MOORES PK,,,,Y,,0.0,,39.141931487512615,-86.58261624574735,LOCAL/CITY RD,,,,URBAN,N,N,N,,DAYLIGHT,CLEAR,DRY,,FOUR-WAY INTERSECTION,,ASPHALT,DISREGARD SIGNAL/REG SIGN,$10001 TO $25000,RIGHT ANGLE,S.SMITHRDEMOORESPK,0,,2022-08-23 11:36:00,,,
BLOOMINGTON PD,B22-42817,MONROE,RICHLAND,BLOOMINGTON,2,,0,0,0,3140,W WHITEHALL CROSSING BLVD,,,,,W WHITEHALL CROSSING BLVD,,,,,N,,0.0,,39.13570563412595,-86.49669007752787,PRIVATE DR,,,,RURAL,N,N,N,,DAYLIGHT,CLEAR,DRY,,NO JUNCTION INVOLVED,,CONCRETE,UNSAFE BACKING,$1001 TO $2500,BACKING CRASH,WWHITEHALLCROSSINGBLVD,0,,2022-10-16 15:40:00,,,
INDIANA UNIV BLOOMINGTON PD,221429,MONROE,BLOOMINGTON,BLOOMINGTON,1,,1,0,0,,E 7TH ST,,,,,E 7TH ST,N ROSE AVE,,,,Y,,0.0,,39.1621793,-86.49184633,LOCAL/CITY RD,,,,URBAN,N,N,N,,DAYLIGHT,CLEAR,DRY,,NO JUNCTION INVOLVED,,ASPHALT,FAILURE TO YIELD RIGHT OF WAY,$1001 TO $2500,SAME DIRECTION SIDESWIPE,NROSEAVEE7THST,1,,2022-04-15 11:15:00,,True,
ELLETTSVILLE PD,E22-04126,MONROE,RICHLAND,ELLETTSVILLE,2,,0,0,0,,ST RD 46,,,,,ST RD 46,N BRIAR GATE DR,,,,Y,,0.0,,39.15086,-86.56791,ST RD,,,,URBAN,N,N,N,,DAYLIGHT,CLEAR,DRY,,NO JUNCTION INVOLVED,,ASPHALT,IMPROPER LN USAGE,$2501 TO $5000,SAME DIRECTION SIDESWIPE,STATERD46NBRIARGATEDR,0,,2022-10-09 17:55:00,,,
BLOOMINGTON PD,B22-42123,MONROE,VAN BUREN,BLOOMINGTON,1,,0,0,0,,I-69 NP RAMP 117,,,,,I-69 NP RAMP 117,W BLOOMFIELD RD,,,,Y,,0.0,,39.154354381622184,-86.58887839842542,INTERSTATE,,,,URBAN,N,N,N,,DAYLIGHT,RAIN,WET,,RAMP,,ASPHALT,SPEED TOO FAST FOR WEATHER CONDITIONS,$1001 TO $2500,RAN OFF RD,W.BLOOMFIELDRDI-69 NPRAMP117,0,,2022-10-12 08:15:00,,,
MONROE SD,M22A20943,MONROE,BLOOMINGTON,BLOOMINGTON,2,,0,0,0,,ST RD 46,,,,,ST RD 46,N CURRY PK,,,,N,,0.0,,39.05781936903214,-86.6813379946219,ST RD,,,,URBAN,N,Y,N,,DAYLIGHT,CLEAR,DRY,,FOUR-WAY INTERSECTION,,ASPHALT,FOLLOWING TOO CLOSELY,$2501 TO $5000,REAR END,STATERD46NCURRYPK,0,,2022-08-26 15:59:00,,,
BLOOMINGTON PD,B22-08705,MONROE,BLOOMINGTON,BLOOMINGTON,2,,0,0,0,,N KINSER PK,,,,,N KINSER PK,ST RD 46,,,,Y,,0.0,,39.057403774723866,-86.68157146323632,LOCAL/CITY RD,,,,URBAN,N,N,N,,DAYLIGHT,CLEAR,DRY,,FOUR-WAY INTERSECTION,,ASPHALT,FAILURE TO YIELD RIGHT OF WAY,$2501 TO $5000,RIGHT ANGLE,STATERD46NKINSERPK,0,,2022-03-15 18:20:00,,,
BLOOMINGTON PD,B22-23195,MONROE,BLOOMINGTON,BLOOMINGTON,2,,1,0,0,,N WALNUT ST,,,,,N WALNUT ST,E 7TH ST,,,,Y,,0.0,,39.16426126287301,-86.50939270202821,LOCAL/CITY RD,,,,URBAN,N,N,N,,DAYLIGHT,CLEAR,DRY,,FOUR-WAY INTERSECTION,,ASPHALT,DISREGARD SIGNAL/REG SIGN,$5001 TO $10000,RIGHT ANGLE,N.WALNUTSTE7THST,0,,2022-06-21 09:52:00,,,