Agency,Local Code,County,Township,City,Vehicles Involved,Trailers Involved,Number Injured,Number Dead,Number Deer,House Number,Roadway Name,Roadway Suffix,Roadway Number,Roadway Interchange,Roadway Ramp,Roadway Id,Intersecting Road,Intersecting Road Number,Mile Marker,Interchange,Corporate Limits?,Property Type,Feet From,Direction,Latitude,Longitude,Roadway Class,Traffic Control Devices?,Aggressive Driving?,Hit and Run?,Locality,School Zone?,Rumble Strips?,Construction?,Construction Type,Light Condition,Weather Conditions,Surface Condition,Type of Median,Roadway Junction Type,Road Character,Roadway Surface,Primary Factor,Damage Estimate,Manner of Collision,Unique Location Id,State Property Damage?,Traffic Control,DateTime,Address Number,Cyclist Involved,Pedestrian Involved
BLOOMINGTON PD,B22-06350,MONROE,PERRY,BLOOMINGTON,2,,2,0,0,,W 2ND ST ,,,,,W 2ND ST ,S WALKER ST ,,,,Y,,0.0,,39.23169,-86.67144,LOCAL/CITY RD,,,,URBAN,N,N,N,,DAWN/DUSK,CLEAR,DRY,,FOUR-WAY INTERSECTION,,ASPHALT,DISREGARD SIGNAL/REG SIGN,$5001 TO $10000,RIGHT ANGLE,"W 2NDSTBLOOMINGTONINSWALKERSTBLOOMINGTON,IN",0,,2022-02-25 18:06:00,,,
MONROE SD,M22A14606,MONROE,VAN BUREN,BLOOMINGTON,1,,0,0,0,,S BREEDEN RD,,,,,S BREEDEN RD,,,,,N,,0.0,,39.24636862146245,-86.5291039531694,,,,,RURAL,N,N,N,,DAWN/DUSK,CLEAR,DRY,,NO JUNCTION INVOLVED,,ASPHALT,FAILURE TO MAINTAIN LN,$2501 TO $5000,NON-COLLISION,SBREEDENRD,0,,2022-06-21 05:13:00,,,
BLOOMINGTON PD,B22-33640,MONROE,PERRY,BLOOMINGTON,1,,1,0,0,,S SMITH RD,,,,,S SMITH RD,S FENBROOK LN,,,,Y,,0.0,,39.14468,-86.57581,LOCAL/CITY RD,,,,URBAN,N,N,N,,DAYLIGHT,CLEAR,DRY,,NO JUNCTION INVOLVED,,ASPHALT,DRIVER ASLEEP OR FATIGUED,$10001 TO $25000,RAN OFF RD,SSMITHRDSFENBROOKLN,0,,2022-08-25 18:59:00,,,
BLOOMINGTON PD,B22-28774,MONROE,BLOOMINGTON,BLOOMINGTON,2,,0,0,0,,W 3RD ST,,,,,W 3RD ST,S LIBERTY DR,,,,Y,,634.0,,39.16450279260589,-86.57331522512035,ST RD,,,,URBAN,N,Y,N,,DAYLIGHT,CLEAR,DRY,,NO JUNCTION INVOLVED,,ASPHALT,FAILURE TO YIELD RIGHT OF WAY,$1001 TO $2500,RIGHT ANGLE,W 3RDSTSLIBERTYDR,0,,2022-07-27 16:07:00,,,
INDIANA UNIV BLOOMINGTON PD,222735,MONROE,BLOOMINGTON,BLOOMINGTON,2,,0,0,0,,N WASHINGTON ST,,,,,N WASHINGTON ST,E 10TH ST,,,,Y,,0.0,,,,LOCAL/CITY RD,,,,URBAN,N,N,N,,DAYLIGHT,CLEAR,DRY,,T-INTERSECTION,,ASPHALT,FAILURE TO YIELD RIGHT OF WAY,$2501 TO $5000,LEFT TURN,NWASHINGTONSTE 10THST,0,,2022-08-21 13:00:00,,,
BLOOMINGTON PD,B22-42372,MONROE,PERRY,BLOOMINGTON,2,,0,0,0,,S PATTERSON DR,,,,,S PATTERSON DR,W ALLEN ST,,,,Y,,150.0,,39.17902466677487,-86.54409347025911,LOCAL/CITY RD,,,,URBAN,N,N,N,,DAYLIGHT,CLEAR,DRY,,FOUR-WAY INTERSECTION,,ASPHALT,FOLLOWING TOO CLOSELY,$2501 TO $5000,REAR END,WALLENSTSPATTERSONDR,0,,2022-10-13 17:44:00,,,
BLOOMINGTON PD,B2205811,MONROE,BLOOMINGTON,BLOOMINGTON,1,,1,0,0,,I-69,,,,,I-69,,,118.5,,Y,,634.0,,39.1673387079726,-86.53880936352537,INTERSTATE,,,,URBAN,N,N,N,,DAYLIGHT,CLEAR,DRY,,NO JUNCTION INVOLVED,,ASPHALT,FAILURE TO MAINTAIN LN,$10001 TO $25000,RAN OFF RD,I-69118.5,0,,2022-02-21 13:50:00,,,
INDIANA UNIV BLOOMINGTON PD,222930,MONROE,BLOOMINGTON,BLOOMINGTON,2,,0,0,0,,E 10TH ST,,,,,E 10TH ST,N PETE LLIS DR.,,,,Y,,0.0,,39.17771,-86.53597,LOCAL/CITY RD,,,,URBAN,N,N,N,,DAYLIGHT,CLEAR,DRY,,FOUR-WAY INTERSECTION,,ASPHALT,FOLLOWING TOO CLOSELY,$5001 TO $10000,REAR END,N.PETEELLISDR.E 10THST,0,,2022-08-30 17:30:00,,,
ISP BLOOMINGTON 33,2022-00452045,MONROE,BLOOMINGTON,BLOOMINGTON,2,,0,0,0,,ST RD 46,,,,,ST RD 46,E 10TH ST,,,,Y,,0.0,,39.163290406067624,-86.5827499694635,,,,,URBAN,N,N,N,,DAYLIGHT,RAIN,WET,,FOUR-WAY INTERSECTION,,ASPHALT,FOLLOWING TOO CLOSELY,$1001 TO $2500,REAR END,STATERD46E 10THST,0,,2022-10-12 13:30:00,,,
BLOOMINGTON PD,B22-33018,MONROE,PERRY,BLOOMINGTON,2,,0,0,0,,E 1ST,,,,,E 1ST,S FESS AVE,,,,Y,,0.0,,39.16435542182644,-86.55389060228318,LOCAL/CITY RD,,,,URBAN,N,N,N,,DAYLIGHT,CLEAR,DRY,,FOUR-WAY INTERSECTION,,ASPHALT,FAILURE TO YIELD RIGHT OF WAY,$1001 TO $2500,RIGHT ANGLE,SFESSAVEE1STST,0,,2022-08-22 16:12:00,,,
MONROE SD,M22A24662,MONROE,VAN BUREN,BLOOMINGTON,2,,0,0,0,,W ST RD 45,,,,,W ST RD 45,INDUSTRIAL BLVD,,,,Y,,0.0,,39.16422137964645,-86.5177599759929,PRIVATE DR,,,,URBAN,N,N,N,,DAYLIGHT,CLEAR,DRY,,NO JUNCTION INVOLVED,,ASPHALT,UNSAFE BACKING,$1001 TO $2500,REAR TO REAR,WSTATERD45INDUSTRIALBLVD,0,,2022-10-07 15:52:00,,,
BLOOMINGTON PD,B22-15960,MONROE,BLOOMINGTON,BLOOMINGTON,1,,0,0,0,150,W 17TH ST,,,,,W 17TH ST,,,,,Y,,0.0,,39.17322247058366,-86.53608919238074,PRIVATE DR,,,,URBAN,N,N,N,,DARK (LIGHTED),CLOUDY,DRY,,FOUR-WAY INTERSECTION,,ASPHALT,OTHER (DRIVER) - EXPLAIN IN NARRATIVE,$2501 TO $5000,RAN OFF RD,W17THST,0,,2022-05-02 23:30:00,,,
ELLETTSVILLE PD,E22-01574,MONROE,RICHLAND,ELLETTSVILLE,2,,0,0,0,,EDGEWOOD DR,,,,,EDGEWOOD DR,,,,,Y,,0.0,,-3.0634730785821964e-05,-3.050470061948485e-06,PRIVATE DR,,,,URBAN,Y,N,N,,DAYLIGHT,CLEAR,DRY,,NO JUNCTION INVOLVED,,ASPHALT,OTHER (DRIVER) - EXPLAIN IN NARRATIVE,$2501 TO $5000,OPPOSITE DIRECTION SIDESWIPE,EDGEWOODDR,0,,2022-04-28 07:20:00,,,
ELLETTSVILLE PD,E22-04102,MONROE,RICHLAND,ELLETTSVILLE,2,,0,0,0,,E TEMPERANCE ST,,,,,E TEMPERANCE ST,FIRST,,,,Y,,50.0,,39.15381,-86.53873,LOCAL/CITY RD,,,,URBAN,N,N,N,,DAYLIGHT,CLEAR,DRY,,FOUR-WAY INTERSECTION,,ASPHALT,FAILURE TO YIELD RIGHT OF WAY,$1001 TO $2500,RIGHT ANGLE,FIRSTSTETEMPERANCEST,0,,2022-10-08 11:31:00,,,
MONROE SD,M22A17015,MONROE,BLOOMINGTON,BLOOMINGTON,1,,0,0,0,,N LOESCH RD,,,,,N LOESCH RD,,,,,N,,0.0,,39.16455241007376,-86.53363495858791,LOCAL/CITY RD,,,,RURAL,N,N,N,,DAYLIGHT,CLOUDY,DRY,,NO JUNCTION INVOLVED,,ASPHALT,FAILURE TO MAINTAIN LN,$1001 TO $2500,RAN OFF RD,NLOESCHRD,0,,2022-07-15 17:30:00,,,
INDIANA UNIV BLOOMINGTON PD,221765,MONROE,BLOOMINGTON,BLOOMINGTON,2,,0,0,0,,E LINGELBACH LN,,,,,E LINGELBACH LN,N UNION ST,,,,Y,,0.0,,39.17568446744238,-86.50315361334394,LOCAL/CITY RD,,,,URBAN,N,N,N,,DAYLIGHT,CLEAR,DRY,,NO JUNCTION INVOLVED,,ASPHALT,IMPROPER PASSING,$2501 TO $5000,SAME DIRECTION SIDESWIPE,N.UNIONSTELINGELBACHLN,0,,2022-05-05 09:30:00,,,
BLOOMINGTON PD,B22-39304,MONROE,PERRY,BLOOMINGTON,2,,0,0,0,,S STRONG DR,,,,,S STRONG DR,W ALLEN DR,,,,Y,,1500.0,,39.03929914,-86.53586174,LOCAL/CITY RD,,,,URBAN,N,N,N,,DAYLIGHT,CLEAR,DRY,,NO JUNCTION INVOLVED,,ASPHALT,OVERCORRECTING/OVERSTEERING,$1001 TO $2500,SAME DIRECTION SIDESWIPE,WALLENDRSSTRONGDR,0,,2022-09-27 13:41:00,,,
BLOOMINGTON PD,B22-39739,MONROE,PERRY,BLOOMINGTON,2,,0,0,0,,S WOODSCREST DR,,,,,S WOODSCREST DR,E 2ND ST,,,,Y,,0.0,,39.168856825953064,-86.53549758204905,LOCAL/CITY RD,,,,URBAN,N,N,N,,DAYLIGHT,CLEAR,DRY,,FOUR-WAY INTERSECTION,,ASPHALT,UNSAFE BACKING,$1001 TO $2500,BACKING CRASH,SWOODSCRESTDRE 2NDST,0,,2022-09-29 10:25:00,,,
MONROE SD,M22A10239,MONROE,BENTON,BLOOMINGTON,2,,0,0,0,,N MT GILEAD RD,,,,,N MT GILEAD RD,E BOSHEARS RD,,,,N,,0.0,,39.13606,-86.53877,LOCAL/CITY RD,,,,RURAL,N,N,N,,DAYLIGHT,CLEAR,DRY,,NO JUNCTION INVOLVED,,ASPHALT,LEFT OF CENTER,$10001 TO $25000,OPPOSITE DIRECTION SIDESWIPE,NMTGILEADRDEBOSHEARSRD,0,,2022-05-05 11:37:00,,,
ISP BLOOMINGTON 33,2.022E+11,MONROE,PERRY,BLOOMINGTON,2,,1,0,0,,ST RD 37,,,,,ST RD 37,W DILLMAN RD,,,,N,,0.0,,39.04197205062096,-86.53602612545215,ST RD,,,,RURAL,N,N,N,,DAYLIGHT,CLEAR,DRY,,FOUR-WAY INTERSECTION,,ASPHALT,FAILURE TO YIELD RIGHT OF WAY,$25001 TO $50000,RIGHT ANGLE,WDILLMANRDST RD 37,0,,2022-02-18 07:50:00,,,
MONROE SD,M22A8974,MONROE,RICHLAND,BLOOMINGTON,1,,0,0,0,,W ST RD 48,,,,,W ST RD 48,,,,,N,,0.0,,39.179143559798106,-86.58310876157758,,,,,RURAL,N,N,N,,DAYLIGHT,RAIN,WET,,NO JUNCTION INVOLVED,,ASPHALT,SPEED TOO FAST FOR WEATHER CONDITIONS,$2501 TO $5000,RAN OFF RD,WSTATERD48,0,,2022-04-21 10:12:00,,,
BLOOMINGTON PD,B22-26454,MONROE,BLOOMINGTON,BLOOMINGTON,1,,0,0,0,,I-69 NB,,,,,I-69 NB,ST RD 45/46 BYPASS,,,,Y,,0.0,,39.03974692516736,-86.51446849817995,INTERSTATE,,,,URBAN,N,N,N,,DAYLIGHT,CLEAR,DRY,,RAMP,,ASPHALT,OVERCORRECTING/OVERSTEERING,$5001 TO $10000,RAN OFF RD,STATERD45/46BYPASSI-69 NB,0,,2022-07-11 17:16:00,,,
BLOOMINGTON PD,B22-06339,MONROE,PERRY,BLOOMINGTON,2,,0,0,0,,E 2ND ST,,,,,E 2ND ST,S HENDERSON ST,,,,Y,,0.0,,-7.727213131703884e-06,-8.184797731875493e-06,LOCAL/CITY RD,,,,URBAN,N,N,N,,DAYLIGHT,CLOUDY,DRY,,NO JUNCTION INVOLVED,,ASPHALT,IMPROPER TURNING,$2501 TO $5000,SAME DIRECTION SIDESWIPE,SHENDERSONSTE 2NDST,0,,2022-02-25 16:52:00,,,
BLOOMINGTON PD,B22-06492,MONROE,PERRY,BLOOMINGTON,2,,0,0,0,,S WINFIELD RD,,,,,S WINFIELD RD,E MOORES PK,,,,Y,,0.0,,39.16306123152434,-86.51917043187017,,,,,URBAN,N,N,N,,DARK (LIGHTED),CLEAR,DRY,,TRAFFIC CIRCLE/ROUNDABOUT,,ASPHALT,FAILURE TO YIELD RIGHT OF WAY,$5001 TO $10000,RIGHT TURN,SWINFIELDRDEMOORESPK,0,,2022-02-26 21:45:00,,,
BLOOMINGTON PD,B22-31697,MONROE,VAN BUREN,BLOOMINGTON,2,,0,0,0,,W ST RD 45,,,,,W ST RD 45,INDUSTRIAL BLVD,,,,Y,,0.0,,39.16216996124899,-86.51775144029806,ST RD,,,,URBAN,N,N,N,,DAYLIGHT,CLEAR,DRY,,FOUR-WAY INTERSECTION,,ASPHALT,IMPROPER LN USAGE,$1001 TO $2500,SAME DIRECTION SIDESWIPE,WSTATERD45INDUSTRIALBLVD,0,,2022-08-15 14:50:00,,,
MONROE SD,M22A1952,MONROE,VAN BUREN,BLOOMINGTON,2,,0,0,0,,I-69,,,,,I-69,,,,,N,,845.0,,39.164245422004555,-86.50853565902628,COUNTY RD,,,,URBAN,N,N,N,,DAYLIGHT,CLEAR,DRY,,TRAFFIC CIRCLE/ROUNDABOUT,,ASPHALT,FAILURE TO YIELD RIGHT OF WAY,$2501 TO $5000,RIGHT ANGLE,I-69,0,,2022-01-26 04:00:00,,,
BLOOMINGTON PD,B22-22225,MONROE,VAN BUREN,BLOOMINGTON,2,,0,0,0,,S LIBERTY DR,,,,,S LIBERTY DR,W 3RD ST,,,,Y,,1000.0,,39.08522705856303,-86.5427604210534,LOCAL/CITY RD,,,,URBAN,N,N,N,,DAYLIGHT,CLEAR,DRY,,T-INTERSECTION,,ASPHALT,FAILURE TO YIELD RIGHT OF WAY,$5001 TO $10000,RIGHT ANGLE,W.3RDSTS.LIBERTYDR,0,,2022-06-14 11:06:00,,,
INDIANA UNIV BLOOMINGTON PD,220312,MONROE,BLOOMINGTON,BLOOMINGTON,1,,0,0,0,,N INDIANA AVE,,,,,N INDIANA AVE,E 11TH ST,,,,Y,,0.0,,0.0,0.0,LOCAL/CITY RD,,,,URBAN,N,N,N,,DAYLIGHT,SNOW,SNOW/SLUSH,,FOUR-WAY INTERSECTION,,ASPHALT,RDWAY SURFACE CONDITION,$10001 TO $25000,LEFT TURN,NINDIANAAVEE11THST,0,,2022-01-28 14:30:00,,,
BLOOMINGTON PD,B22-03156,MONROE,BLOOMINGTON,BLOOMINGTON,2,,0,0,0,,W 17TH ST,,,,,W 17TH ST,W ARLINGTON RD,,,,Y,,581.0,,39.136239400824536,-86.54485221614333,LOCAL/CITY RD,,,,URBAN,N,N,N,,DAYLIGHT,SNOW,SNOW/SLUSH,,T-INTERSECTION,,ASPHALT,FAILURE TO YIELD RIGHT OF WAY,$2501 TO $5000,RIGHT ANGLE,WARLINGTONRDW17THST,0,,2022-01-28 04:46:00,,,
ISP BLOOMINGTON 33,2.022E+11,MONROE,VAN BUREN,BLOOMINGTON,1,,0,0,1,,I-69,,,,,I-69,,,111.3,,N,,0.0,,39.13655821698936,-86.55442054961293,INTERSTATE,,,,RURAL,N,N,N,,DAYLIGHT,CLEAR,DRY,,NO JUNCTION INVOLVED,,CONCRETE,ANIMAL/OBJECT IN RDWAY,$10001 TO $25000,RIGHT ANGLE,I-69111.3,0,,2022-04-22 16:51:00,,,
BLOOMINGTON PD,B22-02860,MONROE,BLOOMINGTON,BLOOMINGTON,2,,0,0,0,,1348 N ARLINGTON PARK DR,,,,,N ARLINGTON PARK DR,,,,,Y,,0.0,,39.150197078114644,-86.48048348020022,LOCAL/CITY RD,,,,RURAL,N,N,N,,DAYLIGHT,CLEAR,DRY,,NO JUNCTION INVOLVED,,CONCRETE,UNSAFE BACKING,$1001 TO $2500,BACKING CRASH,1348NARLINGTONPARKDR,0,,2022-01-26 03:00:00,1348.0,,
BLOOMINGTON PD,B22-40488,MONROE,PERRY,BLOOMINGTON,2,,1,0,0,,S COLLEGE MALL RD,,,,,S COLLEGE MALL RD,E MOORES PK,,,,Y,,0.0,,39.172536976520036,-86.57226173630386,LOCAL/CITY RD,,,,URBAN,N,N,N,,DAYLIGHT,CLEAR,DRY,,NO JUNCTION INVOLVED,,ASPHALT,FAILURE TO YIELD RIGHT OF WAY,$10001 TO $25000,LEFT/RIGHT TURN,SCOLLEGEMALLRDEMOORESPK,0,,2022-10-03 15:16:00,,,
ISP BLOOMINGTON 33,2022-00264055,MONROE,BLOOMINGTON,BLOOMINGTON,2,,2,0,0,,I-69,,,,,I-69,,,121.0,,N,,1056.0,,39.168028401916274,-86.51092346243055,INTERSTATE,,,,RURAL,N,N,N,,DAYLIGHT,CLEAR,DRY,,NO JUNCTION INVOLVED,,CONCRETE,OTHER (DRIVER) - EXPLAIN IN NARRATIVE,$10001 TO $25000,,I-69121,0,,2022-06-13 10:44:00,,,
BLOOMINGTON PD,B22-08169,MONROE,PERRY,BLOOMINGTON,2,,0,0,0,,S WEIMER RD,,,,,S WEIMER RD,W TAPP RD,,,,Y,,0.0,,39.21657655002984,-86.59641605205358,LOCAL/CITY RD,,,,URBAN,N,N,N,,DAYLIGHT,SNOW,WET,,T-INTERSECTION,,ASPHALT,UNSAFE BACKING,$2501 TO $5000,BACKING CRASH,WTAPPRDSWEIMERRD,0,,2022-03-11 16:16:00,,,
BLOOMINGTON PD,B22-34138,MONROE,PERRY,BLOOMINGTON,2,,0,0,0,,E GRIMES LN,,,,,E GRIMES LN,S WALNUT ST,,,,Y,,0.0,,39.15739753279156,-86.55903240754942,LOCAL/CITY RD,,,,URBAN,N,N,N,,DAYLIGHT,CLEAR,DRY,,NO JUNCTION INVOLVED,,ASPHALT,FAILURE TO YIELD RIGHT OF WAY,$1001 TO $2500,RIGHT ANGLE,SWALNUTSTEGRIMESLN,0,,2022-08-28 10:57:00,,,
BLOOMINGTON PD,B22-12022,MONROE,BLOOMINGTON,BLOOMINGTON,2,,0,0,0,,N COLLEGE AVE,,,,,N COLLEGE AVE,W 17TH ST,,,,Y,,0.0,,39.14751579512846,-86.57295393974795,LOCAL/CITY RD,,,,URBAN,N,N,N,,DAYLIGHT,CLOUDY,DRY,,FIVE POINT OR MORE,,ASPHALT,DISREGARD SIGNAL/REG SIGN,$5001 TO $10000,RIGHT ANGLE,W17THSTNCOLLEGEAVE,0,,2022-04-07 14:12:00,,,
BLOOMINGTON PD,B22-15247,MONROE,PERRY,BLOOMINGTON,2,,0,0,0,,2748 E 3RD ST,,,,,E 3RD ST,,,,,Y,,0.0,,39.19364776618502,-86.57142071817293,PRIVATE DR,,,,URBAN,N,N,N,,DAYLIGHT,CLEAR,DRY,,NO JUNCTION INVOLVED,,ASPHALT,UNSAFE BACKING,$2501 TO $5000,BACKING CRASH,2748E 3RDST,0,,2022-04-28 08:04:00,2748.0,,
MONROE SD,M22A9746,MONROE,PERRY,BLOOMINGTON,2,,0,0,0,,W DILLMAN RD,,,,,W DILLMAN RD,S ST RD 37,,,,N,,0.0,,39.18637081323432,-86.53773712335352,LOCAL/CITY RD,,,,URBAN,N,N,N,,DAYLIGHT,CLOUDY,DRY,,FOUR-WAY INTERSECTION,,ASPHALT,HOLES/RUTS IN SURFACE,$10001 TO $25000,REAR TO REAR,WDILLMANRDSTRD37S,0,,2022-04-29 14:00:00,,,
BLOOMINGTON PD,B22-26694,MONROE,BLOOMINGTON,BLOOMINGTON,1,,0,0,0,,N MADISON ST,,,,,N MADISON ST,W 17TH ST,,,,Y,,0.0,,39.1685492057955,-86.53358298398747,LOCAL/CITY RD,,,,URBAN,N,N,Y,WORK ON SHOULDER,DAYLIGHT,CLEAR,DRY,,FOUR-WAY INTERSECTION,,ASPHALT,ANIMAL/OBJECT IN RDWAY,$1001 TO $2500,COLLISION WITH OBJECT IN RD,W17THSTNMADISONST,0,,2022-07-13 07:30:00,,,
MONROE SD,M22A20993,MONROE,CLEAR CREEK,BLOOMINGTON,2,,0,0,0,,S ST RD 37,,,,,S ST RD 37,W SMITHVILLE RD,,,,N,,0.0,,39.16143,-86.54614,ST RD,,,,RURAL,N,N,N,,DAYLIGHT,CLEAR,DRY,,FOUR-WAY INTERSECTION,,ASPHALT,FAILURE TO YIELD RIGHT OF WAY,$2501 TO $5000,RIGHT ANGLE,WSMITHVILLERDSSTATERD37,0,,2022-08-27 07:42:00,,,
INDIANA UNIV BLOOMINGTON PD,221326,MONROE,BLOOMINGTON,BLOOMINGTON,2,,0,0,0,,E ATWATER AVE,,,,,E ATWATER AVE,S FESS AVE,,,,Y,,0.0,,39.07275221436233,-86.67371842043627,LOCAL/CITY RD,,,,URBAN,N,N,N,,DARK (NOT LIGHTED),RAIN,WET,,NO JUNCTION INVOLVED,,ASPHALT,UNSAFE LN MOVEMENT,UNDER $1001,SAME DIRECTION SIDESWIPE,SFESSAVEEATWATERAVE,0,,2022-04-09 02:10:00,,,
ISP BLOOMINGTON 33,2.022E+11,MONROE,BLOOMINGTON,BLOOMINGTON,2,,0,0,0,,N CURRY PK,,,,,N CURRY PK,ST RD 46,,,,Y,,0.0,,39.154485028063725,-86.48060862259186,LOCAL/CITY RD,,,,URBAN,N,N,Y,LN CLOSURE,DAYLIGHT,RAIN,WET,,FOUR-WAY INTERSECTION,,ASPHALT,FAILURE TO YIELD RIGHT OF WAY,$1001 TO $2500,REAR END,STATERD46NCURRYPK,0,,2022-07-08 12:40:00,,,
BLOOMINGTON PD,B22-26849,MONROE,RICHLAND,BLOOMINGTON,2,,0,0,0,,N GATES DR,,,,,N GATES DR,W JACOBS DR,,,,Y,,0.0,,39.16461,-86.57913,LOCAL/CITY RD,,,,URBAN,N,N,N,,DAYLIGHT,CLEAR,DRY,,Y-INTERSECTION,,ASPHALT,FAILURE TO YIELD RIGHT OF WAY,$5001 TO $10000,RIGHT ANGLE,WJACOBSDRNGATESDR,0,,2022-07-14 09:37:00,,,
BLOOMINGTON PD,B22-12888,MONROE,,BLOOMINGTON,2,,2,0,0,,S HIGHLAND AVE,,,,,S HIGHLAND AVE,E HUNTER AVE,,,,Y,,0.0,,39.17164885543291,-86.5323652290644,LOCAL/CITY RD,,,,URBAN,N,N,N,,DAYLIGHT,RAIN,WET,,FOUR-WAY INTERSECTION,,ASPHALT,DISREGARD SIGNAL/REG SIGN,$10001 TO $25000,RIGHT ANGLE,S.HIGHLANDAVEEHUNTERAVE,0,,2022-04-13 12:53:00,,,
INDIANA UNIV BLOOMINGTON PD,221484,MONROE,BLOOMINGTON,BLOOMINGTON,2,,0,0,0,,N EAGLESON AVE,,,,,N EAGLESON AVE,E 10TH ST,,,,Y,,211.0,,39.155643400047744,-86.54332107821917,LOCAL/CITY RD,,,,URBAN,N,N,N,,DAYLIGHT,CLEAR,DRY,,FOUR-WAY INTERSECTION,,ASPHALT,FAILURE TO YIELD RIGHT OF WAY,$1001 TO $2500,LEFT TURN,NEAGLESON AVEAVEE 10THST,0,,2022-04-19 18:40:00,,,
BLOOMINGTON PD,B22-42627,MONROE,PERRY,BLOOMINGTON,2,,1,0,0,,W 2ND ST,,,,,W 2ND ST,B-LINE TRL,,,,Y,,106.0,,39.16774477600194,-86.57252746344622,LOCAL/CITY RD,,,,URBAN,N,N,N,,DAYLIGHT,CLEAR,DRY,,NO JUNCTION INVOLVED,,ASPHALT,FOLLOWING TOO CLOSELY,UNDER $1001,REAR END,W 2NDSTB-LINETRL,0,,2022-10-15 12:13:00,,,
MONROE SD,M22A24706,MONROE,CLEAR CREEK,HARRODSBURG,1,,1,0,0,,S ST RD 37,,,,,S ST RD 37,,,,,N,,0.0,,39.171468047402385,-86.49540743633908,ST RD,,,,URBAN,N,N,N,,DARK (NOT LIGHTED),CLEAR,DRY,,NO JUNCTION INVOLVED,,ASPHALT,OTHER (DRIVER) - EXPLAIN IN NARRATIVE,$25001 TO $50000,RAN OFF RD,SOLDSTATERD37,0,,2022-10-08 04:30:00,,,
MONROE SD,M22A21176,MONROE,VAN BUREN,BLOOMINGTON,1,,0,0,0,,S GARRISON CHAPEL RD,,,,,S GARRISON CHAPEL RD,,,,,N,,0.0,,39.17159045712988,-86.50219455720172,,,,,RURAL,N,N,N,,DAYLIGHT,CLEAR,DRY,,NO JUNCTION INVOLVED,,ASPHALT,STEERING FAILURE,$5001 TO $10000,RAN OFF RD,SGARRISONCHAPELRD,0,,2022-08-29 11:30:00,,,
BLOOMINGTON PD,B22-18215,MONROE,PERRY,BLOOMINGTON,2,,0,0,0,,E MOORES PK,,,,,E MOORES PK,S SARE RD,,,,Y,,0.0,,39.163009661403684,-86.52656929035606,PRIVATE DR,,,,URBAN,N,N,N,,DAYLIGHT,CLOUDY,DRY,,FOUR-WAY INTERSECTION,,ASPHALT,FOLLOWING TOO CLOSELY,$1001 TO $2500,REAR END,SSARERDEMOORESPK,0,,2022-05-18 13:46:00,,,
BLOOMINGTON PD,B22-08288,MONROE,BLOOMINGTON,BLOOMINGTON,1,,0,0,0,,I-69,,,,,I-69,W 3RD ST,,,,Y,,792.0,,39.15927792958427,-86.52594745511306,INTERSTATE,,,,URBAN,N,N,N,,DAYLIGHT,CLEAR,DRY,,NO JUNCTION INVOLVED,,ASPHALT,OTHER (DRIVER) - EXPLAIN IN NARRATIVE,$2501 TO $5000,COLLISION WITH OBJECT IN RD,W 3RDSTI-69,0,,2022-03-12 13:24:00,,,
MONROE SD,M22A13493,MONROE,PERRY,BLOOMINGTON,2,,0,0,0,,S ST RD 37,,,,,S ST RD 37,E RHORER RD,,,,N,,0.0,,39.14355054900332,-86.58032888916546,LOCAL/CITY RD,,,,RURAL,N,N,N,,DAYLIGHT,CLEAR,DRY,,FOUR-WAY INTERSECTION,,ASPHALT,FAILURE TO YIELD RIGHT OF WAY,$5001 TO $10000,SAME DIRECTION SIDESWIPE,SOLDSTATERD37ERHORERRD,0,,2022-06-08 17:39:00,,,
ISP BLOOMINGTON 33,2.022E+11,MONROE,PERRY,BLOOMINGTON,1,,0,0,1,,I-69,,,,,I-69,,,111.5,,N,,0.0,,39.17923654852136,-86.53391091936595,INTERSTATE,,,,RURAL,N,N,N,,DAYLIGHT,CLEAR,DRY,,NO JUNCTION INVOLVED,,CONCRETE,ANIMAL/OBJECT IN RDWAY,$10001 TO $25000,COLLISION WITH DEER,I-69111.5,0,,2022-07-21 10:31:00,,,
MONROE SD,M22A25202,MONROE,VAN BUREN,BLOOMINGTON,1,,0,0,0,,W FOSTER CURRY RD,,,,,W FOSTER CURRY RD,S KIRBY RD,,,,N,,370.0,,39.236180441916446,-86.63251105444463,LOCAL/CITY RD,,,,RURAL,N,N,N,,DARK (LIGHTED),CLEAR,DRY,,NO JUNCTION INVOLVED,,ASPHALT,OTHER (DRIVER) - EXPLAIN IN NARRATIVE,$2501 TO $5000,RAN OFF RD,WFOSTERCURRYRDSKIRBYRD,0,,2022-10-14 00:00:00,,,
MONROE SD,M22A25106,MONROE,SALT CREEK,BLOOMINGTON,1,,0,0,1,,ST RD 46,,,,,ST RD 46,,,,,N,,0.0,,39.231316998601734,-86.62126811980744,,,,,RURAL,N,N,N,,DARK (NOT LIGHTED),CLEAR,WET,,NO JUNCTION INVOLVED,,ASPHALT,ANIMAL/OBJECT IN RDWAY,$1001 TO $2500,COLLISION WITH ANIMAL OTHER,STATERD46,0,,2022-10-12 20:41:00,,,
BLOOMINGTON PD,B22-25045,MONROE,PERRY,BLOOMINGTON,2,,1,0,0,,S ROGERS ST,,,,,S ROGERS ST,W COUNTRY CLUB DR,,,,Y,,0.0,,39.191150333631704,-86.5926123301978,LOCAL/CITY RD,,,,URBAN,N,N,N,,DAYLIGHT,CLEAR,DRY,,FOUR-WAY INTERSECTION,,ASPHALT,DISREGARD SIGNAL/REG SIGN,$5001 TO $10000,RIGHT ANGLE,WCOUNTRYCLUBDRSROGERSST,0,,2022-07-02 15:09:00,,,