Agency,Local Code,County,Township,City,Vehicles Involved,Trailers Involved,Number Injured,Number Dead,Number Deer,House Number,Roadway Name,Roadway Suffix,Roadway Number,Roadway Interchange,Roadway Ramp,Roadway Id,Intersecting Road,Intersecting Road Number,Mile Marker,Interchange,Corporate Limits?,Property Type,Feet From,Direction,Latitude,Longitude,Roadway Class,Traffic Control Devices?,Aggressive Driving?,Hit and Run?,Locality,School Zone?,Rumble Strips?,Construction?,Construction Type,Light Condition,Weather Conditions,Surface Condition,Type of Median,Roadway Junction Type,Road Character,Roadway Surface,Primary Factor,Damage Estimate,Manner of Collision,Unique Location Id,State Property Damage?,Traffic Control,DateTime,Address Number,Cyclist Involved,Pedestrian Involved
BLOOMINGTON PD,B22-09719,MONROE,BLOOMINGTON,BLOOMINGTON,2,,0,0,0,,N INDIANA AVE,,,,,N INDIANA AVE,E 8TH ST,,,,Y,,0.0,,39.1765152035354,-86.50994705182687,LOCAL/CITY RD,,,,URBAN,N,N,N,,DAYLIGHT,RAIN,WET,,FOUR-WAY INTERSECTION,,ASPHALT,FAILURE TO YIELD RIGHT OF WAY,$2501 TO $5000,RIGHT ANGLE,NINDIANAAVEE8THST,0,,2022-03-22 18:04:00,,,
ELLETTSVILLE PD,E22-03171,MONROE,RICHLAND,ELLETTSVILLE,2,,0,0,0,,N SALE ST,,,,,N SALE ST,ST RD 46,,,,Y,,150.0,,39.15561951169022,-86.54434272001195,LOCAL/CITY RD,,,,URBAN,N,N,N,,DAYLIGHT,CLEAR,DRY,,NO JUNCTION INVOLVED,,ASPHALT,FOLLOWING TOO CLOSELY,$50001 TO $100000,REAR END,STATERD46NSALEST,0,,2022-08-22 15:20:00,,,
BLOOMINGTON PD,B22-28188,MONROE,BLOOMINGTON,BLOOMINGTON,2,,0,0,0,,S LIBERTY DR,,,,,S LIBERTY DR,S HICKORY LEAF DR,,,,Y,,0.0,,39.16088830882093,-86.50248543161317,ST RD,,,,URBAN,N,N,N,,DAYLIGHT,CLEAR,DRY,,FOUR-WAY INTERSECTION,,ASPHALT,FAILURE TO YIELD RIGHT OF WAY,$1001 TO $2500,LEFT/RIGHT TURN,SLIBERTYDRSHICKORYLEAFDR,0,,2022-07-22 18:07:00,,,
ELLETTSVILLE PD,E2201745,MONROE,RICHLAND,ELLETTSVILLE,2,0.0,0,0,0,,,,ST RD 46 W,,,ST RD 46 W,LOVE,,,,Y,,100.0,E,39.185919420041884,-86.46191425210553,ST RD,,N,N,URBAN,N,N,N,,DAYLIGHT,CLEAR,DRY,,NO JUNCTION INVOLVED,STRAIGHT/LEVEL,ASPHALT,FAILURE TO YIELD RIGHT OF WAY,$25001 TO $50000,RIGHT ANGLE,LOVELNST RD 46 W,0,NONE,2022-05-09 14:32:00,,,
BLOOMINGTON PD,B22-09904,MONROE,PERRY,BLOOMINGTON,2,,0,0,0,,404 S WASHINGTON ST,,,,,S WASHINGTON ST,,,,,Y,,0.0,,39.09291335520466,-86.54604574566656,PRIVATE DR,,,,URBAN,N,N,N,,DAYLIGHT,CLOUDY,DRY,,NO JUNCTION INVOLVED,,CONCRETE,IMPROPER TURNING,$1001 TO $2500,SAME DIRECTION SIDESWIPE,404SWASHINGTONST,0,,2022-03-23 18:30:00,404.0,,
BLOOMINGTON PD,B22-06152,MONROE,BLOOMINGTON,BLOOMINGTON,1,,0,0,0,,W 3RD ST,,,,,W 3RD ST,W BENHAM LN,,,,Y,,0.0,,39.16843679867909,-86.67003002894197,LOCAL/CITY RD,,,,URBAN,N,N,N,,DARK (LIGHTED),CLOUDY,ICE,,NO JUNCTION INVOLVED,,ASPHALT,RDWAY SURFACE CONDITION,$5001 TO $10000,RAN OFF RD,WBENHAMLNW 3RDST,0,,2022-02-24 06:30:00,,,
BLOOMINGTON PD,B22-42861,MONROE,BLOOMINGTON,BLOOMINGTON,2,,0,0,0,,E 3RD ST,,,,,E 3RD ST,S PARK RIDGE RD,,,,Y,,950.0,,39.18702118987532,-86.55504457249171,LOCAL/CITY RD,,,,URBAN,N,N,N,,DARK (NOT LIGHTED),CLEAR,DRY,,NO JUNCTION INVOLVED,,ASPHALT,FOLLOWING TOO CLOSELY,$5001 TO $10000,REAR END,SPARKRIDGERDE 3RDST,0,,2022-10-16 19:23:00,,,
BLOOMINGTON PD,B22-32998,MONROE,BLOOMINGTON,BLOOMINGTON,1,,0,0,0,,N WALNUT ST,,,,,N WALNUT ST,E 8TH ST,,,,Y,,0.0,,39.16133517284135,-86.52725712418756,,,,,URBAN,N,N,N,,DARK (LIGHTED),CLEAR,DRY,,NO JUNCTION INVOLVED,,CONCRETE,OTHER (DRIVER) - EXPLAIN IN NARRATIVE,$1001 TO $2500,OPPOSITE DIRECTION SIDESWIPE,NWALNUTSTE8THST,0,,2022-08-22 13:00:00,,,
BLOOMINGTON PD,B22-08477,MONROE,BLOOMINGTON,BLOOMINGTON,2,,0,0,0,,W ARLINGTON VALLEY DR,,,,,W ARLINGTON VALLEY DR,N MERIDIAN DR,,,,Y,,0.0,,39.1504,-86.5009,LOCAL/CITY RD,,,,URBAN,N,N,N,,DAWN/DUSK,CLEAR,DRY,,NO JUNCTION INVOLVED,,ASPHALT,IMPROPER LN USAGE,$2501 TO $5000,SAME DIRECTION SIDESWIPE,WARLINGTONVALLEYDRNMERIDIANDR,0,,2022-03-13 20:30:00,,,
BLOOMINGTON PD,B22-28126,MONROE,RICHLAND,BLOOMINGTON,2,,0,0,0,,I-69 S,,,,,I-69 S,W 3RD ST,,,,Y,,0.0,,39.14357262604341,-86.58031086206141,LOCAL/CITY RD,,,,URBAN,N,N,N,,DAYLIGHT,CLEAR,DRY,,FIVE POINT OR MORE,,ASPHALT,FOLLOWING TOO CLOSELY,$5001 TO $10000,REAR END,W 3RDSTI-69S,0,,2022-07-22 12:07:00,,,
BLOOMINGTON PD,B22-41759,MONROE,,BLOOMINGTON,2,,0,0,0,,PETE LLIS,,,,,PETE LLIS,BRAESIDE DR,,,,Y,,0.0,,39.13423474,-86.57267279,LOCAL/CITY RD,,,,URBAN,N,N,Y,WORK ON SHOULDER,DAYLIGHT,CLEAR,DRY,,T-INTERSECTION,,ASPHALT,UNSAFE BACKING,$1001 TO $2500,BACKING CRASH,PETEELLISBRAESIDEDR,0,,2022-10-10 08:36:00,,,
ISP BLOOMINGTON 33,2.022E+11,MONROE,VAN BUREN,BLOOMINGTON,2,,0,0,0,,ST RD 48,,,,,ST RD 48,N GATES DR,,,,N,,0.0,,39.164602292150576,-86.5791314233352,ST RD,,,,URBAN,N,N,N,,DAYLIGHT,CLEAR,DRY,,NO JUNCTION INVOLVED,,ASPHALT,UNSAFE LN MOVEMENT,$2501 TO $5000,SAME DIRECTION SIDESWIPE,ST RD 48NGATESDR,0,,2022-05-10 11:47:00,,,
MONROE SD,M22A20165,MONROE,RICHLAND,BLOOMINGTON,2,,0,0,0,,N CURRY PK,,,,,N CURRY PK,W VERNAL PK,,,,N,,0.0,,39.17344293285851,-86.52700232105614,LOCAL/CITY RD,,,,RURAL,N,N,N,,DAYLIGHT,CLEAR,DRY,,FOUR-WAY INTERSECTION,,ASPHALT,FAILURE TO YIELD RIGHT OF WAY,$10001 TO $25000,RIGHT ANGLE,WVERNALPKNCURRYPK,0,,2022-08-17 17:26:00,,,
INDIANA UNIV BLOOMINGTON PD,221282,MONROE,BLOOMINGTON,BLOOMINGTON,2,,0,0,0,,E 3RD ST,,,,,E 3RD ST,S EASTSIDE DR,,,,Y,,0.0,,39.17919,-86.5474,LOCAL/CITY RD,,,,URBAN,N,N,N,,DAYLIGHT,CLOUDY,DRY,,T-INTERSECTION,,ASPHALT,IMPROPER TURNING,$5001 TO $10000,LEFT TURN,SEASTSIDEDRE 3RDST,0,,2022-04-05 19:39:00,,,
BLOOMINGTON PD,B22-34680,MONROE,PERRY,BLOOMINGTON,2,,0,0,0,,S PATTERSON DR,,,,,S PATTERSON DR,W 3RD ST,,,,Y,,0.0,,39.076645259059106,-86.5867857283942,,,,,URBAN,N,N,N,,DAYLIGHT,CLEAR,DRY,,FOUR-WAY INTERSECTION,,ASPHALT,FAILURE TO YIELD RIGHT OF WAY,$2501 TO $5000,SAME DIRECTION SIDESWIPE,W 3RDSTSPATTERSONDR,0,,2022-08-31 17:11:00,,,
BLOOMINGTON PD,B22-21200,MONROE,PERRY,BLOOMINGTON,2,,0,0,0,,W GRIMES ST,,,,,W GRIMES ST,S WALNUT ST,,,,Y,,0.0,,39.18031432303217,-86.5525426916998,LOCAL/CITY RD,,,,URBAN,N,N,N,,DAYLIGHT,CLEAR,DRY,,NO JUNCTION INVOLVED,,ASPHALT,FOLLOWING TOO CLOSELY,$2501 TO $5000,REAR END,WGRIMESSTSWALNUTST,0,,2022-06-07 16:48:00,,,
BLOOMINGTON PD,B22-12717,MONROE,PERRY,BLOOMINGTON,2,,0,0,0,,E SMITH AVE,,,,,E SMITH AVE,S HENDERSON ST,,,,Y,,150.0,,39.15047402517524,-86.4982548260519,LOCAL/CITY RD,,,,URBAN,N,N,N,,DAYLIGHT,CLOUDY,DRY,,NO JUNCTION INVOLVED,,ASPHALT,FAILURE TO YIELD RIGHT OF WAY,$1001 TO $2500,RIGHT ANGLE,S.HENDERSONSTESMITHAVE,0,,2022-04-12 07:35:00,,,
INDIANA UNIV BLOOMINGTON PD,223793,MONROE,BLOOMINGTON,BLOOMINGTON,3,,2,0,0,,ST RD 45,,,,,ST RD 45,WALKWAY,,,,N,,0.0,,39.21011386743656,-86.55414064762971,ST RD,,,,URBAN,N,N,N,,DAYLIGHT,CLOUDY,DRY,,T-INTERSECTION,,ASPHALT,FOLLOWING TOO CLOSELY,$5001 TO $10000,REAR END,WALKWAYSTATERD45,0,,2022-10-07 11:35:00,,,
MONROE SD,M22A2583,MONROE,PERRY,BLOOMINGTON,1,,0,0,0,,S SNODDY RD,,,,,S SNODDY RD,E BLUE BIRD LN,,,,N,,0.0,,39.13653,-86.56199,,,,,RURAL,N,N,N,,DAYLIGHT,RAIN,WET,,NO JUNCTION INVOLVED,,ASPHALT,SPEED TOO FAST FOR WEATHER CONDITIONS,$5001 TO $10000,RAN OFF RD,SSNODDYRDEBLUEBIRDLN,0,,2022-02-02 07:57:00,,,
BLOOMINGTON PD,B22-12942,MONROE,PERRY,BLOOMINGTON,2,,0,0,0,,S COLLEGE MALL RD,,,,,S COLLEGE MALL RD,E MOORES PK,,,,Y,,0.0,,39.15330875285145,-86.53373060792357,LOCAL/CITY RD,,,,URBAN,N,N,N,,DARK (LIGHTED),RAIN,WET,,FOUR-WAY INTERSECTION,,ASPHALT,FAILURE TO YIELD RIGHT OF WAY,$2501 TO $5000,RIGHT ANGLE,SCOLLEGEMALLRDEMOORESPK,0,,2022-04-13 20:22:00,,,
BLOOMINGTON PD,B22-21498,MONROE,BLOOMINGTON,BLOOMINGTON,3,,0,0,0,,ST RD 46,,,,,ST RD 46,E ASTGATE LN,,,,Y,,0.0,,39.17897492965943,-86.53471498157049,ST RD,,,,URBAN,N,N,B,,DAYLIGHT,CLEAR,DRY,,NO JUNCTION INVOLVED,,ASPHALT,FOLLOWING TOO CLOSELY,$5001 TO $10000,REAR END,STATERD46EEASTGATELN,0,,2022-06-09 12:50:00,,,
BLOOMINGTON PD,B22-34869,MONROE,PERRY,BLOOMINGTON,2,,1,0,0,,S WALNUT ST,,,,,S WALNUT ST,E N DR,,,,Y,,0.0,,-3.9603298186141076e-05,-1.093130553961975e-05,LOCAL/CITY RD,,,,URBAN,N,N,N,,DAYLIGHT,CLEAR,DRY,,FOUR-WAY INTERSECTION,,ASPHALT,FOLLOWING TOO CLOSELY,$5001 TO $10000,REAR END,SWALNUTSTENORTHDR,0,,2022-09-01 18:28:00,,,
BLOOMINGTON PD,B22-04363,MONROE,BLOOMINGTON,BLOOMINGTON,2,,0,0,0,,E 19TH ST,,,,,E 19TH ST,N LINCOLN ST,,,,Y,,0.0,,39.09290404278204,-86.54415614446647,,,,,URBAN,N,N,N,,DARK (LIGHTED),CLEAR,DRY,,FOUR-WAY INTERSECTION,,ASPHALT,FAILURE TO YIELD RIGHT OF WAY,$1001 TO $2500,RIGHT ANGLE,NLINCOLNSTE19THST,0,,2022-02-08 19:04:00,,,
MONROE SD,M22A18488,MONROE,BEAN BLOSSOM,BLOOMINGTON,2,,1,0,0,,I-69,,,,,I-69,,,,,N,,0.0,,39.17902443051559,-86.53777287792957,,,,,RURAL,N,Y,N,,DAYLIGHT,CLEAR,DRY,,NO JUNCTION INVOLVED,,ASPHALT,UNSAFE LN MOVEMENT,$2501 TO $5000,SAME DIRECTION SIDESWIPE,I-69,0,,2022-07-30 13:20:00,,,
BLOOMINGTON PD,B22-35266,MONROE,PERRY,BLOOMINGTON,3,,2,0,0,,W COUNTRY CLUB DR,,,,,W COUNTRY CLUB DR,S BANTA AVE,,,,Y,,0.0,,39.07094509916609,-86.53644267847099,LOCAL/CITY RD,,,,URBAN,N,N,N,,DAYLIGHT,RAIN,WET,,T-INTERSECTION,,ASPHALT,FOLLOWING TOO CLOSELY,$5001 TO $10000,REAR END,WCOUNTRYCLUBDRSBANTAAVE,0,,2022-09-03 18:29:00,,,
MONROE SD,M22A5299,MONROE,BLOOMINGTON,BLOOMINGTON,1,,0,0,1,,N WALNUT ST,,,,,N WALNUT ST,E WHISNAND RD,,,,N,,0.0,,39.16309821855103,-86.52590148170663,COUNTY RD,,,,RURAL,N,N,N,,DARK (NOT LIGHTED),CLOUDY,DRY,,NO JUNCTION INVOLVED,,ASPHALT,ANIMAL/OBJECT IN RDWAY,$5001 TO $10000,COLLISION WITH DEER,NWALNUTSTEWHISNANDRD,0,,2022-03-06 08:05:00,,,
MONROE SD,M22A16518,MONROE,BLOOMINGTON,,3,,3,0,0,,N WALNUT ST,,,,,N WALNUT ST,E WHISNAND RD,,,,N,,0.0,,39.19364688506807,-86.57142654587267,COUNTY RD,,,,RURAL,N,N,N,,DAYLIGHT,CLEAR,DRY,,NO JUNCTION INVOLVED,,ASPHALT,FOLLOWING TOO CLOSELY,$25001 TO $50000,REAR END,NWALNUTSTEWHISNANDRD,0,,2022-07-10 12:23:00,,,
INDIANA UNIV BLOOMINGTON PD,220600,MONROE,BLOOMINGTON,BLOOMINGTON,2,,0,0,0,,1110,,,,,1110,N EAGLESON AVE,,,,Y,,100.0,,39.16558975023508,-86.57599027880443,LOCAL/CITY RD,,,,URBAN,N,N,N,,DAYLIGHT,CLEAR,DRY,,NO JUNCTION INVOLVED,,ASPHALT,FOLLOWING TOO CLOSELY,$1001 TO $2500,REAR END,NEAGLESONAVE1110,0,,2022-02-15 16:30:00,,,
BLOOMINGTON PD,B22-36275,MONROE,BLOOMINGTON,BLOOMINGTON,2,,0,0,0,,S COLLEGE MALL RD,,,,,S COLLEGE MALL RD,S COLLEGE MALL RD,,,,Y,,0.0,,39.162156639497674,-86.51774018391515,LOCAL/CITY RD,,,,URBAN,N,N,N,,DAYLIGHT,CLEAR,DRY,,FOUR-WAY INTERSECTION,,ASPHALT,FAILURE TO YIELD RIGHT OF WAY,$1001 TO $2500,LEFT TURN,SCOLLEGEMALLRDSCOLLEGEMALLRD,0,,2022-09-09 15:19:00,,,
MONROE SD,M22A23486,MONROE,BEAN BLOSSOM,ELLETTSVILLE,1,,0,0,0,,W BRIGHTON RD,,,,,W BRIGHTON RD,W WAMPLER RD,,,,N,,0.0,,39.17159,-86.51566,COUNTY RD,,,,RURAL,N,N,N,,DARK (NOT LIGHTED),RAIN,WET,,T-INTERSECTION,,ASPHALT,SPEED TOO FAST FOR WEATHER CONDITIONS,$5001 TO $10000,RAN OFF RD,WWAMPLERRDWBRIGHTONRD,0,,2022-09-23 23:20:00,,,
BLOOMINGTON PD,B22-31800,MONROE,PERRY,BLOOMINGTON,2,,0,0,0,822,W 1ST,,,,,W 1ST,,,,,Y,,0.0,,39.013479358210695,-86.54736899580678,PRIVATE DR,,,,URBAN,N,N,N,,DAYLIGHT,CLEAR,DRY,,NO JUNCTION INVOLVED,,ASPHALT,UNSAFE BACKING,$2501 TO $5000,BACKING CRASH,W1STST,0,,2022-08-16 09:17:00,,,
BLOOMINGTON PD,B22-06055,MONROE,VAN BUREN,BLOOMINGTON,2,,0,0,0,,2700 S LEONARD SPRINGS RD,,,,,S LEONARD SPRINGS RD,TAPP RD,,,,Y,,300.0,,39.02586579,-86.54030602,LOCAL/CITY RD,,,,URBAN,N,N,Y,LN CLOSURE,DAYLIGHT,CLOUDY,DRY,,NO JUNCTION INVOLVED,,ASPHALT,FAILURE TO YIELD RIGHT OF WAY,$5001 TO $10000,RIGHT ANGLE,TAPPRD2700BLKSLEONARDSPRINGSRD,0,,2022-02-23 12:52:00,2700.0,,
MONROE SD,M22A18687,MONROE,PERRY,BLOOMINGTON,2,,1,0,0,,E DILLMAN RD,,,,,E DILLMAN RD,S ST RD 37,,,,N,,0.0,,39.16360139177197,-86.64988866744098,LOCAL/CITY RD,,,,URBAN,N,N,N,,DAWN/DUSK,CLOUDY,DRY,,NO JUNCTION INVOLVED,,ASPHALT,DISREGARD SIGNAL/REG SIGN,$25001 TO $50000,RIGHT ANGLE,SOLDSTATERD37EDILLMANRD,0,,2022-08-02 06:21:00,,,
BLOOMINGTON PD,B22-11864,MONROE,RICHLAND,BLOOMINGTON,2,,1,0,0,,N GATES DR,,,,,N GATES DR,W JACOB DR,,,,Y,,0.0,,39.15043352937508,-86.49917521917351,LOCAL/CITY RD,,,,RURAL,N,N,N,,DAYLIGHT,RAIN,WET,,T-INTERSECTION,,CONCRETE,FAILURE TO YIELD RIGHT OF WAY,$5001 TO $10000,LEFT TURN,WJACOBDRNGATESDR,0,,2022-04-06 02:14:00,,,
BLOOMINGTON PD,B22-39453,MONROE,VAN BUREN,BLOOMINGTON,2,,1,0,0,,W 3RD ST,,,,,W 3RD ST,ST RD 37,,,,Y,,0.0,,39.16448720921564,-86.57327653779959,LOCAL/CITY RD,,,,URBAN,N,N,N,,DARK (LIGHTED),CLEAR,DRY,,FOUR-WAY INTERSECTION,,ASPHALT,FAILURE TO YIELD RIGHT OF WAY,$10001 TO $25000,RIGHT ANGLE,W 3RDSTSTATERD37,0,,2022-09-28 06:40:00,,,
MONROE SD,M22A4288,MONROE,BENTON,BLOOMINGTON,2,,0,0,0,,ST RD 45,,,,,ST RD 45,N TUNNEL RD,,,,N,,0.0,,39.121488320977804,-86.53092532977014,ST RD,,,,RURAL,N,N,N,,DARK (NOT LIGHTED),CLEAR,DRY,,NO JUNCTION INVOLVED,,ASPHALT,FOLLOWING TOO CLOSELY,$2501 TO $5000,REAR END,STATERD45NTUNNELRD,0,,2022-02-22 09:24:00,,,
BLOOMINGTON PD,B22-38173,MONROE,PERRY,BLOOMINGTON,2,,0,0,0,,W COUNTRY CLUB DR,,,,,W COUNTRY CLUB DR,S ROGERS ST,,,,Y,,0.0,,39.07859812883889,-86.58315844034716,LOCAL/CITY RD,,,,URBAN,N,N,N,,DAYLIGHT,CLEAR,DRY,,FOUR-WAY INTERSECTION,,ASPHALT,FOLLOWING TOO CLOSELY,UNDER $1001,REAR END,WCOUNTRYCLUBDRSROGERSST,0,,2022-09-21 07:55:00,,,
BLOOMINGTON PD,B22-29188,MONROE,BLOOMINGTON,BLOOMINGTON,1,,0,0,0,,S ROGERS ST,,,,,S ROGERS ST,,,,,Y,,0.0,,39.13947530752799,-86.61027449125177,PRIVATE DR,,,,URBAN,N,N,N,,DAYLIGHT,CLEAR,DRY,,NO JUNCTION INVOLVED,,ASPHALT,OTHER (DRIVER) - EXPLAIN IN NARRATIVE,$1001 TO $2500,RAN OFF RD,SROGERSST,0,,2022-07-30 06:43:00,,,
BLOOMINGTON PD,B22-19643,MONROE,VAN BUREN,BLOOMINGTON,2,,0,0,0,,W ST RD 45,,,,,W ST RD 45,S LEONARD SPRINGS RD,,,,Y,,0.0,,39.1647012859439,-86.45002397532343,ST RD,,,,URBAN,N,N,N,,DARK (LIGHTED),CLEAR,DRY,,FOUR-WAY INTERSECTION,,ASPHALT,FAILURE TO YIELD RIGHT OF WAY,$5001 TO $10000,LEFT TURN,WSTATERD45SLEONARDSPRINGSRD,0,,2022-05-27 22:40:00,,,
BLOOMINGTON PD,B22-08348,MONROE,BLOOMINGTON,BLOOMINGTON,2,,0,0,0,,S WALNUT ST,,,,,S WALNUT ST,E MILLER DR,,,,Y,,634.0,,39.13599638960117,-86.53831903003676,LOCAL/CITY RD,,,,URBAN,N,N,N,,DARK (LIGHTED),CLEAR,DRY,,NO JUNCTION INVOLVED,,ASPHALT,FOLLOWING TOO CLOSELY,$5001 TO $10000,REAR END,SWALNUTSTEMILLERDR,0,,2022-03-12 22:00:00,,,
BLOOMINGTON PD,B22-10888,MONROE,PERRY,BLOOMINGTON,1,,1,0,0,,S WALNUT ST,,,,,S WALNUT ST,E WINSLOW RD,,,,Y,,0.0,,39.16947689173808,-86.52699653128711,LOCAL/CITY RD,,,,URBAN,N,N,N,,DAWN/DUSK,CLOUDY,DRY,,FOUR-WAY INTERSECTION,,ASPHALT,OTHER (DRIVER) - EXPLAIN IN NARRATIVE,$1001 TO $2500,RAN OFF RD,SWALNUTSTEWINSLOWRD,0,,2022-03-30 07:24:00,,,
BLOOMINGTON PD,B22-29498,MONROE,PERRY,BLOOMINGTON,2,,1,0,0,,S COLLEGE AVE,,,,,S COLLEGE AVE,W 1ST,,,,Y,,0.0,,39.23371430251968,-86.62472521046426,LOCAL/CITY RD,,,,URBAN,N,N,N,,DAYLIGHT,CLOUDY,WET,,FOUR-WAY INTERSECTION,,ASPHALT,UNSAFE LN MOVEMENT,$2501 TO $5000,SAME DIRECTION SIDESWIPE,W.1STSTS.COLLEGEAVE,0,,2022-08-01 11:00:00,,,
BLOOMINGTON PD,B22-06439,MONROE,PERRY,BLOOMINGTON,2,,0,0,0,,S BASSWOOD DR,,,,,S BASSWOOD DR,GREENLEAF CT,,,,Y,,0.0,,39.14501,-86.57776,LOCAL/CITY RD,,,,URBAN,N,N,N,,DAYLIGHT,CLEAR,DRY,,T-INTERSECTION,,ASPHALT,FAILURE TO YIELD RIGHT OF WAY,$2501 TO $5000,RIGHT ANGLE,S.BASSWOODDRGREENLEAFCT,0,,2022-02-26 13:03:00,,,
BLOOMINGTON PD,B22-06565,MONROE,BLOOMINGTON,BLOOMINGTON,2,,1,0,0,,E 17TH ST,,,,,E 17TH ST,N WALNUT ST,,,,Y,,0.0,,39.22003405890864,-86.60375596503975,LOCAL/CITY RD,,,,URBAN,N,N,N,,DAYLIGHT,CLEAR,DRY,,FOUR-WAY INTERSECTION,,ASPHALT,DISREGARD SIGNAL/REG SIGN,$10001 TO $25000,RIGHT ANGLE,NWALNUTSTE17THST,0,,2022-02-27 09:35:00,,,
BLOOMINGTON PD,B22-23406,MONROE,PERRY,BLOOMINGTON,2,,0,0,0,3100,S WALNUT ST PK,,,,,S WALNUT ST PK,,,,,Y,,0.0,,39.16238666367214,-86.53241122065079,PRIVATE DR,,,,URBAN,N,N,N,,DAYLIGHT,CLEAR,DRY,,NO JUNCTION INVOLVED,,ASPHALT,UNSAFE BACKING,$1001 TO $2500,BACKING CRASH,SWALNUTSTPK,0,,2022-06-22 13:29:00,,,
BLOOMINGTON PD,B22-06852,MONROE,RICHLAND,BLOOMINGTON,2,,1,0,0,,W 3RD ST,,,,,W 3RD ST,,,,,Y,,0.0,,39.164481713323504,-86.56363173419108,LOCAL/CITY RD,,,,URBAN,N,N,N,,DAYLIGHT,CLEAR,DRY,,FOUR-WAY INTERSECTION,,ASPHALT,FAILURE TO YIELD RIGHT OF WAY,$2501 TO $5000,RIGHT ANGLE,W 3RDST,0,,2022-03-01 16:45:00,,,
INDIANA UNIV BLOOMINGTON PD,220844,MONROE,BLOOMINGTON,BLOOMINGTON,1,,0,0,0,,E 10TH ST,,,,,E 10TH ST,JEFFERSON ST,,,,Y,,126.0,,39.16359,-86.44433,LOCAL/CITY RD,,,,URBAN,N,N,N,,DAYLIGHT,CLEAR,DRY,,RAILRD CROSSINGS,,ASPHALT,OVERSIZE/OVERWEIGHT LOAD,$2501 TO $5000,COLLISION WITH OBJECT IN RD,JEFFERSONSTE 10THST,0,,2022-03-04 13:35:00,,,
BLOOMINGTON PD,B22-40855,MONROE,BLOOMINGTON,BLOOMINGTON,2,,0,0,0,,W 17TH ST,,,,,W 17TH ST,N KINSER PK,,,,Y,,264.0,,39.16417777445934,-86.47632552342652,LOCAL/CITY RD,,,,URBAN,N,N,N,,DAYLIGHT,CLEAR,DRY,,NO JUNCTION INVOLVED,,ASPHALT,FAILURE TO YIELD RIGHT OF WAY,$5001 TO $10000,RIGHT ANGLE,W17THSTNKINSERPK,0,,2022-10-05 00:01:00,,,
BLOOMINGTON PD,B22-27051,MONROE,BLOOMINGTON,BLOOMINGTON,1,,0,0,0,,N WASHINGTON ST,,,,,N WASHINGTON ST,E 6TH ST,,,,Y,,0.0,,39.16943630894986,-86.53361960593556,LOCAL/CITY RD,,,,URBAN,N,N,N,,DAYLIGHT,CLEAR,DRY,,NO JUNCTION INVOLVED,,ASPHALT,UNSAFE LN MOVEMENT,$5001 TO $10000,COLLISION WITH OBJECT IN RD,NWASHINGTONSTE6THST,0,,2022-07-15 10:30:00,,,
MONROE SD,M22A10185,MONROE,WASHINGTON,BLOOMINGTON,1,,0,0,0,,N THOMPSON RD,,,,,N THOMPSON RD,SAMPLE RD,,,,N,,792.0,,39.18309,-86.54323,LOCAL/CITY RD,,,,RURAL,N,N,N,,DAYLIGHT,CLOUDY,DRY,,NO JUNCTION INVOLVED,,ASPHALT,OVERCORRECTING/OVERSTEERING,$5001 TO $10000,RAN OFF RD,SAMPLERDNTHOMPSONRD,0,,2022-05-04 19:10:00,,,
BLOOMINGTON PD,B22-26960,MONROE,BLOOMINGTON,BLOOMINGTON,1,,1,0,0,,S FRANKLIN RD,,,,,S FRANKLIN RD,W 3RD ST,,,,Y,,0.0,,39.164516259781045,-86.57330322385982,LOCAL/CITY RD,,,,URBAN,N,N,N,,DAWN/DUSK,CLEAR,DRY,,FOUR-WAY INTERSECTION,,ASPHALT,OTHER (DRIVER) - EXPLAIN IN NARRATIVE,UNDER $1001,RIGHT TURN,W 3RDSTSFRANKLINRD,1,,2022-07-14 20:39:00,,True,
BLOOMINGTON PD,B22-22118,MONROE,BLOOMINGTON,BLOOMINGTON,2,,0,0,0,,116 N GRANT ST,,,,,N GRANT ST,,,,,Y,,0.0,,39.168382730158314,-86.4950506835321,PRIVATE DR,,,,URBAN,N,N,N,,DAYLIGHT,CLEAR,DRY,,NO JUNCTION INVOLVED,,ASPHALT,UNSAFE BACKING,$5001 TO $10000,BACKING CRASH,116NGRANTST,0,,2022-06-13 06:45:00,116.0,,
BLOOMINGTON PD,B22-38943,MONROE,BLOOMINGTON,BLOOMINGTON,2,,0,0,0,3140,W WHITEHALL CROSSING BLVD,,,,,W WHITEHALL CROSSING BLVD,,,,,Y,,0.0,,39.16455541322701,-86.57619429728985,LOCAL/CITY RD,,,,URBAN,N,N,N,,DAYLIGHT,CLEAR,DRY,,NO JUNCTION INVOLVED,,ASPHALT,FAILURE TO YIELD RIGHT OF WAY,$2501 TO $5000,RIGHT ANGLE,W.WHITEHALLCROSSINGBLVD,0,,2022-09-25 15:55:00,,,
INDIANA UNIV BLOOMINGTON PD,221042,MONROE,BLOOMINGTON,BLOOMINGTON,3,,1,0,0,,ST RD 45,,,,,ST RD 45,10TH. ST,,,,Y,,845.0,,39.17915,-86.58308,LOCAL/CITY RD,,,,URBAN,N,N,N,,DAYLIGHT,CLEAR,DRY,,NO JUNCTION INVOLVED,,ASPHALT,FOLLOWING TOO CLOSELY,$25001 TO $50000,REAR END,STATERD4510TH.ST,0,,2022-03-20 12:36:00,,,