Agency,Local Code,County,Township,City,Vehicles Involved,Trailers Involved,Number Injured,Number Dead,Number Deer,House Number,Roadway Name,Roadway Suffix,Roadway Number,Roadway Interchange,Roadway Ramp,Roadway Id,Intersecting Road,Intersecting Road Number,Mile Marker,Interchange,Corporate Limits?,Property Type,Feet From,Direction,Latitude,Longitude,Roadway Class,Traffic Control Devices?,Aggressive Driving?,Hit and Run?,Locality,School Zone?,Rumble Strips?,Construction?,Construction Type,Light Condition,Weather Conditions,Surface Condition,Type of Median,Roadway Junction Type,Road Character,Roadway Surface,Primary Factor,Damage Estimate,Manner of Collision,Unique Location Id,State Property Damage?,Traffic Control,DateTime,Address Number,Cyclist Involved,Pedestrian Involved
ISP BLOOMINGTON 33,2.022E+11,MONROE,VAN BUREN,BLOOMINGTON,2,,0,0,0,,ST RD 48,,,,,ST RD 48,ST RD 48-100-RAMP D,,,,Y,,0.0,,39.16427,-86.5132,ST RD,,,,URBAN,N,N,N,,DAYLIGHT,CLOUDY,DRY,,FOUR-WAY INTERSECTION,,ASPHALT,FAILURE TO YIELD RIGHT OF WAY,$10001 TO $25000,RIGHT ANGLE,ST RD 48-100-RAMPDST RD 48,0,,2022-05-10 10:55:00,,,
BLOOMINGTON PD,B22-13058,MONROE,PERRY,BLOOMINGTON,2,,0,0,0,1275,S COLLEGE MALL RD,,,,,S COLLEGE MALL RD,,,,,Y,,0.0,,39.164366928071146,-86.55197169888716,PRIVATE DR,,,,URBAN,N,N,N,,DAYLIGHT,CLEAR,DRY,,NO JUNCTION INVOLVED,,ASPHALT,FAILURE TO YIELD RIGHT OF WAY,$1001 TO $2500,SAME DIRECTION SIDESWIPE,SCOLLEGEMALLRD,0,,2022-04-14 15:25:00,,,
BLOOMINGTON PD,B22-25706,MONROE,BLOOMINGTON,BLOOMINGTON,2,,0,0,0,,W 3RD ST,,,,,W 3RD ST,S LIBERTY DR,,,,Y,,0.0,,39.15332213447179,-86.53375007117981,LOCAL/CITY RD,,,,URBAN,N,N,N,,DAYLIGHT,CLEAR,DRY,,NO JUNCTION INVOLVED,,ASPHALT,FOLLOWING TOO CLOSELY,$1001 TO $2500,REAR END,W 3RDSTSLIBERTYDR,0,,2022-07-06 16:58:00,,,
MONROE SD,M22A22687,MONROE,BEAN BLOSSOM,BLOOMINGTON,1,,0,0,0,,ST RD 46,,,,,ST RD 46,,,,,N,,0.0,,39.162788869834586,-86.52727850939031,ST RD,,,,RURAL,N,N,N,,DARK (NOT LIGHTED),CLEAR,DRY,,T-INTERSECTION,,ASPHALT,FAILURE TO MAINTAIN LN,$10001 TO $25000,RAN OFF RD,STATERD46,0,,2022-09-14 20:24:00,,,
BLOOMINGTON PD,B22-39708,MONROE,BLOOMINGTON,BLOOMINGTON,2,,0,0,0,,N PROW RD,,,,,N PROW RD,W ARLINGTON RD,,,,Y,,0.0,,39.17147312074668,-86.4979556993778,LOCAL/CITY RD,,,,URBAN,N,N,N,,DAYLIGHT,CLEAR,DRY,,T-INTERSECTION,,ASPHALT,UNSAFE LN MOVEMENT,UNDER $1001,SAME DIRECTION SIDESWIPE,WARLINGTONRDNPROWRD,0,,2022-09-29 07:41:00,,,
BLOOMINGTON PD,B22-40498,MONROE,PERRY,BLOOMINGTON,2,,0,0,0,,E WINSLOW RD,,,,,E WINSLOW RD,S WALNUT ST PK,,,,Y,,0.0,,39.13161777309742,-86.48964839381176,LOCAL/CITY RD,,,,URBAN,N,N,N,,DAYLIGHT,CLEAR,DRY,,FOUR-WAY INTERSECTION,,ASPHALT,FOLLOWING TOO CLOSELY,$2501 TO $5000,REAR END,SWALNUTSTPKEWINSLOWRD,0,,2022-10-03 16:37:00,,,
BLOOMINGTON PD,B22-23354,MONROE,PERRY,BLOOMINGTON,2,,0,0,0,,I-69,,,,,I-69,,,,,Y,,0.0,,39.150471769553526,-86.49825771241234,INTERSTATE,,,,URBAN,N,N,N,,DARK (NOT LIGHTED),CLEAR,DRY,,RAMP,,ASPHALT,FAILURE TO YIELD RIGHT OF WAY,$1001 TO $2500,SAME DIRECTION SIDESWIPE,I-69,0,,2022-06-22 05:37:00,,,
INDIANA UNIV BLOOMINGTON PD,223728,MONROE,BLOOMINGTON,BLOOMINGTON,2,,0,0,0,,E 10TH ST,,,,,E 10TH ST,N UNION ST,,,,Y,,0.0,,39.17014951956178,-86.50137800880103,LOCAL/CITY RD,,,,URBAN,N,N,N,,DAYLIGHT,CLEAR,DRY,,NO JUNCTION INVOLVED,,ASPHALT,FOLLOWING TOO CLOSELY,$1001 TO $2500,REAR END,NUNIONSTE 10THST,0,,2022-10-04 11:22:00,,,
BLOOMINGTON PD,B22-04943,MONROE,BLOOMINGTON,BLOOMINGTON,2,,0,0,0,322,E KIRKWOOD AVE,,,,,E KIRKWOOD AVE,,,,,Y,,0.0,,39.14299273710762,-86.53150762628849,,,,,URBAN,N,N,N,,DARK (LIGHTED),CLEAR,DRY,,NO JUNCTION INVOLVED,,ASPHALT,OTHER (DRIVER) - EXPLAIN IN NARRATIVE,$1001 TO $2500,OTHER - EXPLAIN IN NARRATIVE,EKIRKWOODAVE,0,,2022-02-09 19:00:00,,,
BLOOMINGTON PD,B22-40619,MONROE,PERRY,BLOOMINGTON,2,,0,0,0,,E 3RD ST,,,,,E 3RD ST,S HIGH ST,,,,Y,,0.0,,39.18108053663663,-86.53093735539832,LOCAL/CITY RD,,,,URBAN,N,N,N,,DAYLIGHT,CLEAR,DRY,,FOUR-WAY INTERSECTION,,ASPHALT,FOLLOWING TOO CLOSELY,$2501 TO $5000,REAR END,S.HIGHSTE 3RDST,0,,2022-10-04 09:34:00,,,
INDIANA UNIV BLOOMINGTON PD,221070,MONROE,BLOOMINGTON,BLOOMINGTON,2,,0,0,0,,E 10TH ST,,,,,E 10TH ST,,,,,Y,,0.0,,39.31023913551307,-86.51387308911985,PRIVATE DR,,,,URBAN,N,N,N,,DARK (NOT LIGHTED),CLEAR,DRY,,NO JUNCTION INVOLVED,,ASPHALT,IMPROPER TURNING,$2501 TO $5000,SAME DIRECTION SIDESWIPE,E 10THST,0,,2022-03-21 20:00:00,,,
INDIANA UNIV BLOOMINGTON PD,221268,MONROE,BLOOMINGTON,BLOOMINGTON,2,,0,0,0,,N UNION ST,,,,,N UNION ST,,,,,Y,,0.0,,39.136231466510665,-86.54484852733022,LOCAL/CITY RD,,,,URBAN,N,N,N,,DAYLIGHT,CLOUDY,WET,,NO JUNCTION INVOLVED,,ASPHALT,OTHER (DRIVER) - EXPLAIN IN NARRATIVE,$1001 TO $2500,OTHER - EXPLAIN IN NARRATIVE,NUNIONST,0,,2022-04-05 10:22:00,,,
BLOOMINGTON PD,B22-40332,MONROE,BLOOMINGTON,BLOOMINGTON,2,,1,0,0,,E 3RD ST,,,,,E 3RD ST,S PARK RIDGE RD,,,,Y,,0.0,,39.22263953317961,-86.52913688313008,LOCAL/CITY RD,,,,URBAN,N,N,N,,DARK (LIGHTED),CLEAR,DRY,,FOUR-WAY INTERSECTION,,ASPHALT,FAILURE TO YIELD RIGHT OF WAY,$5001 TO $10000,RIGHT ANGLE,SPARKRIDGERDE 3RDST,0,,2022-10-02 06:40:00,,,
BLOOMINGTON PD,B22-05322,MONROE,PERRY,BLOOMINGTON,1,,0,0,0,,S DR,,,,,S DR,WALNUT ST,,,,Y,,400.0,,39.22263461095603,-86.52911057519732,LOCAL/CITY RD,,,,URBAN,Y,N,N,,DAYLIGHT,RAIN,WET,,NO JUNCTION INVOLVED,,ASPHALT,DRIVER DISTRACTED - EXPLAIN IN NARRATIVE,$5001 TO $10000,OTHER - EXPLAIN IN NARRATIVE,WALNUTSTSOUTHDR,0,,2022-02-17 09:20:00,,,
INDIANA UNIV BLOOMINGTON PD,221950,MONROE,BLOOMINGTON,BLOOMINGTON,2,,1,0,0,,ST RD 45,,,,,ST RD 45,E 17TH ST,,,,Y,,0.0,,39.17678387411451,-86.51263738599582,ST RD,,,,URBAN,N,N,N,,DAYLIGHT,CLEAR,DRY,,T-INTERSECTION,,ASPHALT,FAILURE TO YIELD RIGHT OF WAY,$25001 TO $50000,RIGHT ANGLE,STATERD45E17THST,0,,2022-05-23 18:05:00,,,
BLOOMINGTON PD,B22-33353,MONROE,BLOOMINGTON,BLOOMINGTON,2,,1,0,0,,W 6TH ST,,,,,W 6TH ST,N ROGERS ST,,,,Y,,0.0,,39.15753060436742,-86.5348577673972,,,,,URBAN,N,N,N,,DAYLIGHT,CLEAR,DRY,,FOUR-WAY INTERSECTION,,ASPHALT,FAILURE TO YIELD RIGHT OF WAY,$10001 TO $25000,RIGHT ANGLE,W6THSTNROGERSST,0,,2022-08-24 10:00:00,,,
ELLETTSVILLE PD,E22-02156,MONROE,RICHLAND,ELLETTSVILLE,2,,0,0,0,,W TEMPERANCE ST,,,,,W TEMPERANCE ST,W MAPLE GROVE RD,,,,Y,,0.0,,39.332483444908185,-86.6393141898405,ST RD,,,,RURAL,N,N,N,,DARK (NOT LIGHTED),CLEAR,DRY,,T-INTERSECTION,,ASPHALT,OTHER (DRIVER) - EXPLAIN IN NARRATIVE,$5001 TO $10000,REAR END,WTEMPERANCESTWMAPLEGROVERD,0,,2022-06-11 22:01:00,,,
ISP BLOOMINGTON 33,2.022E+11,MONROE,BLOOMINGTON,BLOOMINGTON,2,,0,0,0,,ST RD 46,,,,,ST RD 46,CURRY PK,,,,N,,1000.0,,39.159419628745894,-86.54426255229275,ST RD,,,,URBAN,N,N,Y,LN CLOSURE,DAYLIGHT,CLEAR,DRY,,NO JUNCTION INVOLVED,,ASPHALT,UNSAFE BACKING,$2501 TO $5000,REAR END,STATERD46CURRYPK,0,,2022-06-30 12:45:00,,,
MONROE SD,M22A17893,MONROE,WASHINGTON,BLOOMINGTON,1,,0,0,0,,I-69,,,,,I-69,,,130.5,,N,,400.0,,39.136790630483524,-86.58263284015969,INTERSTATE,,,,RURAL,N,N,N,,DAYLIGHT,RAIN,WET,,NO JUNCTION INVOLVED,,ASPHALT,SPEED TOO FAST FOR WEATHER CONDITIONS,$2501 TO $5000,RAN OFF RD,I-69130.5,0,,2022-07-24 19:24:00,,,
BLOOMINGTON PD,B22-28472,MONROE,PERRY,BLOOMINGTON,2,,0,0,0,,PATTERSON DR,,,,,PATTERSON DR,S FAIRVIEW ST,,,,Y,,0.0,,39.09290580987062,-86.54415037650624,LOCAL/CITY RD,,,,URBAN,N,N,N,,DAYLIGHT,CLOUDY,DRY,,FOUR-WAY INTERSECTION,,ASPHALT,FAILURE TO YIELD RIGHT OF WAY,$1001 TO $2500,OPPOSITE DIRECTION SIDESWIPE,SFAIRVIEWSTPATTERSONDR,0,,2022-07-25 12:43:00,,,
INDIANA UNIV BLOOMINGTON PD,223276,MONROE,BLOOMINGTON,BLOOMINGTON,2,,2,0,0,,E 10TH ST,,,,,E 10TH ST,N FEE LN,,,,Y,,0.0,,39.16559944759185,-86.57601487099014,LOCAL/CITY RD,,,,URBAN,N,N,N,,DAYLIGHT,CLEAR,DRY,,T-INTERSECTION,,ASPHALT,FOLLOWING TOO CLOSELY,UNDER $1001,REAR END,NFEELNE 10THST,0,,2022-09-13 19:37:00,,,
BLOOMINGTON PD,B22-22435,MONROE,PERRY,BLOOMINGTON,1,,0,1,0,,E MOORES PK,,,,,E MOORES PK,S ARBORS LN,,,,Y,,0.0,,39.16453,-86.57327,LOCAL/CITY RD,,,,URBAN,N,N,N,,DAYLIGHT,CLEAR,DRY,,NO JUNCTION INVOLVED,,ASPHALT,OTHER (DRIVER) - EXPLAIN IN NARRATIVE,$50001 TO $100000,RAN OFF RD,SARBORSLNEMOORESPK,0,,2022-06-15 16:51:00,,,
BLOOMINGTON PD,B22-05474,MONROE,RICHLAND,BLOOMINGTON,2,,0,0,0,,N GATES DR,,,,,N GATES DR,W ALEXANDER DR,,,,Y,,0.0,,39.23,-86.43165,LOCAL/CITY RD,,,,URBAN,N,N,N,,DAYLIGHT,CLEAR,DRY,,FOUR-WAY INTERSECTION,,ASPHALT,FAILURE TO YIELD RIGHT OF WAY,$1001 TO $2500,RIGHT ANGLE,WALEXANDERDRNGATESDR,0,,2022-02-18 17:19:00,,,
BLOOMINGTON PD,B22-10457,MONROE,BLOOMINGTON,BLOOMINGTON,2,,0,0,0,,115 S ST RD 46,,,,,S ST RD 46,,,,,Y,,0.0,,39.13599201595671,-86.53828236112307,PRIVATE DR,,,,URBAN,N,N,N,,DAYLIGHT,CLEAR,DRY,,NO JUNCTION INVOLVED,,ASPHALT,UNSAFE BACKING,$1001 TO $2500,BACKING CRASH,115SSTATERD46,0,,2022-03-27 16:09:00,115.0,,
ELLETTSVILLE PD,E22-01657,MONROE,RICHLAND,ELLETTSVILLE,2,,0,0,0,,S 5TH,,,,,S 5TH,W TEMPERANCE ST,,,,Y,,50.0,,39.144579567858614,-86.53890647692887,LOCAL/CITY RD,,,,URBAN,N,N,N,,DAYLIGHT,CLEAR,DRY,,NO JUNCTION INVOLVED,,ASPHALT,UNSAFE BACKING,$5001 TO $10000,BACKING CRASH,WTEMPERANCESTS5TH,0,,2022-05-03 12:30:00,,,
MONROE SD,M22A18926,MONROE,PERRY,BLOOMINGTON,2,,0,0,0,4025,S ST RD 37,,,,,S ST RD 37,,,,,N,,0.0,,39.14194664926744,-86.58261825943679,,,,,URBAN,N,N,N,,DAYLIGHT,CLOUDY,DRY,,NO JUNCTION INVOLVED,,ASPHALT,UNSAFE BACKING,$1001 TO $2500,SAME DIRECTION SIDESWIPE,SOLDSTATERD37,0,,2022-08-04 11:37:00,,,
BLOOMINGTON PD,B22-36617,MONROE,PERRY,BLOOMINGTON,2,,1,0,0,,W 1ST,,,,,W 1ST,S COLLEGE AVE,,,,Y,,0.0,,39.14686770925033,-86.53267314150125,LOCAL/CITY RD,,,,URBAN,N,N,N,,DAYLIGHT,RAIN,WATER (STANDING OR MOVING),,FOUR-WAY INTERSECTION,,ASPHALT,IMPROPER TURNING,$10001 TO $25000,SAME DIRECTION SIDESWIPE,W1STSTSCOLLEGEAVE,0,,2022-09-11 13:30:00,,,
BLOOMINGTON PD,B22-14515,MONROE,BLOOMINGTON,BLOOMINGTON,2,,0,0,0,,N MONROE ST,,,,,N MONROE ST,W 11TH ST,,,,Y,,0.0,,39.13594978477749,-86.53115794314186,LOCAL/CITY RD,,,,URBAN,N,N,N,,DAYLIGHT,CLEAR,DRY,,NO JUNCTION INVOLVED,,ASPHALT,FAILURE TO MAINTAIN LN,$5001 TO $10000,REAR END,W11THSTNMONROEST,0,,2022-04-23 05:55:00,,,
ELLETTSVILLE PD,E22-03024,MONROE,RICHLAND,ELLETTSVILLE,2,,0,0,0,,E TEMPERANCE ST,,,,,E TEMPERANCE ST,S PAUL ST,,,,Y,,0.0,,39.15938,-86.53505,ST RD,,,,RURAL,Y,N,N,,DAYLIGHT,CLOUDY,DRY,,NO JUNCTION INVOLVED,,ASPHALT,UNSAFE LN MOVEMENT,$5001 TO $10000,LEFT TURN,SPAULSTETEMPERANCEST,0,,2022-08-12 16:22:00,,,
MONROE SD,M22A21837,MONROE,VAN BUREN,BLOOMINGTON,1,,0,0,0,,S MARKET PL,,,,,S MARKET PL,,,,,N,,0.0,,39.15360988690811,-86.57250907585075,PRIVATE DR,,,,RURAL,N,N,N,,DARK (LIGHTED),RAIN,WET,,NO JUNCTION INVOLVED,,ASPHALT,OTHER (DRIVER) - EXPLAIN IN NARRATIVE,$25001 TO $50000,OTHER - EXPLAIN IN NARRATIVE,SMARKETPL,0,,2022-09-05 21:43:00,,,
INDIANA UNIV BLOOMINGTON PD,220731,MONROE,BLOOMINGTON,BLOOMINGTON,3,,4,0,0,,,,,,,,,,,,N,,0.0,,39.17892511265799,-86.53349434063945,,,,,URBAN,N,N,N,,DAYLIGHT,CLOUDY,DRY,,NO JUNCTION INVOLVED,,ASPHALT,FOLLOWING TOO CLOSELY,$10001 TO $25000,REAR END,,0,,2022-02-25 15:20:00,,,
ISP BLOOMINGTON 33,2.022E+11,MONROE,BEAN BLOSSOM,ELLETTSVILLE,1,,0,0,0,,N STINESVILLE RD,,,,,N STINESVILLE RD,HEDRICK RD,,,,N,,500.0,,39.12854228,-86.52754044,COUNTY RD,,,,RURAL,N,N,N,,DAYLIGHT,CLEAR,MUDDY,,INTERCHANGE,,ASPHALT,,$5001 TO $10000,RAN OFF RD,NSTINESVILLERDHEDRICKRD,0,,2022-04-12 11:24:00,,,
BLOOMINGTON PD,B22-15814,MONROE,PERRY,BLOOMINGTON,2,,0,0,0,,E 3RD ST,,,,,E 3RD ST,ST RD 46,,,,Y,,0.0,,39.16556835979309,-86.57743126974621,LOCAL/CITY RD,,,,URBAN,N,N,N,,DARK (LIGHTED),CLEAR,DRY,,NO JUNCTION INVOLVED,,ASPHALT,FAILURE TO YIELD RIGHT OF WAY,$2501 TO $5000,LEFT TURN,STATERD46E 3RDST,0,,2022-05-01 21:53:00,,,
INDIANA UNIV BLOOMINGTON PD,223022,MONROE,BLOOMINGTON,BLOOMINGTON,2,,0,0,0,,N UNION CT,,,,,N UNION CT,N UNION ST,,,,Y,,0.0,,39.17138839908671,-86.50722832108349,LOCAL/CITY RD,,,,URBAN,N,N,N,,DAYLIGHT,CLEAR,DRY,,NO JUNCTION INVOLVED,,ASPHALT,IMPROPER TURNING,$1001 TO $2500,SAME DIRECTION SIDESWIPE,NUNIONSTNUNIONCT,0,,2022-09-01 15:55:00,,,
BLOOMINGTON PD,B22-38625,MONROE,BLOOMINGTON,BLOOMINGTON,2,,0,0,0,,W VERNAL PK,,,,,W VERNAL PK,N CRESCENT RD,,,,Y,,0.0,,39.17904,-86.53774,LOCAL/CITY RD,,,,URBAN,N,N,N,,DAYLIGHT,CLOUDY,DRY,,T-INTERSECTION,,CONCRETE,FAILURE TO YIELD RIGHT OF WAY,$2501 TO $5000,LEFT TURN,WVERNALPKNCRESCENTRD,0,,2022-09-23 15:28:00,,,
MONROE SD,M22A7471,MONROE,VAN BUREN,BLOOMINGTON,3,,0,0,0,,N OARD,,,,,N OARD,,,48.0,,N,,0.0,,39.167518698857045,-86.53235276761568,LOCAL/CITY RD,,,,RURAL,N,N,N,,DAYLIGHT,CLEAR,DRY,,NO JUNCTION INVOLVED,,ASPHALT,UNSAFE BACKING,$50001 TO $100000,BACKING CRASH,NOARDRD48,0,,2022-04-02 08:40:00,,,True
ISP BLOOMINGTON 33,2.022E+11,MONROE,PERRY,BLOOMINGTON,2,,0,0,0,,ST RD 45,,,,,ST RD 45,LIBERTY DR,,,,Y,,0.0,,39.26581033989883,-86.52421183098258,ST RD,,,,URBAN,N,N,N,,DAYLIGHT,CLOUDY,DRY,,FOUR-WAY INTERSECTION,,ASPHALT,FAILURE TO YIELD RIGHT OF WAY,$2501 TO $5000,SAME DIRECTION SIDESWIPE,ST RD 45LIBERTYDR,0,,2022-05-25 10:55:00,,,
BLOOMINGTON PD,B22-19260,MONROE,BLOOMINGTON,BLOOMINGTON,1,,0,0,0,,3824 W 3RD ST ,,,,,W 3RD ST ,,,,,Y,,0.0,,39.16453480701153,-86.57020974700389,PRIVATE DR,,,,URBAN,N,N,N,,DAYLIGHT,CLOUDY,DRY,,NO JUNCTION INVOLVED,,ASPHALT,UNSAFE BACKING,$1001 TO $2500,BACKING CRASH,"3824W 3RDSTBLOOMINGTON,IN",0,,2022-05-25 11:51:00,3824.0,,
MONROE SD,M22A22305,MONROE,RICHLAND,BLOOMINGTON,2,,1,0,0,,W ST RD 46,,,,,W ST RD 46,N CURRY,,,,N,,500.0,,,,ST RD,,,,RURAL,N,Y,N,,DAYLIGHT,CLEAR,DRY,,NO JUNCTION INVOLVED,,ASPHALT,FOLLOWING TOO CLOSELY,$10001 TO $25000,REAR END,WST RD 46NCURRY,0,,2022-09-10 12:34:00,,,
MONROE SD,M22A13279,MONROE,PERRY,BLOOMINGTON,2,,0,0,0,,S ADAMS ST,,,,,S ADAMS ST,W ALLEN ST,,,,N,,0.0,,39.17231479530689,-86.57165179222582,LOCAL/CITY RD,,,,RURAL,N,N,N,,DAYLIGHT,RAIN,WET,,FOUR-WAY INTERSECTION,,ASPHALT,DISREGARD SIGNAL/REG SIGN,$2501 TO $5000,RIGHT ANGLE,WALLENSTSADAMSST,0,,2022-06-06 16:59:00,,,
BLOOMINGTON PD,B22-32736,MONROE,PERRY,BLOOMINGTON,2,,0,0,0,,S MITCHELL ST,,,,,S MITCHELL ST,E ATWATER AVE,,,,Y,,0.0,,39.17675667143004,-86.47851380067468,LOCAL/CITY RD,,,,URBAN,N,N,N,,DAYLIGHT,CLEAR,DRY,,FOUR-WAY INTERSECTION,,ASPHALT,FAILURE TO YIELD RIGHT OF WAY,$5001 TO $10000,RIGHT ANGLE,SMITCHELLSTEATWATERAVE,0,,2022-08-20 19:18:00,,,
BLOOMINGTON PD,B22-07986,MONROE,PERRY,BLOOMINGTON,2,,0,0,0,,W PATTERSON DR,,,,,W PATTERSON DR,S ROGERS ST,,,,Y,,0.0,,39.17059329795704,-86.68077720058768,LOCAL/CITY RD,,,,URBAN,N,N,N,,DAYLIGHT,CLOUDY,DRY,,FOUR-WAY INTERSECTION,,ASPHALT,FOLLOWING TOO CLOSELY,$2501 TO $5000,REAR END,WPATTERSONDRSROGERSST,0,,2022-03-10 13:20:00,,,
BLOOMINGTON PD,B22-23749,MONROE,BLOOMINGTON,BLOOMINGTON,2,,1,0,0,,E 7TH ST,,,,,E 7TH ST,N LINCOLN ST,,,,Y,,0.0,,39.15236698605635,-86.49606249345226,LOCAL/CITY RD,,,,URBAN,N,N,N,,DAYLIGHT,CLOUDY,DRY,,FOUR-WAY INTERSECTION,,ASPHALT,FAILURE TO YIELD RIGHT OF WAY,$10001 TO $25000,RIGHT ANGLE,NLINCOLNSTE7THST,0,,2022-06-24 14:51:00,,,
BLOOMINGTON PD,B22-31096,MONROE,PERRY,BLOOMINGTON,2,,0,0,0,,W 4TH ST,,,,,W 4TH ST,S WALNUT ST,,,,Y,,0.0,,39.164597223087014,-86.579149640212,LOCAL/CITY RD,,,,URBAN,N,N,N,,DAYLIGHT,CLEAR,DRY,,NO JUNCTION INVOLVED,,ASPHALT,FAILURE TO YIELD RIGHT OF WAY,$2501 TO $5000,RIGHT ANGLE,W4THSTSWALNUTST,0,,2022-08-11 12:13:00,,,
DNR LAW ENFORCEMENT,06-22-00748,MONROE,POLK,BLOOMINGTON,1,,0,0,0,,TOWER RIDGE RD,,,,,TOWER RIDGE RD,,,,,N,,0.0,,39.281132556627966,-86.68220170550812,,,,,RURAL,N,N,N,,DAYLIGHT,CLEAR,LOOSE MATERIAL ON RD,,NO JUNCTION INVOLVED,,GRAVEL,UNSAFE SPEED,$2501 TO $5000,RAN OFF RD,TOWERRIDGERD,0,,2022-04-07 18:30:00,,,
BLOOMINGTON PD,B22-10131,MONROE,PERRY,BLOOMINGTON,2,,0,0,0,,S WALNUT ST,,,,,S WALNUT ST,S DR,,,,Y,,0.0,,39.192351035968755,-86.55264499972373,LOCAL/CITY RD,,,,URBAN,Y,N,N,,DAWN/DUSK,CLOUDY,DRY,,FOUR-WAY INTERSECTION,,ASPHALT,DISREGARD SIGNAL/REG SIGN,$5001 TO $10000,RIGHT ANGLE,SOUTHDRS.WALNUTST,0,,2022-03-25 07:41:00,,,
MONROE SD,M22A19210,MONROE,VAN BUREN,BLOOMINGTON,1,,0,0,1,,S KIRBY RD,,,,,S KIRBY RD,S FIELDSTONE BLVD,,,,N,,0.0,,39.135937876136715,-86.5311587526588,COUNTY RD,,,,RURAL,N,N,N,,DARK (NOT LIGHTED),CLEAR,DRY,,T-INTERSECTION,,ASPHALT,ANIMAL/OBJECT IN RDWAY,$5001 TO $10000,COLLISION WITH DEER,SKIRBYRDSFIELDSTONEBLVD,0,,2022-08-07 03:39:00,,,
MONROE SD,M22A11046,MONROE,PERRY,BLOOMINGTON,2,,1,0,0,,E RAYLETOWN RD,,,,,E RAYLETOWN RD,S FAIRFAX RD,,,,N,,0.0,,39.18375429901453,-86.55699479560715,LOCAL/CITY RD,,,,URBAN,N,N,N,,DAYLIGHT,CLEAR,DRY,,FOUR-WAY INTERSECTION,,ASPHALT,DISREGARD SIGNAL/REG SIGN,$10001 TO $25000,RIGHT ANGLE,SFAIRFAXRDERAYLETOWNRD,0,,2022-05-13 19:02:00,,,
BLOOMINGTON PD,B22-33462,MONROE,BLOOMINGTON,BLOOMINGTON,1,,1,0,0,,SB ON-RAMP I-69,,,,,SB ON-RAMP I-69,W ST RD 45/46,,,,Y,,0.0,,39.17157,-86.50945,INTERSTATE,,,,URBAN,N,Y,N,,DAYLIGHT,CLEAR,DRY,,RAMP,,ASPHALT,OVERCORRECTING/OVERSTEERING,$5001 TO $10000,RAN OFF RD,WSTATERD45/46BYPASSSBON-RAMPI-69,0,,2022-08-24 19:41:00,,,
BLOOMINGTON PD,B22-21814,MONROE,PERRY,BLOOMINGTON,2,,0,0,0,454,S WESTPLEX AVE,,,,,S WESTPLEX AVE,,,,,Y,,0.0,,39.166090314494014,-86.53036922487026,,,,,URBAN,N,N,N,,DAYLIGHT,CLEAR,DRY,,NO JUNCTION INVOLVED,,ASPHALT,OVERCORRECTING/OVERSTEERING,$2501 TO $5000,RIGHT TURN,SWESTPLEXAVE,0,,2022-06-10 08:00:00,,,
INDIANA UNIV BLOOMINGTON PD,223679,MONROE,BLOOMINGTON,BLOOMINGTON,2,,0,0,0,,E UNIVERSITY RD,,,,,E UNIVERSITY RD,,,,,Y,,0.0,,39.16425019914643,-86.50851901301384,PRIVATE DR,,,,URBAN,N,N,N,,DAYLIGHT,CLEAR,DRY,,NO JUNCTION INVOLVED,,ASPHALT,UNSAFE BACKING,$2501 TO $5000,BACKING CRASH,EUNIVERSITYRD,0,,2022-09-30 17:45:00,,,
MONROE SD,M22A11359,MONROE,VAN BUREN,BLOOMINGTON,2,,0,0,0,,W ST RD 45,,,,,W ST RD 45,S DARRELL DR,,,,N,,0.0,,39.17210851,-86.51272006,,,,,RURAL,N,N,B,,DAYLIGHT,CLEAR,DRY,,NO JUNCTION INVOLVED,,ASPHALT,FOLLOWING TOO CLOSELY,$2501 TO $5000,REAR END,WSTATERD45SDARRELLDR,0,,2022-05-17 10:51:00,,,
MONROE SD,M22A16914,MONROE,VAN BUREN,,2,,0,0,0,,W ST RD 48,,,,,W ST RD 48,S STONE CHASE XING,,,,N,,0.0,,39.17413614,-86.51074835,,,,,URBAN,N,N,N,,DAYLIGHT,CLEAR,DRY,,NO JUNCTION INVOLVED,,ASPHALT,FOLLOWING TOO CLOSELY,$5001 TO $10000,REAR END,WSTATERD48SSTONECHASEXING,0,,2022-07-14 04:33:00,,,
BLOOMINGTON PD,B22-05010,MONROE,BLOOMINGTON,BLOOMINGTON,2,,0,0,0,,912 S WALNUT,,,,,S WALNUT,E ALLEN ST,,,,Y,,0.0,,39.16421138095608,-86.47630188397342,LOCAL/CITY RD,,,,URBAN,N,N,N,,DAYLIGHT,CLEAR,DRY,,NO JUNCTION INVOLVED,,ASPHALT,FAILURE TO YIELD RIGHT OF WAY,$5001 TO $10000,RIGHT ANGLE,EALLENST912SWALNUT,0,,2022-02-14 10:48:00,912.0,,
BLOOMINGTON PD,B22-08310,MONROE,PERRY,BLOOMINGTON,2,,0,0,0,528,S COLLEGE AVE; SEMINARY SQ KRO,,,,,S COLLEGE AVE,,,,,Y,,0.0,,39.14302007568554,-86.5315446257476,PRIVATE DR,,,,URBAN,N,N,N,,DAYLIGHT,CLEAR,DRY,,NO JUNCTION INVOLVED,,ASPHALT,FAILURE TO YIELD RIGHT OF WAY,$1001 TO $2500,BACKING CRASH,SCOLLEGEAVE;SEMINARYSQKROGER,0,,2022-03-12 16:40:00,,,