Agency,Local Code,County,Township,City,Vehicles Involved,Trailers Involved,Number Injured,Number Dead,Number Deer,House Number,Roadway Name,Roadway Suffix,Roadway Number,Roadway Interchange,Roadway Ramp,Roadway Id,Intersecting Road,Intersecting Road Number,Mile Marker,Interchange,Corporate Limits?,Property Type,Feet From,Direction,Latitude,Longitude,Roadway Class,Traffic Control Devices?,Aggressive Driving?,Hit and Run?,Locality,School Zone?,Rumble Strips?,Construction?,Construction Type,Light Condition,Weather Conditions,Surface Condition,Type of Median,Roadway Junction Type,Road Character,Roadway Surface,Primary Factor,Damage Estimate,Manner of Collision,Unique Location Id,State Property Damage?,Traffic Control,DateTime,Address Number,Cyclist Involved,Pedestrian Involved
BLOOMINGTON PD,B22-18350,MONROE,BLOOMINGTON,BLOOMINGTON,2,,0,0,0,,N WALNUT ST,,,,,N WALNUT ST,E 9TH ST,,,,Y,,0.0,,39.17969140602345,-86.50728359671137,LOCAL/CITY RD,,,,RURAL,N,N,N,,DAYLIGHT,CLOUDY,DRY,,NO JUNCTION INVOLVED,,ASPHALT,FOLLOWING TOO CLOSELY,$2501 TO $5000,REAR END,N.WALNUTSTE9THST,0,,2022-05-19 11:45:00,,,
MONROE SD,M22A5526,MONROE,BLOOMINGTON,BLOOMINGTON,2,,0,0,0,,E CREEKS EDGE DR,,,,,E CREEKS EDGE DR,S CHEEKWOOD LN,,,,N,,0.0,,39.16758,-86.53866,COUNTY RD,,,,RURAL,N,N,N,,DAYLIGHT,CLEAR,DRY,,NO JUNCTION INVOLVED,,ASPHALT,UNSAFE BACKING,$5001 TO $10000,BACKING CRASH,SCHEEKWOODLNECREEKSEDGEDR,0,,2022-03-09 02:30:00,,,
BLOOMINGTON PD,B22-30798,MONROE,BLOOMINGTON,BLOOMINGTON,2,,0,0,0,,E 12TH ST,,,,,E 12TH ST,N DUNN ST,,,,Y,,317.0,,39.24505246468801,-86.63522100098425,LOCAL/CITY RD,,,,URBAN,N,N,N,,UNKNOWN,CLEAR,DRY,,NO JUNCTION INVOLVED,,ASPHALT,OTHER (VEHICLE) - EXPLAIN IN NARRATIVE,$1001 TO $2500,OTHER - EXPLAIN IN NARRATIVE,NDUNNSTE12THST,0,,2022-08-06 13:00:00,,,
BLOOMINGTON PD,B22-05242,MONROE,PERRY,BLOOMINGTON,2,,0,0,0,505,505 S HIGHLAND AVE BLOOMINGTON,,,,,S HIGHLAND AVE ,,,,,Y,,0.0,,39.193642414556685,-86.57142570945062,LOCAL/CITY RD,,,,URBAN,N,N,N,,DAWN/DUSK,CLEAR,DRY,,NO JUNCTION INVOLVED,,ASPHALT,IMPROPER PASSING,UNDER $1001,SAME DIRECTION SIDESWIPE,"505SHIGHLANDAVEBLOOMINGTON,IN47401",0,,2022-02-14 09:30:00,505.0,,
BLOOMINGTON PD,B22-32859,MONROE,PERRY,BLOOMINGTON,2,,0,0,0,,S WALNUT ST,,,,,S WALNUT ST,E S DR,,,,Y,,0.0,,39.329473839011,-86.51407542584452,LOCAL/CITY RD,,,,URBAN,Y,N,N,,DAYLIGHT,CLOUDY,DRY,,NO JUNCTION INVOLVED,,ASPHALT,OTHER (VEHICLE) - EXPLAIN IN NARRATIVE,$5001 TO $10000,OTHER - EXPLAIN IN NARRATIVE,SWALNUTSTESOUTHDR,0,,2022-08-21 02:25:00,,,
BLOOMINGTON PD,B22-32275,MONROE,BLOOMINGTON,BLOOMINGTON,2,,0,0,0,,ST RD 45/46 BYPASS,,,,,ST RD 45/46 BYPASS,N MONROE ST,,,,Y,,500.0,,39.15379764575368,-86.54112977040306,LOCAL/CITY RD,,,,URBAN,N,N,N,,DAYLIGHT,CLEAR,DRY,,NO JUNCTION INVOLVED,,ASPHALT,IMPROPER PASSING,$2501 TO $5000,SAME DIRECTION SIDESWIPE,STATERD45/46BYPASSNMONROEST,0,,2022-08-17 18:40:00,,,
BLOOMINGTON PD,B22-40903,MONROE,BLOOMINGTON,BLOOMINGTON,2,,0,0,0,,1820 N WALNUT ST,,,,,N WALNUT ST,,,,,Y,,0.0,,39.171552435676695,-86.51901150608184,PRIVATE DR,,,,URBAN,N,N,N,,UNKNOWN,CLEAR,DRY,,NO JUNCTION INVOLVED,,CONCRETE,IMPROPER TURNING,$1001 TO $2500,SAME DIRECTION SIDESWIPE,1820NWALNUTST,0,,2022-10-04 16:16:00,1820.0,,
BLOOMINGTON PD,B22-11910,MONROE,PERRY,BLOOMINGTON,2,,0,0,0,,S PETE LLIS DR,,,,,S PETE LLIS DR,E 3RD ST,,,,Y,,0.0,,39.15032367932297,-86.49134419215005,LOCAL/CITY RD,,,,URBAN,N,N,N,,DAYLIGHT,CLEAR,DRY,,FOUR-WAY INTERSECTION,,ASPHALT,FAILURE TO YIELD RIGHT OF WAY,$5001 TO $10000,RIGHT ANGLE,SPETEELLISDRE 3RDST,0,,2022-04-06 18:15:00,,,
BLOOMINGTON PD,B22-22779,MONROE,PERRY,BLOOMINGTON,2,,2,0,0,,2300 S WALNUT ST,,,,,S WALNUT ST,,,,,Y,,0.0,,39.16874555841569,-86.57641691073194,LOCAL/CITY RD,,,,URBAN,Y,N,N,,DAYLIGHT,CLEAR,DRY,,T-INTERSECTION,,ASPHALT,FAILURE TO YIELD RIGHT OF WAY,$10001 TO $25000,RIGHT ANGLE,2300SOUTHWALNUTST,0,,2022-06-17 06:14:00,2300.0,,
BLOOMINGTON PD,B22-31721,MONROE,BLOOMINGTON,BLOOMINGTON,1,,0,0,0,,ST RD 46,,,,,ST RD 46,,,,,Y,,0.0,,-4.722052757507172e-05,-1.0160116363270064e-05,PRIVATE DR,,,,URBAN,N,N,N,,DAYLIGHT,CLOUDY,DRY,,NO JUNCTION INVOLVED,,ASPHALT,IMPROPER TURNING,$2501 TO $5000,SAME DIRECTION SIDESWIPE,STATERD46,0,,2022-08-15 14:00:00,,,
MONROE SD,M22A21742,MONROE,PERRY,BLOOMINGTON,2,,0,0,0,,S FAIRFAX RD,,,,,S FAIRFAX RD,E SCHACHT RD,,,,N,,0.0,,39.233426023428386,-86.62433107293296,LOCAL/CITY RD,,,,RURAL,N,N,N,,DAYLIGHT,CLOUDY,DRY,,T-INTERSECTION,,ASPHALT,FOLLOWING TOO CLOSELY,$25001 TO $50000,REAR END,SFAIRFAXRDESCHACHTRD,0,,2022-09-04 12:13:00,,,
INDIANA UNIV BLOOMINGTON PD,221856,MONROE,BLOOMINGTON,BLOOMINGTON,2,,1,0,0,,W 10TH ST,,,,,W 10TH ST,N COLLEGE AVE,,,,Y,,0.0,,39.1201906494092,-86.52991714651176,LOCAL/CITY RD,,,,URBAN,N,N,N,,DARK (NOT LIGHTED),CLEAR,DRY,,FOUR-WAY INTERSECTION,,ASPHALT,DISREGARD SIGNAL/REG SIGN,$10001 TO $25000,RIGHT ANGLE,W10THSTNCOLLEGEAVE,0,,2022-05-12 01:46:00,,,
BLOOMINGTON PD,B22-17477,MONROE,PERRY,BLOOMINGTON,2,,0,0,0,,S WALNUT ST,,,,,S WALNUT ST,E MILLER DR,,,,Y,,581.0,,39.1593681114808,-86.53507897728156,LOCAL/CITY RD,,,,URBAN,N,N,N,,DARK (NOT LIGHTED),CLEAR,DRY,,NO JUNCTION INVOLVED,,ASPHALT,UNSAFE LN MOVEMENT,$2501 TO $5000,SAME DIRECTION SIDESWIPE,SWALNUTSTEMILLERDR,0,,2022-05-12 22:01:00,,,
BLOOMINGTON PD,B22-26773,MONROE,BLOOMINGTON,BLOOMINGTON,2,,1,0,0,,N KINSER PK,,,,,N KINSER PK,ST RD 45/46,,,,Y,,0.0,,39.173245282459725,-86.54717589549044,ST RD,,,,URBAN,N,N,N,,DAYLIGHT,CLEAR,DRY,,FOUR-WAY INTERSECTION,,ASPHALT,DISREGARD SIGNAL/REG SIGN,$5001 TO $10000,RIGHT ANGLE,STRD45/46NKINSERPK,0,,2022-07-13 16:43:00,,,
BLOOMINGTON PD,B22-18256,MONROE,PERRY,BLOOMINGTON,2,,0,0,0,,S COLLEGE MALL RD,,,,,S COLLEGE MALL RD,E COVENANTER DR,,,,Y,,0.0,,39.22984125831523,-86.61922815697325,LOCAL/CITY RD,,,,URBAN,N,N,N,,DAYLIGHT,RAIN,WET,,FOUR-WAY INTERSECTION,,ASPHALT,FAILURE TO YIELD RIGHT OF WAY,$2501 TO $5000,SAME DIRECTION SIDESWIPE,SCOLLEGEMALLRDECOVENANTERDR,0,,2022-05-18 16:59:00,,,
BLOOMINGTON PD,B22-26594,MONROE,BLOOMINGTON,BLOOMINGTON,2,,0,0,0,,ST RD 46,,,,,ST RD 46,N KINSER PK,,,,Y,,528.0,,39.13326792442523,-86.58178772348552,ST RD,,,,URBAN,N,N,Y,LN CLOSURE,DAYLIGHT,CLEAR,DRY,,NO JUNCTION INVOLVED,,ASPHALT,UNSAFE LN MOVEMENT,UNDER $1001,SAME DIRECTION SIDESWIPE,STATERD46NKINSERPK,0,,2022-07-12 15:47:00,,,
BLOOMINGTON PD,B22-21655,MONROE,PERRY,BLOOMINGTON,2,,0,0,0,326,S WOODSCREST DR,,,,,S WOODSCREST DR,,,,,Y,,0.0,,39.18169163929218,-86.50942624762413,PRIVATE DR,,,,URBAN,N,N,N,,DAYLIGHT,CLEAR,DRY,,NO JUNCTION INVOLVED,,ASPHALT,IMPROPER TURNING,UNDER $1001,SAME DIRECTION SIDESWIPE,SWOODSCRESTDR,0,,2022-06-09 14:30:00,,,
BLOOMINGTON PD,B22-24520,MONROE,PERRY,BLOOMINGTON,1,,1,0,0,,S ROGERS ST,,,,,S ROGERS ST,W CHAMBERS DR,,,,Y,,0.0,,39.28162,-86.66311,LOCAL/CITY RD,,,,URBAN,N,N,N,,DAYLIGHT,CLEAR,DRY,,T-INTERSECTION,,ASPHALT,LEFT OF CENTER,$5001 TO $10000,RAN OFF RD,WCHAMBERSDRSROGERSST,0,,2022-06-29 14:07:00,,,
BLOOMINGTON PD,B22-36506,MONROE,PERRY,BLOOMINGTON,2,,0,0,0,,W BLOOMFIELD RD,,,,,W BLOOMFIELD RD,S BASSWOOD DR,,,,Y,,0.0,,39.164206419067625,-86.49830723953984,LOCAL/CITY RD,,,,URBAN,N,N,N,,DARK (LIGHTED),RAIN,WET,,FOUR-WAY INTERSECTION,,ASPHALT,FOLLOWING TOO CLOSELY,$2501 TO $5000,REAR END,WBLOOMFIELDRDSBASSWOODDR,0,,2022-09-10 19:15:00,,,
INDIANA UNIV BLOOMINGTON PD,220313,MONROE,BLOOMINGTON,BLOOMINGTON,2,,0,0,0,,E 17TH ST,,,,,E 17TH ST,,,,,Y,,0.0,,39.175824931813644,-86.50988927514304,,,,,URBAN,N,N,N,,DAYLIGHT,CLOUDY,ICE,,NO JUNCTION INVOLVED,,ASPHALT,RDWAY SURFACE CONDITION,UNDER $1001,OPPOSITE DIRECTION SIDESWIPE,E17THST,0,,2022-01-28 14:40:00,,,
MONROE SD,M22A8520,MONROE,RICHLAND,BLOOMINGTON,1,,0,0,1,,2200 N CURRY PK,,,,,N CURRY PK,,,,,N,,0.0,,39.17913699901824,-86.5566177951492,LOCAL/CITY RD,,,,URBAN,N,N,Y,LN CLOSURE,DARK (NOT LIGHTED),CLEAR,DRY,,NO JUNCTION INVOLVED,,ASPHALT,ANIMAL/OBJECT IN RDWAY,$5001 TO $10000,COLLISION WITH DEER,2200NCURRYPK,0,,2022-04-15 20:54:00,2200.0,,
MONROE SD,M22A4163,MONROE,BLOOMINGTON,BLOOMINGTON,2,,0,0,0,,N RUSSELL RD,,,,,N RUSSELL RD,COMMODORE TRAIL,,,,N,,0.0,,39.16500289,-86.62020154,COUNTY RD,,,,RURAL,N,N,N,,DAYLIGHT,CLEAR,DRY,,T-INTERSECTION,,ASPHALT,IMPROPER TURNING,$5001 TO $10000,OPPOSITE DIRECTION SIDESWIPE,NRUSSELLRDCOMMODORETRAIL,0,,2022-02-21 14:05:00,,,
BLOOMINGTON PD,B22-22969,MONROE,PERRY,BLOOMINGTON,1,,0,0,1,,,,,I-69,1,I-69117,,,,,Y,,0.0,,39.145000794474434,-86.57779194336564,INTERSTATE,,,,URBAN,N,N,N,,DARK (LIGHTED),CLEAR,DRY,,NO JUNCTION INVOLVED,,ASPHALT,ANIMAL/OBJECT IN RDWAY,$1001 TO $2500,COLLISION WITH DEER,I-69117,0,,2022-06-19 05:20:00,,,
BLOOMINGTON PD,B22-03715,MONROE,BLOOMINGTON,BLOOMINGTON,2,,0,0,0,,E 3RD ST,,,,,E 3RD ST,S GRANT ST,,,,Y,,0.0,,39.1658652559402,-86.58226558553756,LOCAL/CITY RD,,,,URBAN,N,N,N,,DARK (LIGHTED),RAIN,WET,,FOUR-WAY INTERSECTION,,ASPHALT,DISREGARD SIGNAL/REG SIGN,$25001 TO $50000,RIGHT ANGLE,SGRANTSTE 3RDST,0,,2022-02-02 06:25:00,,,
INDIANA UNIV BLOOMINGTON PD,223561,MONROE,BLOOMINGTON,BLOOMINGTON,2,,0,0,0,,E 3RD ST,,,,,E 3RD ST,S WOODLAWN AVE,,,,Y,,0.0,,39.193719853341555,-86.57120997426787,LOCAL/CITY RD,,,,URBAN,N,N,N,,DAYLIGHT,CLEAR,DRY,,T-INTERSECTION,,ASPHALT,IMPROPER LN USAGE,$1001 TO $2500,LEFT TURN,SWOODLAWNAVEE 3RDST,0,,2022-09-25 18:10:00,,,
MONROE SD,M22A6836,MONROE,VAN BUREN,BLOOMINGTON,2,,0,0,0,,S CURRY PK,,,,,S CURRY PK,SIERRA DR,,,,N,,0.0,,39.15582491711225,-86.55057226486511,LOCAL/CITY RD,,,,RURAL,N,N,N,,DAYLIGHT,CLEAR,DRY,,T-INTERSECTION,,ASPHALT,FOLLOWING TOO CLOSELY,$1001 TO $2500,REAR END,SIERRADRSCURRYPK,0,,2022-03-25 04:00:00,,,
BLOOMINGTON PD,B22-10327,MONROE,BLOOMINGTON,BLOOMINGTON,2,,1,0,0,,N GRANT ST,,,,,N GRANT ST,E 7TH ST,,,,Y,,0.0,,39.1630293630923,-86.51418619824604,LOCAL/CITY RD,,,,URBAN,N,N,N,,DAYLIGHT,CLEAR,DRY,,FOUR-WAY INTERSECTION,,ASPHALT,DISREGARD SIGNAL/REG SIGN,$2501 TO $5000,RIGHT ANGLE,NGRANTSTE7THST,0,,2022-03-26 13:55:00,,,
INDIANA UNIV BLOOMINGTON PD,223440,MONROE,BLOOMINGTON,BLOOMINGTON,2,,0,0,0,,E 10TH ST,,,,,E 10TH ST,N WALNUT GROVE AVE,,,,Y,,0.0,,39.15380980836189,-86.53877931425232,LOCAL/CITY RD,,,,URBAN,N,Y,N,,DAYLIGHT,CLEAR,DRY,,NO JUNCTION INVOLVED,,CONCRETE,FOLLOWING TOO CLOSELY,$2501 TO $5000,REAR END,NWALNUTGROVEAVEE 10THST,0,,2022-09-21 11:35:00,,,
MONROE SD,M22A5748,MONROE,RICHLAND,BLOOMINGTON,2,,2,0,0,,N SMITH PK,,,,,N SMITH PK,W WOODYARD,,,,N,,0.0,,39.16848973060828,-86.5310824115115,COUNTY RD,,,,RURAL,N,N,Y,WORK ON SHOULDER,DAYLIGHT,CLEAR,DRY,,T-INTERSECTION,,ASPHALT,FAILURE TO YIELD RIGHT OF WAY,$2501 TO $5000,RIGHT ANGLE,WWOODYARDRDNSMITHPK,0,,2022-03-12 13:45:00,,,
MONROE SD,M22A16854,MONROE,VAN BUREN,BLOOMINGTON,2,,1,0,0,,W ST RD 45,,,,,W ST RD 45,S DUNCAN RD,,,,N,,0.0,,39.16558,-86.53361,ST RD,,,,RURAL,N,Y,N,,DAYLIGHT,CLEAR,DRY,,NO JUNCTION INVOLVED,,ASPHALT,FAILURE TO YIELD RIGHT OF WAY,$2501 TO $5000,RIGHT ANGLE,WSTATERD45SDUNCANRD,0,,2022-07-14 07:03:00,,,
INDIANA UNIV BLOOMINGTON PD,223341,MONROE,BLOOMINGTON,BLOOMINGTON,2,,0,0,0,,E JONES AVE,,,,,E JONES AVE,,,,,Y,,0.0,,39.02152729603428,-86.36508437650173,PRIVATE DR,,,,URBAN,N,N,N,,UNKNOWN,CLEAR,DRY,,NO JUNCTION INVOLVED,,ASPHALT,OTHER (DRIVER) - EXPLAIN IN NARRATIVE,UNDER $1001,BACKING CRASH,EJONESAVE,0,,2022-09-14 17:30:00,,,
MONROE SD,M22A23152,MONROE,RICHLAND,BLOOMINGTON,1,,0,1,0,,W RATLIFF RD,,,,,W RATLIFF RD,N LOUDEN RD,,,,N,,320.0,,39.14303,-86.5315,LOCAL/CITY RD,,,,RURAL,N,N,N,,DAYLIGHT,CLEAR,DRY,,NO JUNCTION INVOLVED,,ASPHALT,UNSAFE SPEED,$10001 TO $25000,RAN OFF RD,WRATLIFFRDNLOUDENRD,0,,2022-09-20 03:45:00,,,
INDIANA UNIV BLOOMINGTON PD,221780,MONROE,BLOOMINGTON,BLOOMINGTON,2,,0,0,0,,E 17TH ST,,,,,E 17TH ST,N FEE LN,,,,Y,,0.0,,39.15790605204674,-86.61049362244702,LOCAL/CITY RD,,,,URBAN,N,N,N,,DARK (LIGHTED),CLEAR,WET,,FOUR-WAY INTERSECTION,,ASPHALT,FOLLOWING TOO CLOSELY,UNDER $1001,REAR END,NFEELNE17THST,0,,2022-05-06 10:55:00,,,
MONROE SD,M22A15924,MONROE,RICHLAND,BLOOMINGTON,1,,0,0,0,,N MT TABOR RD,,,,,N MT TABOR RD,N BARR RD,,,,N,,950.0,,39.09261,-86.51702,LOCAL/CITY RD,,,,RURAL,N,N,N,,DAYLIGHT,CLEAR,DRY,,NO JUNCTION INVOLVED,,ASPHALT,OVERCORRECTING/OVERSTEERING,$2501 TO $5000,RAN OFF RD,NMTTABORRDNBARRRD,0,,2022-07-04 15:26:00,,,
BLOOMINGTON PD,B22-12876,MONROE,PERRY,BLOOMINGTON,2,,2,0,0,,E 7TH ST,,,,,E 7TH ST,N DUNN ST,,,,Y,,0.0,,39.18213069349049,-86.55690223003992,LOCAL/CITY RD,,,,URBAN,N,N,N,,DAYLIGHT,RAIN,WET,,FOUR-WAY INTERSECTION,,ASPHALT,FAILURE TO YIELD RIGHT OF WAY,$5001 TO $10000,RIGHT ANGLE,N.DUNNSTE7THST,0,,2022-04-13 10:55:00,,,
BLOOMINGTON PD,B22-18540,MONROE,,BLOOMINGTON,2,,0,0,0,,528 S COLLEGE AVE,,,,,S COLLEGE AVE,,,,,Y,,0.0,,39.16282327833231,-86.55387955600791,PRIVATE DR,,,,URBAN,N,N,N,,DAYLIGHT,CLEAR,DRY,,NO JUNCTION INVOLVED,,ASPHALT,UNSAFE BACKING,$1001 TO $2500,BACKING CRASH,528S.COLLEGEAVE,0,,2022-05-20 12:52:00,528.0,,
BLOOMINGTON PD,B22-19688,MONROE,BLOOMINGTON,BLOOMINGTON,2,,0,0,0,321,E 14TH ST,,,,,E 14TH ST,,,,,Y,,0.0,,39.17666076926022,-86.51848395647673,PRIVATE DR,,,,URBAN,N,N,N,,DAYLIGHT,CLEAR,DRY,,NO JUNCTION INVOLVED,,ASPHALT,UNSAFE BACKING,$5001 TO $10000,RIGHT ANGLE,E14THST,0,,2022-05-28 10:24:00,,,
BLOOMINGTON PD,B22-38097,MONROE,PERRY,BLOOMINGTON,2,,0,0,0,,S HENDERSON ST,,,,,S HENDERSON ST,E WINSLOW RD,,,,Y,,264.0,,39.115066797500525,-86.6277274653946,LOCAL/CITY RD,,,,URBAN,N,N,N,,DAYLIGHT,CLEAR,DRY,,FOUR-WAY INTERSECTION,,ASPHALT,FAILURE TO YIELD RIGHT OF WAY,$2501 TO $5000,RIGHT ANGLE,SHENDERSONSTEWINSLOWRD,0,,2022-09-20 16:28:00,,,
INDIANA UNIV BLOOMINGTON PD,221235,MONROE,BLOOMINGTON,BLOOMINGTON,2,,0,0,0,,ST RD 45,,,,,ST RD 45,DISCOVERY PKWY,,,,Y,,0.0,,39.16472713473181,-86.59524788949109,ST RD,,,,URBAN,N,N,N,,DARK (LIGHTED),CLEAR,DRY,,T-INTERSECTION,,ASPHALT,HEADLIGHT DEFECTIVE OR NOT ON,$5001 TO $10000,RIGHT ANGLE,STATERD45DISCOVERYPKWY,0,,2022-04-03 21:30:00,,,
BLOOMINGTON PD,B22-19943,MONROE,PERRY,BLOOMINGTON,2,,0,0,0,2966,E 3RD ST,,,,,E 3RD ST,,,,,Y,,0.0,,39.155571681981996,-86.5337071747308,PRIVATE DR,,,,URBAN,N,N,N,,DAYLIGHT,CLEAR,DRY,,NO JUNCTION INVOLVED,,ASPHALT,UNSAFE BACKING,$1001 TO $2500,BACKING CRASH,E 3RDST,0,,2022-05-30 13:07:00,,,
BLOOMINGTON PD,B22-14219,MONROE,VAN BUREN,BLOOMINGTON,3,,0,0,0,,W 3RD ST,,,,,W 3RD ST,S LIBERTY DR,,,,N,,0.0,,39.160866688816334,-86.53561651187708,LOCAL/CITY RD,,,,URBAN,N,N,N,,DAYLIGHT,CLEAR,DRY,,FOUR-WAY INTERSECTION,,ASPHALT,FOLLOWING TOO CLOSELY,$1001 TO $2500,REAR END,W 3RDSTSLIBERTYDR,0,,2022-04-22 13:43:00,,,
INDIANA UNIV BLOOMINGTON PD,220675,MONROE,BLOOMINGTON,BLOOMINGTON,2,,0,0,0,1110,N EAGLESON AVE,,,,,N EAGLESON AVE,,,,,Y,,0.0,,39.17043864772278,-86.5335566022302,LOCAL/CITY RD,,,,URBAN,N,N,N,,DAYLIGHT,CLEAR,DRY,,NO JUNCTION INVOLVED,,ASPHALT,UNSAFE BACKING,$1001 TO $2500,BACKING CRASH,NEAGLESONAVE,0,,2022-02-21 14:05:00,,,
BLOOMINGTON PD,B22-23538,MONROE,PERRY,BLOOMINGTON,2,,0,0,0,,S WALNUT ST,,,,,S WALNUT ST,E HILLSIDE DR,,,,Y,,0.0,,39.129101446478835,-86.49931749689998,LOCAL/CITY RD,,,,URBAN,N,N,N,,DAYLIGHT,CLEAR,DRY,,FOUR-WAY INTERSECTION,,ASPHALT,FAILURE TO YIELD RIGHT OF WAY,$5001 TO $10000,RIGHT ANGLE,SWALNUTSTEHILLSIDEDR,0,,2022-06-23 08:49:00,,,
BLOOMINGTON PD,B22-39526,MONROE,PERRY,BLOOMINGTON,2,,0,0,0,,S WASHINGTON ST,,,,,S WASHINGTON ST,E 2ND ST,,,,Y,,150.0,,39.17434202452485,-86.5283299217951,LOCAL/CITY RD,,,,URBAN,N,N,N,,DAYLIGHT,CLEAR,DRY,,NO JUNCTION INVOLVED,,ASPHALT,UNSAFE BACKING,$1001 TO $2500,BACKING CRASH,SWASHINGTONSTE 2NDST,0,,2022-09-28 13:21:00,,,
BLOOMINGTON PD,B22-38753,MONROE,PERRY,BLOOMINGTON,2,,0,0,0,,S WALNUT ST,,,,,S WALNUT ST,E N DR,,,,Y,,475.0,,,,LOCAL/CITY RD,,,,URBAN,N,N,N,,DAYLIGHT,CLEAR,DRY,,NO JUNCTION INVOLVED,,ASPHALT,UNSAFE LN MOVEMENT,$1001 TO $2500,SAME DIRECTION SIDESWIPE,SWALNUTSTENORTHDR,0,,2022-09-24 11:31:00,,,
BLOOMINGTON PD,B22-31954,MONROE,PERRY,BLOOMINGTON,2,,0,0,0,,W COOLIDGE DR,,,,,W COOLIDGE DR,S BRDVIEW DR,,,,Y,,0.0,,39.14303,-86.5315,LOCAL/CITY RD,,,,URBAN,N,N,N,,DARK (LIGHTED),CLOUDY,DRY,,NO JUNCTION INVOLVED,,ASPHALT,UNSAFE SPEED,$10001 TO $25000,SAME DIRECTION SIDESWIPE,WCOOLIDGEDRSBRDVIEWDR,0,,2022-08-16 22:10:00,,,
INDIANA UNIV BLOOMINGTON PD,220836,MONROE,BLOOMINGTON,BLOOMINGTON,2,,0,0,0,,E JONES AVE,,,,,E JONES AVE,S EAGLESON AVE,,,,Y,,200.0,,39.1809583317006,-86.508604335338,LOCAL/CITY RD,,,,URBAN,N,N,N,,DARK (LIGHTED),CLEAR,DRY,,T-INTERSECTION,,ASPHALT,FAILURE TO YIELD RIGHT OF WAY,$5001 TO $10000,RIGHT ANGLE,SEAGLESON AVEAVEEJONESAVE,0,,2022-03-03 11:05:00,,,
INDIANA UNIV BLOOMINGTON PD,220611,MONROE,PERRY,BLOOMINGTON,3,,1,0,0,,E ATWATER AVE,,,,,E ATWATER AVE,S PARK AVE,,,,Y,,0.0,,39.18355661051542,-86.53359927503526,LOCAL/CITY RD,,,,URBAN,N,N,N,,DAYLIGHT,CLOUDY,DRY,,NO JUNCTION INVOLVED,,ASPHALT,FOLLOWING TOO CLOSELY,$5001 TO $10000,REAR END,SPARKAVEEATWATERAVE,0,,2022-02-16 12:50:00,,,
BLOOMINGTON PD,B22-32726,MONROE,PERRY,BLOOMINGTON,2,,0,0,0,,S WALNUT ST,,,,,S WALNUT ST,E RHORER RD,,,,Y,,0.0,,39.164154578997596,-86.4949570116305,LOCAL/CITY RD,,,,URBAN,N,N,N,,DAYLIGHT,CLEAR,DRY,,FOUR-WAY INTERSECTION,,ASPHALT,FAILURE TO YIELD RIGHT OF WAY,$2501 TO $5000,RIGHT ANGLE,SWALNUTSTERHORERRD,0,,2022-08-20 18:40:00,,,
BLOOMINGTON PD,B22-31500,MONROE,BLOOMINGTON,BLOOMINGTON,1,,0,0,0,,W 3RD ST,,,,,W 3RD ST,S COLLEGE AVE,,,,Y,,264.0,,39.13975756969751,-86.53074168914854,LOCAL/CITY RD,,,,URBAN,N,N,N,,DARK (LIGHTED),CLEAR,DRY,,NO JUNCTION INVOLVED,,CONCRETE,OTHER (DRIVER) - EXPLAIN IN NARRATIVE,$5001 TO $10000,RAN OFF RD,W 3RDSTSCOLLEGEAVE,0,,2022-08-14 02:50:00,,,
ELLETTSVILLE PD,E22-03286,MONROE,RICHLAND,ELLETTSVILLE,2,,0,0,0,,W PERRY DR,,,,,W PERRY DR,N SHELLY DR,,,,N,,0.0,,39.1656461,-86.49778251,,,,,RURAL,N,N,N,,DAYLIGHT,CLEAR,DRY,,T-INTERSECTION,,CONCRETE,FAILURE TO MAINTAIN LN,$5001 TO $10000,HEAD ON BETWEEN TWO MOTOR VEHICLES,WPERRYDRNSHELLYDR,0,,2022-08-29 16:14:00,,,
BLOOMINGTON PD,B22-12145,MONROE,PERRY,BLOOMINGTON,1,,0,0,0,885,S COLLEGE MALL RD,,,,,S COLLEGE MALL RD,,,,,Y,,0.0,,39.10688808046402,-86.52379956150405,PRIVATE DR,,,,URBAN,N,N,N,,DAYLIGHT,CLOUDY,WET,,NO JUNCTION INVOLVED,,ASPHALT,OTHER (VEHICLE) - EXPLAIN IN NARRATIVE,$10001 TO $25000,OTHER - EXPLAIN IN NARRATIVE,SCOLLEGEMALLRD,0,,2022-04-08 11:10:00,,,
BLOOMINGTON PD,B22-14267,MONROE,VAN BUREN,BLOOMINGTON,3,,2,0,0,,N GATES DR,,,,,N GATES DR,W 3RD ST,,,,Y,,0.0,,39.17163212189384,-86.53483163134935,LOCAL/CITY RD,,,,URBAN,N,N,N,,DAYLIGHT,CLEAR,DRY,,FOUR-WAY INTERSECTION,,CONCRETE,FAILURE TO YIELD RIGHT OF WAY,$10001 TO $25000,LEFT TURN,W 3RDSTNGATESDR,0,,2022-04-22 05:35:00,,,
BLOOMINGTON PD,B22-26600,MONROE,PERRY,BLOOMINGTON,3,,2,0,0,,S ROGERS ST,,,,,S ROGERS ST,S ROCKPORT RD,,,,Y,,0.0,,39.146869116886826,-86.53268638311242,,,,,RURAL,N,N,N,,DAYLIGHT,CLEAR,DRY,,NO JUNCTION INVOLVED,,ASPHALT,FOLLOWING TOO CLOSELY,$10001 TO $25000,REAR END,SROGERSSTSROCKPORTRD,0,,2022-07-12 16:20:00,,,