Agency,Local Code,County,Township,City,Vehicles Involved,Trailers Involved,Number Injured,Number Dead,Number Deer,House Number,Roadway Name,Roadway Suffix,Roadway Number,Roadway Interchange,Roadway Ramp,Roadway Id,Intersecting Road,Intersecting Road Number,Mile Marker,Interchange,Corporate Limits?,Property Type,Feet From,Direction,Latitude,Longitude,Roadway Class,Traffic Control Devices?,Aggressive Driving?,Hit and Run?,Locality,School Zone?,Rumble Strips?,Construction?,Construction Type,Light Condition,Weather Conditions,Surface Condition,Type of Median,Roadway Junction Type,Road Character,Roadway Surface,Primary Factor,Damage Estimate,Manner of Collision,Unique Location Id,State Property Damage?,Traffic Control,DateTime,Address Number,Cyclist Involved,Pedestrian Involved
BLOOMINGTON PD,B22-32010,MONROE,,BLOOMINGTON,2,,0,0,0,,I-69 S RAMP,,,,,I-69 S RAMP,W ST RD 46,,,,Y,,200.0,,39.18638333169524,-86.53773549608754,INTERSTATE,,,,URBAN,N,N,N,,DAYLIGHT,CLEAR,DRY,,RAMP,,ASPHALT,UNSAFE LN MOVEMENT,$2501 TO $5000,SAME DIRECTION SIDESWIPE,WST RD 46I-69SRAMP,0,,2022-08-17 09:03:00,,,
INDIANA UNIV BLOOMINGTON PD,222644,MONROE,BLOOMINGTON,BLOOMINGTON,2,,0,0,0,,E 10TH ST,,,,,E 10TH ST,N JEFFERSON ST,,,,Y,,0.0,,39.15514240249841,-86.4977701640143,LOCAL/CITY RD,,,,URBAN,N,N,N,,DAYLIGHT,CLEAR,DRY,,T-INTERSECTION,,ASPHALT,FOLLOWING TOO CLOSELY,$2501 TO $5000,REAR END,N.JEFFERSONSTE 10THST,0,,2022-08-16 16:45:00,,,
BLOOMINGTON PD,B22-03318,MONROE,BLOOMINGTON,BLOOMINGTON,3,,0,0,0,,E 7TH ST,,,,,E 7TH ST,N WASHINGTON ST,,,,Y,,0.0,,39.18641852803032,-86.53772249790728,LOCAL/CITY RD,,,,URBAN,N,N,N,,DARK (LIGHTED),CLEAR,DRY,,FOUR-WAY INTERSECTION,,ASPHALT,DISREGARD SIGNAL/REG SIGN,$10001 TO $25000,RIGHT TURN,NWASHINGTONSTE7THST,0,,2022-01-30 00:20:00,,,
BLOOMINGTON PD,B22-16929,MONROE,BLOOMINGTON,BLOOMINGTON,2,,0,0,0,,W 3RD ST,,,,,W 3RD ST,S CURRY PK,,,,Y,,211.0,,39.16356610910755,-86.50306415927214,LOCAL/CITY RD,,,,URBAN,N,N,N,,DAYLIGHT,CLEAR,DRY,,FOUR-WAY INTERSECTION,,ASPHALT,FOLLOWING TOO CLOSELY,$2501 TO $5000,REAR END,W 3RDSTSCURRYPK,0,,2022-05-09 16:47:00,,,
BLOOMINGTON PD,B22-24050,MONROE,VAN BUREN,BLOOMINGTON,2,,2,0,0,,FLEENER AVE,,,,,FLEENER AVE,S LEONARD SPRINGS RD,,,,Y,,0.0,,39.14627612104587,-86.53891742419843,LOCAL/CITY RD,,,,URBAN,N,N,N,,DAYLIGHT,CLEAR,DRY,,T-INTERSECTION,,ASPHALT,FAILURE TO YIELD RIGHT OF WAY,$10001 TO $25000,RIGHT ANGLE,SLEONARDSPRINGSRDFLEENERAVE,0,,2022-06-26 17:45:00,,,
INDIANA UNIV BLOOMINGTON PD,222798,MONROE,BLOOMINGTON,BLOOMINGTON,3,,0,0,0,,N EAGLESON AVE,,,,,N EAGLESON AVE,E LAW LN,,,,Y,,686.0,,39.14974146435125,-86.56889481104211,LOCAL/CITY RD,,,,URBAN,N,N,N,,DAYLIGHT,CLEAR,DRY,,NO JUNCTION INVOLVED,,ASPHALT,FAILURE TO YIELD RIGHT OF WAY,$5001 TO $10000,LEFT TURN,NEAGLESON AVEAVEELAWLN,0,,2022-08-24 07:32:00,,,
BLOOMINGTON PD,B22-33365,MONROE,PERRY,BLOOMINGTON,1,,0,0,0,,E 3RD ST,,,,,E 3RD ST,S COLLEGE MALL RD,,,,Y,,0.0,,39.1779607833946,-86.5101244494224,LOCAL/CITY RD,,,,URBAN,N,N,N,,DAYLIGHT,CLEAR,DRY,,FOUR-WAY INTERSECTION,,ASPHALT,FAILURE TO YIELD RIGHT OF WAY,UNDER $1001,RIGHT ANGLE,SCOLLEGEMALLRDE 3RDST,0,,2022-08-24 11:14:00,,True,
BLOOMINGTON PD,B22-18418,MONROE,VAN BUREN,BLOOMINGTON,2,,0,0,0,,W 3RD ST,,,,,W 3RD ST,S CURRY PK,,,,Y,,0.0,,39.187391397923136,-86.58311518546009,LOCAL/CITY RD,,,,URBAN,N,N,N,,DARK (LIGHTED),RAIN,WET,,FOUR-WAY INTERSECTION,,ASPHALT,DISREGARD SIGNAL/REG SIGN,$2501 TO $5000,RIGHT ANGLE,W 3RDSTSCURRYPK,0,,2022-05-19 17:12:00,,,
BLOOMINGTON PD,B22-18372,MONROE,BLOOMINGTON,BLOOMINGTON,2,,0,0,0,3207,E 3RD ST,,,,,E 3RD ST,,,,,Y,,0.0,,39.186893521522165,-86.48185475991063,PRIVATE DR,,,,URBAN,N,N,N,,DAYLIGHT,CLEAR,DRY,,NO JUNCTION INVOLVED,,ASPHALT,IMPROPER PASSING,$1001 TO $2500,SAME DIRECTION SIDESWIPE,E 3RDST,0,,2022-05-19 13:37:00,,,
BLOOMINGTON PD,B22-18041,MONROE,PERRY,BLOOMINGTON,1,,1,0,0,,S CLARIZZ BLVD,,,,,S CLARIZZ BLVD,E BRYN MAWR DR,,,,Y,,0.0,,39.17694504,-86.51220605,,,,,URBAN,N,N,N,,DAYLIGHT,CLEAR,DRY,,T-INTERSECTION,,ASPHALT,FAILURE TO YIELD RIGHT OF WAY,UNDER $1001,RIGHT ANGLE,SCLARIZZBLVDEBRYNMAWRDR,1,,2022-05-17 08:18:00,,True,
BLOOMINGTON PD,B22-16941,MONROE,BLOOMINGTON,BLOOMINGTON,2,,0,0,0,,W 10TH ST,,,,,W 10TH ST,N COLLEGE AVE,,,,Y,,0.0,,,,LOCAL/CITY RD,,,,URBAN,N,N,N,,DAYLIGHT,CLEAR,DRY,,FOUR-WAY INTERSECTION,,ASPHALT,IMPROPER LN USAGE,$2501 TO $5000,SAME DIRECTION SIDESWIPE,W10THSTNCOLLEGEAVE,0,,2022-05-09 17:21:00,,,
ELLETTSVILLE PD,E2201170,MONROE,RICHLAND,ELLETTSVILLE,2,0.0,1,0,0,,,,ST RD 46 W,,,ST RD 46 W,SALE,,,,Y,,,,39.16454858186579,-86.52985974991441,ST RD,Y,N,N,URBAN,Y,N,N,,DAYLIGHT,CLEAR,DRY,,NO JUNCTION INVOLVED,STRAIGHT/LEVEL,ASPHALT,DISREGARD SIGNAL/REG SIGN,$10001 TO $25000,RIGHT ANGLE,SALESTST RD 46 W,0,TRAFFIC CONTROL SIGNAL,2022-04-02 13:53:00,,,
MONROE SD,M22A11095,MONROE,CLEAR CREEK,BLOOMINGTON,1,,0,0,0,,I-69,,,,,I-69,,,,,N,,0.0,,39.16424564909413,-86.52265236936117,,,,,RURAL,N,N,N,,DAYLIGHT,RAIN,WET,,NO JUNCTION INVOLVED,,ASPHALT,SPEED TOO FAST FOR WEATHER CONDITIONS,$1001 TO $2500,COLLISION WITH OBJECT IN RD,I-69,0,,2022-05-14 02:38:00,,,
BLOOMINGTON PD,B22-36745,MONROE,PERRY,BLOOMINGTON,2,,0,0,0,,W BLOOMFIELD RD,,,,,W BLOOMFIELD RD,S OAKDALE DR,,,,Y,,0.0,,39.15254812521259,-86.58259192610086,LOCAL/CITY RD,,,,URBAN,N,N,N,,DAYLIGHT,CLEAR,DRY,,NO JUNCTION INVOLVED,,ASPHALT,UNSAFE LN MOVEMENT,$1001 TO $2500,SAME DIRECTION SIDESWIPE,WBLOOMFIELDRDSOAKDALEDR,0,,2022-09-12 12:42:00,,,
MONROE SD,M22A22262,MONROE,CLEAR CREEK,BLOOMINGTON,1,,0,0,1,,ST RD 37,,,,,ST RD 37,E INGRAM RD,,,,N,,5000.0,,39.16852,-86.52979,ST RD,,,,RURAL,N,Y,N,,DARK (NOT LIGHTED),CLEAR,DRY,,NO JUNCTION INVOLVED,,ASPHALT,ANIMAL/OBJECT IN RDWAY,$2501 TO $5000,COLLISION WITH DEER,STATERD37EINGRAMRD,0,,2022-09-10 00:52:00,,,
MONROE SD,M22A5022,MONROE,SALT CREEK,BLOOMINGTON,1,,0,0,1,,S HWY 446,,,,,S HWY 446,S SWARTZ RIDGE RD,,,,N,,0.0,,39.17162,-86.52098,ST RD,,,,RURAL,N,N,N,,DAWN/DUSK,CLOUDY,DRY,,NO JUNCTION INVOLVED,,ASPHALT,ANIMAL/OBJECT IN RDWAY,$5001 TO $10000,SAME DIRECTION SIDESWIPE,SOUTHSWARTZRIDGERDSOUTHHWY446,0,,2022-03-03 07:15:00,,,
BLOOMINGTON PD,B22-21509,MONROE,BLOOMINGTON,BLOOMINGTON,2,,0,0,0,1681,N COLLEGE AVE,,,,,N COLLEGE AVE,,,,,Y,,0.0,,39.19065082795882,-86.5831575716958,PRIVATE DR,,,,URBAN,N,N,N,,DAYLIGHT,CLEAR,DRY,,NO JUNCTION INVOLVED,,ASPHALT,UNSAFE BACKING,UNDER $1001,SAME DIRECTION SIDESWIPE,NCOLLEGEAVE,0,,2022-06-09 13:58:00,,,
BLOOMINGTON PD,B22-32160,MONROE,RICHLAND,BLOOMINGTON,2,,0,0,0,,1439 N TELLURIDE ST,,,,,N TELLURIDE ST,,,,,Y,,0.0,,39.134988394551634,-86.59639630455536,PRIVATE DR,,,,URBAN,N,N,N,,DARK (LIGHTED),CLEAR,DRY,,NO JUNCTION INVOLVED,,CONCRETE,UNSAFE BACKING,$2501 TO $5000,SAME DIRECTION SIDESWIPE,1439NTELLURIDEST,0,,2022-08-17 20:30:00,1439.0,,
BLOOMINGTON PD,B22-09633,MONROE,PERRY,BLOOMINGTON,3,,0,0,0,,S ST RD 37,,,,,S ST RD 37,S WALNUT ST,,,,Y,,0.0,,39.165400647101265,-86.5147637446256,LOCAL/CITY RD,,,,URBAN,N,N,N,,DARK (LIGHTED),RAIN,WET,,T-INTERSECTION,,ASPHALT,FAILURE TO YIELD RIGHT OF WAY,$10001 TO $25000,SAME DIRECTION SIDESWIPE,SWALNUTSTSOLDSTATERD37,0,,2022-03-22 07:00:00,,,
BLOOMINGTON PD,B22-06677,MONROE,BLOOMINGTON,BLOOMINGTON,2,,0,0,0,,I-69,,,,,I-69,W 3RD ST,,,,Y,,0.0,,39.21656091496439,-86.63988328630556,,,,,URBAN,N,N,N,,DAYLIGHT,CLEAR,DRY,,FOUR-WAY INTERSECTION,,ASPHALT,DISREGARD SIGNAL/REG SIGN,$2501 TO $5000,RIGHT ANGLE,W 3RDSTI-69,0,,2022-02-28 11:53:00,,,
MONROE SD,M22A5554,MONROE,PERRY,BLOOMINGTON,1,,0,0,0,,W FULLERTON PK,,,,,W FULLERTON PK,S ROCKPORT RD,,,,N,,0.0,,39.178969626423466,-86.51900446706841,COUNTY RD,,,,RURAL,N,N,N,,DARK (NOT LIGHTED),CLEAR,DRY,,T-INTERSECTION,,ASPHALT,ANIMAL/OBJECT IN RDWAY,$5001 TO $10000,RAN OFF RD,WFULLERTONPKSROCKPORTRD,0,,2022-03-10 00:10:00,,,
BLOOMINGTON PD,B22-05526,MONROE,BLOOMINGTON,BLOOMINGTON,2,,0,0,0,2819,3RD ST,,,,,3RD ST,,,,,Y,,0.0,,39.273899056735125,-86.62187526860376,OTHER,,,,URBAN,N,N,N,,DARK (LIGHTED),CLOUDY,DRY,,NO JUNCTION INVOLVED,,ASPHALT,DRIVER DISTRACTED - EXPLAIN IN NARRATIVE,$1001 TO $2500,REAR END,3RDST,0,,2022-02-19 00:40:00,,,
BLOOMINGTON PD,B22-09765,MONROE,BLOOMINGTON,BLOOMINGTON,2,,0,0,0,,318 N WALNUT ST,,,,,N WALNUT ST,,,,,Y,,0.0,,39.16851606966676,-86.52827573723042,,,,,URBAN,N,N,N,,DARK (LIGHTED),CLEAR,DRY,,NO JUNCTION INVOLVED,,CONCRETE,IMPROPER TURNING,$1001 TO $2500,RIGHT TURN,318NWALNUTST,0,,2022-03-22 21:30:00,318.0,,
BLOOMINGTON PD,B22-30008,MONROE,VAN BUREN,BLOOMINGTON,2,,0,0,0,,S SUGAR MAPLE CT,,,,,S SUGAR MAPLE CT,S SUGAR MAPLE PL,,,,Y,,0.0,,0.0,0.0,PRIVATE DR,,,,URBAN,N,N,N,,DAYLIGHT,CLOUDY,DRY,,NO JUNCTION INVOLVED,,ASPHALT,UNSAFE BACKING,$2501 TO $5000,RIGHT ANGLE,SSUGARMAPLEPLSSUGARMAPLECT,0,,2022-08-04 09:00:00,,,
BLOOMINGTON PD,B22-18862,MONROE,PERRY,BLOOMINGTON,1,,1,0,0,,W 1ST,,,,,W 1ST,S ROGERS ST,,,,Y,,0.0,,39.17626011084301,-86.52994890088334,LOCAL/CITY RD,,,,URBAN,N,N,N,,DARK (LIGHTED),CLOUDY,DRY,,FOUR-WAY INTERSECTION,,ASPHALT,PEDESTRIAN ACTION,$1001 TO $2500,RIGHT ANGLE,W1STSTSROGERSST,1,,2022-05-22 22:29:00,,True,
INDIANA UNIV BLOOMINGTON PD,223037,MONROE,BLOOMINGTON,BLOOMINGTON,2,,0,0,0,,E 13TH ST,,,,,E 13TH ST,N WALNUT GROVE AVE,,,,Y,,0.0,,39.13597932162019,-86.52688145912772,PRIVATE DR,,,,URBAN,N,N,N,,DARK (NOT LIGHTED),CLEAR,DRY,,NO JUNCTION INVOLVED,,ASPHALT,IMPROPER TURNING,$2501 TO $5000,SAME DIRECTION SIDESWIPE,NWALNUTGROVEAVEE13THST,0,,2022-09-01 22:10:00,,,
MONROE SD,M22A15074,MONROE,PERRY,BLOOMINGTON,2,,0,0,0,,RHORER RD,,,,,RHORER RD,HARRELL RD,,,,N,,0.0,,39.17149,-86.49537,LOCAL/CITY RD,,,,RURAL,N,N,N,,DAYLIGHT,CLEAR,DRY,,T-INTERSECTION,,ASPHALT,FOLLOWING TOO CLOSELY,$10001 TO $25000,REAR END,RHORERRDHARRELLRD,0,,2022-06-25 18:15:00,,,
ELLETTSVILLE PD,E2203936,MONROE,RICHLAND,ELLETTSVILLE,2,0.0,0,0,0,,UNION VALLEY,DR,,,,UNION VALLEY,,,,,Y,,,,39.16175939726568,-86.49427209743413,LOCAL/CITY RD,Y,N,N,URBAN,N,N,N,,DAYLIGHT,CLEAR,DRY,,NO JUNCTION INVOLVED,STRAIGHT/LEVEL,ASPHALT,FAILURE TO YIELD RIGHT OF WAY,$2501 TO $5000,REAR END,ST RD 46 WUNIONVALLEYDR,0,TRAFFIC CONTROL SIGNAL,2022-09-30 13:23:00,,,
BLOOMINGTON PD,B22-04927,MONROE,BLOOMINGTON,BLOOMINGTON,2,,0,0,0,115,ST RD 46,,,,,ST RD 46,,,,,Y,,0.0,,39.1645778211418,-86.57913146712033,LOCAL/CITY RD,,,,URBAN,N,N,N,,DAYLIGHT,CLEAR,DRY,,NO JUNCTION INVOLVED,,ASPHALT,IMPROPER TURNING,$1001 TO $2500,LEFT TURN,STATERD46,0,,2022-02-13 00:00:00,,,
BLOOMINGTON PD,B22-30423,MONROE,BLOOMINGTON,BLOOMINGTON,2,,2,1,0,,ST RD 46,,,,,ST RD 46,I-69 ON-RAMP SB,,,,Y,,0.0,,39.18692,-86.48181,ST RD,,,,URBAN,N,N,N,,DAYLIGHT,CLEAR,DRY,,RAMP,,ASPHALT,DISREGARD SIGNAL/REG SIGN,$10001 TO $25000,RIGHT ANGLE,STATERD46I-69ON-RAMPSB,0,,2022-08-06 19:07:00,,,
ISP BLOOMINGTON 33,2022-00346969,MONROE,WASHINGTON,BLOOMINGTON,2,,1,0,0,,,,69,,,69,PENTACOSTAL CHURCH RD,,127.5,,N,,739.0,,39.17694504,-86.51220605,INTERSTATE,,,,RURAL,N,Y,N,,DAYLIGHT,CLEAR,DRY,,NO JUNCTION INVOLVED,,ASPHALT,UNSAFE LN MOVEMENT,$5001 TO $10000,REAR END,PENTACOSTALCHURCHRD69,0,,2022-08-06 11:34:00,,,
BLOOMINGTON PD,B22-27853,MONROE,BLOOMINGTON,BLOOMINGTON,2,,1,0,0,3021,E 3RD ST,,,,,E 3RD ST,,,,,Y,,0.0,,39.150488853507426,-86.53367669342012,PRIVATE DR,,,,URBAN,N,N,N,,DAYLIGHT,CLEAR,DRY,,NO JUNCTION INVOLVED,,CONCRETE,UNSAFE BACKING,$2501 TO $5000,BACKING CRASH,E 3RDST,0,,2022-07-19 14:00:00,,,
MONROE SD,M22A12428,MONROE,VAN BUREN,BLOOMINGTON,2,,1,0,0,,HARMONY RD,,,,,HARMONY RD,ROCKPORT RD,,,,N,,0.0,,39.16138,-86.5324,COUNTY RD,,,,RURAL,N,N,N,,DAYLIGHT,CLEAR,DRY,,T-INTERSECTION,,ASPHALT,FAILURE TO YIELD RIGHT OF WAY,$1001 TO $2500,RIGHT ANGLE,ROCKPORTRDHARMONYRD,0,,2022-05-28 15:38:00,,,
BLOOMINGTON PD,B22-38846,MONROE,BLOOMINGTON,BLOOMINGTON,1,,1,0,0,,I-69,,,,,I-69,,,120.0,,Y,,792.0,,39.143027174750976,-86.53151762968997,ST RD,,,,RURAL,N,Y,N,,DARK (LIGHTED),CLEAR,DRY,,RAMP,,CONCRETE,ANIMAL/OBJECT IN RDWAY,$25001 TO $50000,RAN OFF RD,I-69120,0,,2022-09-25 00:00:00,,,
ELLETTSVILLE PD,E2203776,MONROE,RICHLAND,ELLETTSVILLE,2,0.0,0,0,0,,,,ST RD 46 W,,,ST RD 46 W,SALE,,,,Y,,100.0,E,39.14129557853566,-86.54332082262631,ST RD,,N,N,URBAN,N,N,N,,DAYLIGHT,CLEAR,DRY,,NO JUNCTION INVOLVED,STRAIGHT/LEVEL,ASPHALT,IMPROPER TURNING,$5001 TO $10000,SAME DIRECTION SIDESWIPE,SALESTST RD 46 W,0,NONE,2022-09-22 11:06:00,,,
BLOOMINGTON PD,B22-23805,MONROE,PERRY,BLOOMINGTON,2,,1,0,0,,S WALNUT ST,,,,,S WALNUT ST,E MILLER DR,,,,Y,,0.0,,39.16535218821661,-86.51639997161529,LOCAL/CITY RD,,,,URBAN,N,N,N,,DAWN/DUSK,CLEAR,DRY,,T-INTERSECTION,,ASPHALT,FAILURE TO YIELD RIGHT OF WAY,$10001 TO $25000,LEFT/RIGHT TURN,SWALNUTSTEMILLERDR,0,,2022-06-24 08:25:00,,,
ELLETTSVILLE PD,E22-04048,MONROE,RICHLAND,ELLETTSVILLE,1,,0,0,1,,W ST RD 46,,,,,W ST RD 46,N CAPITOL AVE,,,,Y,,0.0,,39.163079513725215,-86.52406484801342,ST RD,,,,URBAN,N,N,N,,DARK (NOT LIGHTED),CLEAR,DRY,,NO JUNCTION INVOLVED,,ASPHALT,ANIMAL/OBJECT IN RDWAY,$5001 TO $10000,COLLISION WITH DEER,WSTATERD46NCAPITOLAVE,0,,2022-10-05 21:50:00,,,
INDIANA UNIV BLOOMINGTON PD,223761,MONROE,BLOOMINGTON,BLOOMINGTON,2,,1,0,0,,N EAGLESON AVE,,,,,N EAGLESON AVE,E 17TH ST,,,,Y,,0.0,,39.12145944095374,-86.53137271453849,LOCAL/CITY RD,,,,URBAN,N,N,N,,DAWN/DUSK,CLEAR,DRY,,T-INTERSECTION,,ASPHALT,DISREGARD SIGNAL/REG SIGN,$2501 TO $5000,RIGHT ANGLE,NEAGLESON AVEAVEE17THST,0,,2022-10-05 18:35:00,,,
BLOOMINGTON PD,B22-16201,MONROE,BLOOMINGTON,BLOOMINGTON,2,,0,0,0,,W 3RD ST,,,,,W 3RD ST,S WESTPLEX AVE,,,,Y,,0.0,,39.1646123789091,-86.53490619257451,LOCAL/CITY RD,,,,URBAN,N,N,N,,DAYLIGHT,CLOUDY,DRY,,FOUR-WAY INTERSECTION,,ASPHALT,FAILURE TO YIELD RIGHT OF WAY,$5001 TO $10000,RIGHT ANGLE,W 3RDSTSWESTPLEXAVE,0,,2022-05-04 16:48:00,,,
ELLETTSVILLE PD,E22-03856,MONROE,RICHLAND,ELLETTSVILLE,2,,0,0,0,,ENDWRIGHT LN,,,,,ENDWRIGHT LN,W ST RD 46,,,,N,,0.0,,39.24053814339541,-86.60315143061776,ST RD,,,,RURAL,N,N,N,,DAYLIGHT,CLEAR,DRY,,NO JUNCTION INVOLVED,,ASPHALT,FOLLOWING TOO CLOSELY,$2501 TO $5000,REAR END,W.STATERD46ENDWRIGHTLN,0,,2022-09-26 04:30:00,,,
INDIANA UNIV BLOOMINGTON PD,221787,MONROE,BLOOMINGTON,BLOOMINGTON,2,,0,0,0,,ACCESS DR TO HILLTOP GARDEN,,,,,ACCESS DR TO HILLTOP GARDENS,,,,,Y,,0.0,,39.15682975014228,-86.49708012350709,PRIVATE DR,,,,URBAN,N,N,N,,DAYLIGHT,RAIN,WET,,NO JUNCTION INVOLVED,,ASPHALT,IMPROPER TURNING,$2501 TO $5000,RIGHT TURN,ACCESSDRTOHILLTOPGARDENS,0,,2022-05-06 15:30:00,,,
INDIANA UNIV BLOOMINGTON PD,221449,MONROE,BLOOMINGTON,BLOOMINGTON,2,,0,0,0,,N SUNRISE DR,,,,,N SUNRISE DR,E 7TH ST,,,,Y,,634.0,,39.16454583921749,-86.5762134992349,LOCAL/CITY RD,,,,URBAN,N,N,N,,DAYLIGHT,CLOUDY,DRY,,NO JUNCTION INVOLVED,,ASPHALT,FAILURE TO YIELD RIGHT OF WAY,$1001 TO $2500,SAME DIRECTION SIDESWIPE,NSUNRISEDRE7THST,0,,2022-04-10 16:45:00,,,
INDIANA UNIV BLOOMINGTON PD,221756,MONROE,BLOOMINGTON,BLOOMINGTON,2,,0,0,0,,E LINGELBACH LN,,,,,E LINGELBACH LN,,,,,Y,,0.0,,39.14602199940753,-86.53891502427705,PRIVATE DR,,,,URBAN,N,N,N,,DAYLIGHT,CLEAR,DRY,,NO JUNCTION INVOLVED,,ASPHALT,UNSAFE BACKING,$2501 TO $5000,BACKING CRASH,ELINGELBACHLN,0,,2022-05-04 17:40:00,,,
BLOOMINGTON PD,B22-12759,MONROE,PERRY,BLOOMINGTON,2,,0,0,0,504,S BASSWOOD DR APT B,,,,,S BASSWOOD DR APT B,,,,,Y,,0.0,,39.18719999565235,-86.55525268633768,LOCAL/CITY RD,,,,URBAN,N,N,N,,DARK (LIGHTED),CLEAR,DRY,,NO JUNCTION INVOLVED,,ASPHALT,FAILURE TO YIELD RIGHT OF WAY,$1001 TO $2500,OTHER - EXPLAIN IN NARRATIVE,SBASSWOODDRAPTB,0,,2022-04-12 01:00:00,,,
INDIANA UNIV BLOOMINGTON PD,221774,MONROE,BLOOMINGTON,BLOOMINGTON,2,,0,0,0,,45/46 BYPASS,,,,,45/46 BYPASS,DISCOVERY PARKWAY,,,,Y,,0.0,,39.17141,-86.50719,ST RD,,,,URBAN,N,N,N,,DAYLIGHT,RAIN,WET,,NO JUNCTION INVOLVED,,ASPHALT,FAILURE TO YIELD RIGHT OF WAY,$2501 TO $5000,SAME DIRECTION SIDESWIPE,DISCOVERYPARKWAY45/46BYPASS,0,,2022-05-05 16:25:00,,,
BLOOMINGTON PD,B22-28709,MONROE,PERRY,BLOOMINGTON,2,,1,0,0,,W BLOOMFIELD RD,,,,,W BLOOMFIELD RD,S WEIMER RD,,,,Y,,581.0,,39.16851381624786,-86.53237287484488,LOCAL/CITY RD,,,,URBAN,N,N,N,,DAYLIGHT,RAIN,WET,,NO JUNCTION INVOLVED,,ASPHALT,FOLLOWING TOO CLOSELY,$2501 TO $5000,REAR END,WBLOOMFIELDRDSWEIMERRD,0,,2022-07-27 08:40:00,,,
MONROE SD,M22A24360,MONROE,INDIAN CREEK,BLOOMINGTON,2,,0,0,0,,I-69 S,,,,,I-69 S,,,,,N,,0.0,,39.164597559365774,-86.5829647526129,,,,,RURAL,N,Y,N,,DAYLIGHT,CLEAR,DRY,,NO JUNCTION INVOLVED,,ASPHALT,IMPROPER LN USAGE,$2501 TO $5000,SAME DIRECTION SIDESWIPE,SINTERSTATE69,0,,2022-10-04 11:28:00,,,
BLOOMINGTON PD,B22-23105,MONROE,PERRY,BLOOMINGTON,2,,0,0,0,,W 3RD ST,,,,,W 3RD ST,S FRANKLIN RD,,,,Y,,0.0,,39.13727291884439,-86.5826221713202,LOCAL/CITY RD,,,,URBAN,N,N,N,,DAYLIGHT,CLEAR,DRY,,FOUR-WAY INTERSECTION,,ASPHALT,DISREGARD SIGNAL/REG SIGN,$5001 TO $10000,LEFT TURN,W 3RDSTSFRANKLINRD,0,,2022-06-20 14:50:00,,,
INDIANA UNIV BLOOMINGTON PD,220510,MONROE,BLOOMINGTON,BLOOMINGTON,1,,0,0,0,,N DUNN ST,,,,,N DUNN ST,,,,,Y,,0.0,,39.173410407691904,-86.51546300743259,LOCAL/CITY RD,,,,URBAN,N,N,N,,DARK (NOT LIGHTED),CLEAR,WET,,NO JUNCTION INVOLVED,,ASPHALT,IMPROPER TURNING,$2501 TO $5000,SAME DIRECTION SIDESWIPE,NDUNNST,0,,2022-02-10 07:00:00,,,
BLOOMINGTON PD,B22-28667,MONROE,BLOOMINGTON,BLOOMINGTON,2,,0,0,0,,N SASSAFRAS DR,,,,,N SASSAFRAS DR,W ARLINGTON VALLEY DR,,,,Y,,0.0,,39.16419206644166,-86.49826702024592,PRIVATE DR,,,,URBAN,N,N,N,,DARK (LIGHTED),RAIN,WET,,NO JUNCTION INVOLVED,,ASPHALT,UNSAFE LN MOVEMENT,$1001 TO $2500,SAME DIRECTION SIDESWIPE,WARLINGTONVALLEYDRNSASSAFRASDR,0,,2022-07-25 00:00:00,,,
MONROE SD,M22A13183,MONROE,VAN BUREN,BLOOMINGTON,2,,2,0,0,,W ST RD 45,,,,,W ST RD 45,W ST RD 45,,,,N,,0.0,,39.16462191257755,-86.58299012581558,ST RD,,,,RURAL,N,N,N,,DAWN/DUSK,CLEAR,DRY,,Y-INTERSECTION,,ASPHALT,LEFT OF CENTER,$10001 TO $25000,SAME DIRECTION SIDESWIPE,WSTATERD45 WSTATERD45,0,,2022-06-05 20:40:00,,,
BLOOMINGTON PD,B22-41758,MONROE,PERRY,BLOOMINGTON,2,,0,0,0,,2800 S REX GROSSMAN BLVD,,,,,S REX GROSSMAN BLVD,,,,,Y,,0.0,,39.16442253467905,-86.49305359211385,PRIVATE DR,,,,URBAN,N,N,N,,DAYLIGHT,CLEAR,DRY,,NO JUNCTION INVOLVED,,ASPHALT,UNSAFE BACKING,$2501 TO $5000,BACKING CRASH,2800S.REXGROSSMANBLVD,0,,2022-10-10 08:21:00,2800.0,,
INDIANA UNIV BLOOMINGTON PD,221480,MONROE,BLOOMINGTON,BLOOMINGTON,2,,0,0,0,,ST RD 45,,,,,ST RD 45,WALKWAY,,,,Y,,528.0,,39.1518171294989,-86.49059297406713,ST RD,,,,URBAN,N,N,N,,DAYLIGHT,CLEAR,DRY,,NO JUNCTION INVOLVED,,ASPHALT,UNSAFE SPEED,$5001 TO $10000,REAR END,WALKWAYSTATERD45,0,,2022-04-19 15:10:00,,,
MONROE SD,M22A13022,MONROE,PERRY,BLOOMINGTON,1,,0,0,0,,S FAIRFAX RD,,,,,S FAIRFAX RD,,,,,N,,0.0,,39.17163633184675,-86.53487202340739,PRIVATE DR,,,,URBAN,N,N,N,,DARK (LIGHTED),CLEAR,DRY,,NO JUNCTION INVOLVED,,GRAVEL,OTHER (DRIVER) - EXPLAIN IN NARRATIVE,$2501 TO $5000,BACKING CRASH,SFAIRFAXRD,0,,2022-06-03 22:50:00,,,