Agency,Local Code,County,Township,City,Vehicles Involved,Trailers Involved,Number Injured,Number Dead,Number Deer,House Number,Roadway Name,Roadway Suffix,Roadway Number,Roadway Interchange,Roadway Ramp,Roadway Id,Intersecting Road,Intersecting Road Number,Mile Marker,Interchange,Corporate Limits?,Property Type,Feet From,Direction,Latitude,Longitude,Roadway Class,Traffic Control Devices?,Aggressive Driving?,Hit and Run?,Locality,School Zone?,Rumble Strips?,Construction?,Construction Type,Light Condition,Weather Conditions,Surface Condition,Type of Median,Roadway Junction Type,Road Character,Roadway Surface,Primary Factor,Damage Estimate,Manner of Collision,Unique Location Id,State Property Damage?,Traffic Control,DateTime,Address Number,Cyclist Involved,Pedestrian Involved
BLOOMINGTON PD,B22-06219,MONROE,BLOOMINGTON,BLOOMINGTON,2,,1,0,0,,E 14TH ST,,,,,E 14TH ST,N WALNUT ST,,,,Y,,0.0,,39.2348825772098,-86.62346475364228,LOCAL/CITY RD,,,,URBAN,N,N,N,,DAYLIGHT,RAIN,WET,,FOUR-WAY INTERSECTION,,ASPHALT,FAILURE TO YIELD RIGHT OF WAY,$2501 TO $5000,RIGHT ANGLE,NWALNUTSTE14THST,0,,2022-02-24 17:15:00,,,
ELLETTSVILLE PD,E2200535,MONROE,RICHLAND,ELLETTSVILLE,2,0.0,0,0,0,,,,ST RD 46 W,,,ST RD 46 W,SMITH,,,,Y,,200.0,W,39.27808865512477,-86.52336248672937,ST RD,,N,N,URBAN,N,N,N,,DAYLIGHT,RAIN,WET,,FOUR-WAY INTERSECTION,STRAIGHT/LEVEL,ASPHALT,FAILURE TO YIELD RIGHT OF WAY,$5001 TO $10000,RIGHT ANGLE,SMITHPKST RD 46 W,0,STOP SIGN,2022-02-11 16:18:00,,,
INDIANA UNIV BLOOMINGTON PD,222255,MONROE,BLOOMINGTON,BLOOMINGTON,2,,0,0,0,,E 10TH ST,,,,,E 10TH ST,ST RD 45,,,,Y,,0.0,,39.1497606506058,-86.5688916703875,ST RD,,,,URBAN,N,N,N,,DAYLIGHT,CLEAR,DRY,,FOUR-WAY INTERSECTION,,ASPHALT,FOLLOWING TOO CLOSELY,$1001 TO $2500,REAR END,STATERD45E 10THST,0,,2022-06-27 16:10:00,,,
BLOOMINGTON PD,B22-05021,MONROE,VAN BUREN,BLOOMINGTON,2,,0,0,0,,W 3RD ST,,,,,W 3RD ST,LIBERTY DR,,,,Y,,300.0,,38.991762400284784,-86.53722252495479,LOCAL/CITY RD,,,,URBAN,N,N,N,,DAYLIGHT,CLEAR,DRY,,NO JUNCTION INVOLVED,,ASPHALT,FOLLOWING TOO CLOSELY,UNDER $1001,REAR END,W 3RDSTLIBERTYDR,0,,2022-02-14 12:28:00,,,
MONROE SD,M22A11341,MONROE,PERRY,,2,,0,0,0,,ST RD 46,,,,,ST RD 46,,,,,N,,0.0,,39.12949180546908,-86.44697501807464,ST RD,,,,RURAL,N,N,N,,DAYLIGHT,CLEAR,DRY,,NO JUNCTION INVOLVED,,ASPHALT,FOLLOWING TOO CLOSELY,$5001 TO $10000,REAR END,STATERD46,0,,2022-05-17 08:02:00,,,
BLOOMINGTON PD,B22-24826,MONROE,BLOOMINGTON,BLOOMINGTON,1,,1,0,0,,S PATTERSON DR,,,,,S PATTERSON DR,,,,,Y,,0.0,,39.181328647068426,-86.53643778091597,,,,,URBAN,N,N,N,,DAYLIGHT,CLEAR,DRY,,NO JUNCTION INVOLVED,,ASPHALT,FAILURE TO YIELD RIGHT OF WAY,UNDER $1001,SAME DIRECTION SIDESWIPE,S.PATTERSONDR,1,,2022-07-01 08:51:00,,,
INDIANA UNIV BLOOMINGTON PD,222968,MONROE,BLOOMINGTON,BLOOMINGTON,2,,0,0,0,,N UNION ST,,,,,N UNION ST,E 10TH ST,,,,Y,,0.0,,-2.3074091103123648e-05,-2.562531140514642e-05,LOCAL/CITY RD,,,,URBAN,N,N,N,,DAYLIGHT,CLEAR,DRY,,T-INTERSECTION,,ASPHALT,IMPROPER LN USAGE,$1001 TO $2500,SAME DIRECTION SIDESWIPE,NUNIONSTE 10THST,0,,2022-09-01 11:10:00,,,
BLOOMINGTON PD,B22-32719,MONROE,PERRY,BLOOMINGTON,3,,0,0,0,310,S COLLEGE AVE,,,,,S COLLEGE AVE,,,,,Y,,0.0,,39.16632621802019,-86.53357149142651,PRIVATE DR,,,,URBAN,N,N,N,,DAYLIGHT,CLEAR,DRY,,NO JUNCTION INVOLVED,,ASPHALT,OVERCORRECTING/OVERSTEERING,$5001 TO $10000,LEFT TURN,SCOLLEGEAVE,0,,2022-08-20 17:49:00,,,
INDIANA UNIV BLOOMINGTON PD,222055,MONROE,BLOOMINGTON,BLOOMINGTON,2,,0,0,0,,N FEE LN,,,,,N FEE LN,N FEE LN,,,,Y,,0.0,,39.16449916629873,-86.57328802219993,PRIVATE DR,,,,URBAN,N,N,N,,DAYLIGHT,CLEAR,DRY,,NO JUNCTION INVOLVED,,CONCRETE,UNSAFE BACKING,$1001 TO $2500,BACKING CRASH,NFEELNNFEELN,0,,2022-06-06 07:22:00,,,
BLOOMINGTON PD,B22-14814,MONROE,,BLOOMINGTON,2,,0,0,0,,E 3RD ST,,,,,E 3RD ST,COLLEGE MALL RD,,,,Y,,100.0,,39.1222,-86.56236,,,,,URBAN,N,N,N,,DAYLIGHT,CLOUDY,DRY,,FOUR-WAY INTERSECTION,,ASPHALT,FAILURE TO YIELD RIGHT OF WAY,$10001 TO $25000,REAR END,E 3RDSTCOLLEGEMALLRD,0,,2022-04-25 12:15:00,,,
MONROE SD,M22A10368,MONROE,PERRY,BLOOMINGTON,2,,0,0,0,,W DILLMAN RD,,,,,W DILLMAN RD,W DILLMAN RD,,,,N,,0.0,,39.16479073923569,-86.49539811898404,ST RD,,,,RURAL,N,N,N,,DAYLIGHT,RAIN,WET,,FOUR-WAY INTERSECTION,,ASPHALT,RDWAY SURFACE CONDITION,$2501 TO $5000,SAME DIRECTION SIDESWIPE,WDILLMANRDWDILLMANRD,0,,2022-05-06 17:48:00,,,
BLOOMINGTON PD,B22-38393,MONROE,PERRY,BLOOMINGTON,2,,0,0,0,2901,W JULIES WAY,,,,,W JULIES WAY,,,,,Y,,0.0,,39.16889831380032,-86.53359957465528,PRIVATE DR,,,,URBAN,N,N,N,,DAYLIGHT,CLEAR,DRY,,NO JUNCTION INVOLVED,,ASPHALT,UNSAFE BACKING,$1001 TO $2500,BACKING CRASH,WJULIESWAY,0,,2022-09-22 13:06:00,,,
INDIANA UNIV BLOOMINGTON PD,222898,MONROE,BLOOMINGTON,BLOOMINGTON,2,,0,0,0,518,E 7TH ST,,,,,E 7TH ST,,,,,Y,,0.0,,39.15658788032755,-86.58832766634244,PRIVATE DR,,,,URBAN,N,N,N,,DAYLIGHT,CLEAR,DRY,,NO JUNCTION INVOLVED,,GRAVEL,UNSAFE BACKING,$1001 TO $2500,OPPOSITE DIRECTION SIDESWIPE,E7THST,0,,2022-08-29 13:00:00,,,
ISP BLOOMINGTON 33,2.022E+11,MONROE,PERRY,BLOOMINGTON,2,,0,0,0,,ST RD 37,,,,,ST RD 37,,,,,N,,0.0,,39.159361626629945,-86.53867660034074,ST RD,,,,RURAL,N,N,N,,DAYLIGHT,RAIN,WET,,T-INTERSECTION,,ASPHALT,FAILURE TO MAINTAIN LN,UNDER $1001,SAME DIRECTION SIDESWIPE,STATERD37,0,,2022-04-21 09:30:00,,,
BLOOMINGTON PD,B22-36154,MONROE,BLOOMINGTON,BLOOMINGTON,2,,1,0,0,,S MORTON ST,,,,,S MORTON ST,W 2ND ST,,,,Y,,0.0,,39.1751055217078,-86.52106066644953,LOCAL/CITY RD,,,,URBAN,N,N,N,,DARK (LIGHTED),CLEAR,DRY,,TRAIL CROSSINGS,,ASPHALT,FOLLOWING TOO CLOSELY,$2501 TO $5000,REAR END,W 2NDSTSMORTONST,0,,2022-09-08 21:40:00,,,
MONROE SD,M22A23388,MONROE,CLEAR CREEK,,1,,1,0,0,,W FLUCK MILL RD,,,,,W FLUCK MILL RD,S VICTOR PK,,,,N,,0.0,,39.121438906927786,-86.4987288948594,,,,,RURAL,N,N,N,,DARK (NOT LIGHTED),CLEAR,DRY,,Y-INTERSECTION,,ASPHALT,UNSAFE SPEED,$5001 TO $10000,RAN OFF RD,WFLUCKMILLRDSVICTORPK,0,,2022-09-23 06:40:00,,,
ELLETTSVILLE PD,E2203791,MONROE,RICHLAND,ELLETTSVILLE,2,0.0,0,0,0,,CHAFIN CHAPEL,RD,,,,CHAFIN CHAPEL,RODEO,,,,Y,,400.0,N,39.215152,-86.5928,LOCAL/CITY RD,,N,N,URBAN,N,N,N,,DAYLIGHT,CLEAR,DRY,,NO JUNCTION INVOLVED,STRAIGHT/LEVEL,ASPHALT,LEFT OF CENTER,$1001 TO $2500,OPPOSITE DIRECTION SIDESWIPE,CHAFINCHAPELRDRODEODR,0,NONE,2022-09-23 11:52:00,,,
BLOOMINGTON PD,B22-41393,MONROE,,,2,,0,0,0,3160,S WALNUT ST,,,,,S WALNUT ST,,,,,N,,0.0,,39.16550479507,-86.49830103876472,,,,,URBAN,Y,N,N,,DARK (LIGHTED),CLOUDY,DRY,,NO JUNCTION INVOLVED,,ASPHALT,UNSAFE BACKING,$2501 TO $5000,BACKING CRASH,SWALNUTST,0,,2022-10-07 23:08:00,,,
BLOOMINGTON PD,B22-41982,MONROE,PERRY,BLOOMINGTON,2,,0,0,0,,E N DR,,,,,E N DR,S HENDERSON ST,,,,Y,,106.0,,39.186999970517086,-86.55528463666892,LOCAL/CITY RD,,,,URBAN,Y,N,N,,DAYLIGHT,CLOUDY,DRY,,T-INTERSECTION,,ASPHALT,FAILURE TO YIELD RIGHT OF WAY,$5001 TO $10000,RIGHT ANGLE,SHENDERSONSTENORTHDR,0,,2022-10-11 15:03:00,,,
BLOOMINGTON PD,B22-48279,MONROE,BLOOMINGTON,BLOOMINGTON,2,,0,0,0,,E 10TH ST,,,,,E 10TH ST,N LINCOLN ST,,,,Y,,0.0,,39.28788970085356,-86.5188466441653,PRIVATE DR,,,,URBAN,N,N,N,,DARK (LIGHTED),CLEAR,DRY,,FOUR-WAY INTERSECTION,,ASPHALT,FAILURE TO YIELD RIGHT OF WAY,$1001 TO $2500,RIGHT ANGLE,NLINCOLNSTE 10THST,0,,2022-11-19 17:33:00,,,
BLOOMINGTON PD,B22-43827,MONROE,BLOOMINGTON,BLOOMINGTON,1,,0,0,0,,N MADISON ST,,,,,N MADISON ST,W 6TH ST,,,,Y,,0.0,,39.16436189940167,-86.49340018216151,LOCAL/CITY RD,,,,URBAN,N,N,N,,DARK (LIGHTED),CLEAR,DRY,,FOUR-WAY INTERSECTION,,ASPHALT,DRIVER DISTRACTED - EXPLAIN IN NARRATIVE,$5001 TO $10000,RAN OFF RD,W6THSTNMADISONST,0,,2022-10-21 23:55:00,,,
MONROE SD,M22A25625,MONROE,VAN BUREN,BLOOMINGTON,2,,0,0,0,,W ST RD 45,,,,,W ST RD 45,W AIRPORT RD,,,,N,,0.0,,39.05014294794114,-86.60930628202769,ST RD,,,,RURAL,N,N,N,,DAYLIGHT,CLEAR,DRY,,T-INTERSECTION,,ASPHALT,FOLLOWING TOO CLOSELY,$2501 TO $5000,REAR END,WSTATERD45 WAIRPORTRD,0,,2022-10-18 18:48:00,,,
BLOOMINGTON PD,B2253088,MONROE,BLOOMINGTON,BLOOMINGTON,8,,3,0,0,,ST RD 46,,,,,ST RD 46,N WALNUT ST,,,,Y,,0.0,,39.18562321466169,-86.55472465158279,,,,,URBAN,N,N,N,,DAYLIGHT,RAIN,WET,,FOUR-WAY INTERSECTION,,ASPHALT,FOLLOWING TOO CLOSELY,$25001 TO $50000,REAR END,ST RD 46NWALNUTST,0,,2022-12-22 09:37:00,,,
BLOOMINGTON PD,B22-50607,MONROE,PERRY,BLOOMINGTON,2,,0,0,0,,W BLOOMFIELD RD,,,69,1,W BLOOMFIELD RD,,,,,Y,,0.0,,39.234875516059496,-86.62345112742277,ST RD,,,,URBAN,N,N,N,,DAYLIGHT,CLOUDY,WET,,FIVE POINT OR MORE,,ASPHALT,FOLLOWING TOO CLOSELY,$5001 TO $10000,REAR END,WBLOOMFIELDRD69117,0,,2022-12-06 10:38:00,,,
BLOOMINGTON PD,B22-49869,MONROE,PERRY,BLOOMINGTON,2,,0,0,0,,2600 E 3RD ST,,,,,E 3RD ST,S OVERHILL DR,,,,Y,,300.0,,39.14686693173964,-86.53268238644215,LOCAL/CITY RD,,,,URBAN,N,N,N,,DAYLIGHT,CLEAR,DRY,,NO JUNCTION INVOLVED,,ASPHALT,FOLLOWING TOO CLOSELY,$2501 TO $5000,REAR END,S.OVERHILLDR2600BLKE 3RDST,0,,2022-12-01 13:21:00,2600.0,,
MONROE SD,M22A29063,MONROE,BENTON,BLOOMINGTON,1,,0,0,0,,E N SHORE DR,,,,,E N SHORE DR,,,,,N,,0.0,,39.22318662115136,-86.60914196659527,LOCAL/CITY RD,,,,RURAL,N,N,N,,DARK (NOT LIGHTED),RAIN,WET,,NO JUNCTION INVOLVED,,ASPHALT,SPEED TOO FAST FOR WEATHER CONDITIONS,$10001 TO $25000,RAN OFF RD,ENORTHSHOREDR,0,,2022-11-27 17:59:00,,,
ELLETTSVILLE PD,E22-05333,MONROE,RICHLAND,ELLETTSVILLE,1,,0,0,0,7398,W ST RD. 46,,,,,W ST RD. 46,,,,,Y,,0.0,,39.17880416570919,-86.51246688884945,PRIVATE DR,,,,URBAN,N,N,N,,DAYLIGHT,CLEAR,DRY,,NO JUNCTION INVOLVED,,CONCRETE,UNSAFE BACKING,$2501 TO $5000,BACKING CRASH,W.STATERD.46,0,,2022-12-19 16:07:00,,,
BLOOMINGTON PD,B22-51911,MONROE,VAN BUREN,BLOOMINGTON,3,,1,0,0,,S LIBERTY DR,,,,,S LIBERTY DR,W CONSTITUTION AVE,,,,Y,,370.0,,39.16437909019765,-86.55390443737919,LOCAL/CITY RD,,,,URBAN,N,N,N,,DAYLIGHT,RAIN,WET,,NO JUNCTION INVOLVED,,ASPHALT,FOLLOWING TOO CLOSELY,$5001 TO $10000,REAR END,WCONSTITUTIONAVESLIBERTYDR,0,,2022-12-14 15:16:00,,,
BLOOMINGTON PD,B22-49202,MONROE,BLOOMINGTON,BLOOMINGTON,2,,0,0,0,,W 3RD ST,,,,,W 3RD ST,ST RD 37,,,,Y,,0.0,,39.22551048938026,-86.61279027166371,LOCAL/CITY RD,,,,URBAN,N,N,N,,DARK (LIGHTED),RAIN,WET,,FOUR-WAY INTERSECTION,,ASPHALT,FAILURE TO YIELD RIGHT OF WAY,$2501 TO $5000,LEFT TURN,W 3RDSTSTATERD37,0,,2022-11-26 22:00:00,,,
MONROE SD,M22A29688,MONROE,BLOOMINGTON,BLOOMINGTON,1,,0,0,1,,E ROBINSON RD,,,,,E ROBINSON RD,N MILLER RD,,,,N,,0.0,,39.17343833902257,-86.50446343358921,LOCAL/CITY RD,,,,RURAL,N,N,N,,DAYLIGHT,CLEAR,DRY,,NO JUNCTION INVOLVED,,ASPHALT,ANIMAL/OBJECT IN RDWAY,$2501 TO $5000,COLLISION WITH DEER,NMILLERRDEROBINSONRD,0,,2022-12-04 10:01:00,,,
MONROE SD,M22A29150,MONROE,VAN BUREN,BLOOMINGTON,1,,0,0,0,,S ROCKPORT RD,,,,,S ROCKPORT RD,W BOLIN LN,,,,N,,0.0,,39.16851584738487,-86.51243456756626,COUNTY RD,,,,RURAL,N,N,N,,DAYLIGHT,CLOUDY,DRY,,NO JUNCTION INVOLVED,,ASPHALT,FAILURE TO MAINTAIN LN,$5001 TO $10000,RAN OFF RD,WBOLINLNSROCKPORTRD,0,,2022-11-28 04:20:00,,,
BLOOMINGTON PD,B22-49777,MONROE,BLOOMINGTON,BLOOMINGTON,2,,0,0,0,,W 6TH ST,,,,,W 6TH ST,N COLLEGE AVE,,,,Y,,0.0,,39.17829866426061,-86.50800235808502,LOCAL/CITY RD,,,,URBAN,N,N,N,,DARK (LIGHTED),CLEAR,DRY,,FOUR-WAY INTERSECTION,,ASPHALT,UNSAFE BACKING,$1001 TO $2500,BACKING CRASH,W6THSTNCOLLEGEAVE,0,,2022-11-30 19:35:00,,,
BLOOMINGTON PD,B22-50868,MONROE,BLOOMINGTON,BLOOMINGTON,2,,0,0,0,,N KINSER PK,,,,,N KINSER PK,W BRIARCLIFF DR,,,,Y,,0.0,,39.16166636,-86.56968697,LOCAL/CITY RD,,,,URBAN,N,N,N,,DARK (LIGHTED),CLEAR,DRY,,T-INTERSECTION,,ASPHALT,IMPROPER LN USAGE,$1001 TO $2500,RIGHT ANGLE,WBRIARCLIFFDRNKINSERPK,0,,2022-12-07 23:00:00,,,
BLOOMINGTON PD,B22-49276,MONROE,BLOOMINGTON,BLOOMINGTON,2,,0,0,0,,W 17TH ST,,,,,W 17TH ST,N COLLEGE AVE,,,,Y,,0.0,,39.17521229334899,-86.50417743301533,LOCAL/CITY RD,,,,URBAN,N,N,N,,DARK (LIGHTED),CLOUDY,DRY,,FOUR-WAY INTERSECTION,,ASPHALT,DISREGARD SIGNAL/REG SIGN,$1001 TO $2500,SAME DIRECTION SIDESWIPE,W17THSTNCOLLEGEAVE,0,,2022-11-27 17:29:00,,,
BLOOMINGTON PD,B22-52995,MONROE,PERRY,BLOOMINGTON,2,,0,0,0,,E 3RD ST,,,,,E 3RD ST,S SMITH RD,,,,N,,0.0,,39.15419010295954,-86.56436019786817,ST RD,,,,URBAN,N,N,N,,DAYLIGHT,CLEAR,DRY,,FOUR-WAY INTERSECTION,,ASPHALT,FOLLOWING TOO CLOSELY,$5001 TO $10000,REAR END,SSMITHRDE 3RDST,0,,2022-12-21 14:51:00,,,
BLOOMINGTON PD,B22-43477,MONROE,PERRY,BLOOMINGTON,2,,0,0,0,,E 3RD ST,,,,,E 3RD ST,S COLLEGE MALL RD,,,,Y,,0.0,,39.071205058243976,-86.60994796302488,LOCAL/CITY RD,,,,URBAN,N,N,N,,DAYLIGHT,CLOUDY,DRY,,FOUR-WAY INTERSECTION,,ASPHALT,FAILURE TO YIELD RIGHT OF WAY,$5001 TO $10000,RIGHT ANGLE,S.COLLEGEMALLRDE 3RDST,0,,2022-10-20 08:18:00,,,
BLOOMINGTON PD,B22-50942,MONROE,PERRY,BLOOMINGTON,2,,0,0,0,,E CATHCART ST,,,,,E CATHCART ST,S RENWICK BLVD,,,,Y,,0.0,,39.16453886023724,-86.57021470881328,LOCAL/CITY RD,,,,URBAN,N,N,N,,DAYLIGHT,RAIN,WET,,FOUR-WAY INTERSECTION,,ASPHALT,FAILURE TO YIELD RIGHT OF WAY,$2501 TO $5000,RIGHT ANGLE,S.RENWICKBLVDECATHCARTST,0,,2022-12-08 11:58:00,,,
MONROE SD,M22A30125,MONROE,BLOOMINGTON,BLOOMINGTON,1,,1,0,0,,I-69,,,,,I-69,,,,,N,,845.0,,39.181776259021404,-86.5265914957292,INTERSTATE,,,,RURAL,N,N,N,,DARK (LIGHTED),FOG/SMOKE/SMOG,WET,,NO JUNCTION INVOLVED,,ASPHALT,FAILURE TO MAINTAIN LN,$5001 TO $10000,RAN OFF RD,I-69,0,,2022-12-09 20:06:00,,,
INDIANA UNIV BLOOMINGTON PD,224766,MONROE,BLOOMINGTON,BLOOMINGTON,1,,0,0,0,,E 17TH ST,,,,,E 17TH ST,E LINGELBACH LN,,,,Y,,0.0,,39.18245334569071,-86.54756664660893,LOCAL/CITY RD,,,,URBAN,N,N,N,,DARK (NOT LIGHTED),FOG/SMOKE/SMOG,WET,,T-INTERSECTION,,ASPHALT,OTHER (DRIVER) - EXPLAIN IN NARRATIVE,$1001 TO $2500,RAN OFF RD,ELINGELBACHLNE17THST,0,,2022-12-06 04:30:00,,,
ISP BLOOMINGTON 33,2.022E+11,MONROE,BLOOMINGTON,BLOOMINGTON,2,,0,0,0,,I-69,,,,,I-69,,,119.0,,Y,,0.0,,39.1435895790368,-86.58034486392548,INTERSTATE,,,,URBAN,N,N,N,,DAYLIGHT,RAIN,WET,,NO JUNCTION INVOLVED,,ASPHALT,FAILURE TO MAINTAIN LN,$1001 TO $2500,REAR END,I-69119,0,,2022-10-25 16:05:00,,,
MONROE SD,M22A30163,MONROE,PERRY,BLOOMINGTON,2,,0,0,0,,4380 E MOORES CREEK RD,,,,,E MOORES CREEK RD,,,,,N,,0.0,,-8.471729059630227e-06,-3.4882399308488485e-05,PRIVATE DR,,,,RURAL,N,N,N,,DAYLIGHT,RAIN,WET,,NO JUNCTION INVOLVED,,GRAVEL,IMPROPER TURNING,$2501 TO $5000,SAME DIRECTION SIDESWIPE,4380EMOORESCREEKRD,0,,2022-12-09 01:10:00,4380.0,,
BLOOMINGTON PD,B22-51822,MONROE,PERRY,BLOOMINGTON,2,,0,0,0,,E ATWATER AVE,,,,,E ATWATER AVE,S CLIFTON AVE,,,,Y,,0.0,,39.1714940470868,-86.49797031831517,LOCAL/CITY RD,,,,URBAN,N,N,N,,DAWN/DUSK,RAIN,WET,,FOUR-WAY INTERSECTION,,ASPHALT,FOLLOWING TOO CLOSELY,$5001 TO $10000,REAR END,S.CLIFTONAVEEATWATERAVE,0,,2022-12-14 07:50:00,,,
ISP BLOOMINGTON 33,2.022E+11,MONROE,SALT CREEK,BLOOMINGTON,2,,0,0,0,,ST RD 46,,,,,ST RD 46,SEWELL RD,,,,N,,500.0,,39.10755863,-86.5246566,ST RD,,,,RURAL,N,N,N,,DAYLIGHT,CLOUDY,DRY,,NO JUNCTION INVOLVED,,ASPHALT,OTHER (DRIVER) - EXPLAIN IN NARRATIVE,$1001 TO $2500,OTHER - EXPLAIN IN NARRATIVE,ST RD 46SEWELLRD,0,,2022-10-12 15:55:00,,,
BLOOMINGTON PD,B22-47422,MONROE,PERRY,BLOOMINGTON,2,,0,0,0,,W BLOOMFIELD RD,,,,,W BLOOMFIELD RD,S PATTERSON DR,,,,Y,,0.0,,39.17591178112809,-86.53355604264965,LOCAL/CITY RD,,,,URBAN,N,N,N,,DAYLIGHT,CLEAR,DRY,,FOUR-WAY INTERSECTION,,ASPHALT,OTHER (DRIVER) - EXPLAIN IN NARRATIVE,$1001 TO $2500,REAR END,WBLOOMFIELDRDSPATTERSONDR,0,,2022-11-13 09:41:00,,,
MONROE SD,M22A27449,MONROE,,BLOOMINGTON,2,,2,0,0,,W ST RD 45,,,,,W ST RD 45,S HARMONY RD,,,,N,,0.0,,39.16416159348985,-86.48122251451063,ST RD,,,,RURAL,N,N,N,,DAYLIGHT,CLEAR,DRY,,FOUR-WAY INTERSECTION,,ASPHALT,FAILURE TO YIELD RIGHT OF WAY,$5001 TO $10000,LEFT TURN,WSTATERD45SHARMONYRD,0,,2022-11-08 09:22:00,,,
ISP BLOOMINGTON 33,2022-00613134,MONROE,INDIAN CREEK,BLOOMINGTON,1,,0,0,0,,,,69,,,69,,,106.0,,N,,410.0,,39.17158494253027,-86.50216524358771,INTERSTATE,,,,RURAL,N,N,N,,DAYLIGHT,CLOUDY,SNOW/SLUSH,,NO JUNCTION INVOLVED,,CONCRETE,SPEED TOO FAST FOR WEATHER CONDITIONS,$1001 TO $2500,RAN OFF RD,69106,0,,2022-12-23 11:25:00,,,
INDIANA UNIV BLOOMINGTON PD,224118,MONROE,BLOOMINGTON,BLOOMINGTON,2,,0,0,0,,E 7TH ST,,,,,E 7TH ST,N INDIANA AVE,,,,Y,,0.0,,39.164564769121576,-86.57917796127802,LOCAL/CITY RD,,,,RURAL,N,N,N,,DARK (LIGHTED),RAIN,WET,,FOUR-WAY INTERSECTION,,ASPHALT,FAILURE TO MAINTAIN LN,$2501 TO $5000,OPPOSITE DIRECTION SIDESWIPE,NINDIANAAVEE7THST,0,,2022-10-25 20:05:00,,,
INDIANA UNIV BLOOMINGTON PD,224496,MONROE,BLOOMINGTON,BLOOMINGTON,2,,0,0,0,,E 17TH ST,,,,,E 17TH ST,,,,,Y,,0.0,,39.1872168721142,-86.55813042337635,PRIVATE DR,,,,URBAN,N,N,N,,DAYLIGHT,CLOUDY,DRY,,NO JUNCTION INVOLVED,,ASPHALT,FAILURE TO YIELD RIGHT OF WAY,$1001 TO $2500,RIGHT ANGLE,E17THST,0,,2022-11-15 11:30:00,,,
BLOOMINGTON PD,B22-54046,MONROE,PERRY,BLOOMINGTON,2,,0,0,0,,S WALNUT ST,,,,,S WALNUT ST,E MILLER DR,,,,Y,,0.0,,,,LOCAL/CITY RD,,,,URBAN,N,N,N,,DAYLIGHT,CLEAR,DRY,,T-INTERSECTION,,ASPHALT,DRIVER ASLEEP OR FATIGUED,$5001 TO $10000,REAR END,SWALNUTSTEMILLERDR,0,,2022-12-31 15:39:00,,,
BLOOMINGTON PD,B22-41475,MONROE,VAN BUREN,BLOOMINGTON,1,,1,0,0,,I-69,,,,S,I-69,,,,,N,,0.0,,39.17154211058005,-86.50948078593638,INTERSTATE,,,,URBAN,N,N,N,,DAYLIGHT,CLEAR,DRY,,RAMP,,ASPHALT,OVERCORRECTING/OVERSTEERING,$10001 TO $25000,NON-COLLISION,I-69SBOFFRAMP,0,,2022-10-08 11:24:00,,,
BLOOMINGTON PD,B22-51515,MONROE,PERRY,BLOOMINGTON,2,,0,0,0,,1511 S STRONG DR,,,,,S STRONG DR,,,,,Y,,0.0,,39.16363434956318,-86.53501154276667,PRIVATE DR,,,,URBAN,N,N,N,,DAYLIGHT,CLEAR,WET,,NO JUNCTION INVOLVED,,GRAVEL,UNSAFE BACKING,UNDER $1001,BACKING CRASH,1511S.STRONGDR,0,,2022-12-12 09:11:00,1511.0,,
MONROE SD,M22A26213,MONROE,VAN BUREN,BLOOMINGTON,2,,0,0,0,1531,S CURRY PK,,,,,S CURRY PK,,,,,Y,,0.0,,39.17700143254593,-86.5188785062496,PRIVATE DR,,,,URBAN,N,N,N,,DAYLIGHT,RAIN,WET,,NO JUNCTION INVOLVED,,ASPHALT,UNSAFE BACKING,UNDER $1001,BACKING CRASH,SCURRYPK,0,,2022-10-25 14:44:00,,,
BLOOMINGTON PD,B22-53675,MONROE,PERRY,BLOOMINGTON,2,,1,0,0,,S ADAMS ST,,,,,S ADAMS ST,W 3RD ST,,,,Y,,422.0,,39.16422520828367,-86.49829753822848,LOCAL/CITY RD,,,,URBAN,N,N,N,,DAYLIGHT,CLEAR,DRY,,NO JUNCTION INVOLVED,,ASPHALT,FAILURE TO YIELD RIGHT OF WAY,$25001 TO $50000,RIGHT ANGLE,W 3RDSTSADAMSST,0,,2022-12-28 16:27:00,,,
MONROE SD,M22A29096,MONROE,PERRY,BLOOMINGTON,1,,2,0,1,,S VICTOR PK,,,,,S VICTOR PK,W TRAMWAY RD,,,,N,,1500.0,,39.092949200364586,-86.54418428323116,LOCAL/CITY RD,,,,RURAL,N,N,N,,DARK (NOT LIGHTED),RAIN,WET,,NO JUNCTION INVOLVED,,ASPHALT,ANIMAL/OBJECT IN RDWAY,$10001 TO $25000,RAN OFF RD,WTRAMWAYRDSVICTORPK,0,,2022-11-28 07:07:00,,,
MONROE SD,M22A26665,MONROE,SALT CREEK,BLOOMINGTON,2,,1,0,0,,ST RD 46,,,,,ST RD 46,,,,,N,,0.0,,39.15370616298275,-86.57097891655033,ST RD,,,,RURAL,N,N,N,,DAYLIGHT,CLEAR,WET,,NO JUNCTION INVOLVED,,ASPHALT,DRIVER ASLEEP OR FATIGUED,$10001 TO $25000,HEAD ON BETWEEN TWO MOTOR VEHICLES,STATERD46,0,,2022-10-30 14:49:00,,,