Agency,Local Code,County,Township,City,Vehicles Involved,Trailers Involved,Number Injured,Number Dead,Number Deer,House Number,Roadway Name,Roadway Suffix,Roadway Number,Roadway Interchange,Roadway Ramp,Roadway Id,Intersecting Road,Intersecting Road Number,Mile Marker,Interchange,Corporate Limits?,Property Type,Feet From,Direction,Latitude,Longitude,Roadway Class,Traffic Control Devices?,Aggressive Driving?,Hit and Run?,Locality,School Zone?,Rumble Strips?,Construction?,Construction Type,Light Condition,Weather Conditions,Surface Condition,Type of Median,Roadway Junction Type,Road Character,Roadway Surface,Primary Factor,Damage Estimate,Manner of Collision,Unique Location Id,State Property Damage?,Traffic Control,DateTime,Address Number,Cyclist Involved,Pedestrian Involved
BLOOMINGTON PD,B22-50783,MONROE,PERRY,BLOOMINGTON,2,,0,0,0,,S COLLEGE MALL RD,,,,,S COLLEGE MALL RD,E BUICK CADILLAC BLVD,,,,Y,,0.0,,39.16819505869214,-86.52728396087477,LOCAL/CITY RD,,,,URBAN,N,N,N,,DAYLIGHT,CLOUDY,DRY,,FOUR-WAY INTERSECTION,,ASPHALT,DISREGARD SIGNAL/REG SIGN,$2501 TO $5000,RIGHT ANGLE,SCOLLEGEMALLRDEBUICKCADILLACBLVD,0,,2022-12-07 11:59:00,,,
BLOOMINGTON PD,B22-51109,MONROE,BLOOMINGTON,BLOOMINGTON,2,,0,0,0,,I-69 NORTHBOUND,,,118,B,I-69 NORTHBOUND,,,,,Y,,0.0,,39.088579330680595,-86.54507720382016,INTERSTATE,,,,URBAN,N,N,N,,DAYLIGHT,RAIN,WET,,RAMP,,ASPHALT,SPEED TOO FAST FOR WEATHER CONDITIONS,$2501 TO $5000,HEAD ON BETWEEN TWO MOTOR VEHICLES,I-69 NORTHBOUND118B,0,,2022-12-09 12:21:00,,,
BLOOMINGTON PD,B22-44955,MONROE,PERRY,BLOOMINGTON,2,,1,0,0,,W 3RD ST,,,,,W 3RD ST,S WESTPLEX DR,,,,Y,,0.0,,39.16138,-86.5363,LOCAL/CITY RD,,,,URBAN,N,N,N,,DAYLIGHT,CLEAR,DRY,,FOUR-WAY INTERSECTION,,ASPHALT,FOLLOWING TOO CLOSELY,$5001 TO $10000,REAR END,W 3RDSTSWESTPLEXDR,0,,2022-10-28 10:10:00,,,
ISP BLOOMINGTON 33,2.02201E+11,MONROE,SALT CREEK,BLOOMINGTON,1,,0,0,0,,ST RD 46,,,,,ST RD 46,TRAILWAY DR,,,,Y,,1056.0,,39.07374304107352,-86.57110935904215,ST RD,,,,URBAN,N,N,N,,DAYLIGHT,RAIN,WET,,NO JUNCTION INVOLVED,,ASPHALT,OVERCORRECTING/OVERSTEERING,$5001 TO $10000,RAN OFF RD,TRAILWAYDRSTATERD46,0,,2022-12-14 15:55:00,,,
INDIANA UNIV BLOOMINGTON PD,225027,MONROE,BLOOMINGTON,BLOOMINGTON,2,,0,0,0,,ST RD 45,,,,,ST RD 45,E 17TH ST,,,,N,,0.0,,39.259548823134956,-86.64531922480123,ST RD,,,,URBAN,N,N,N,,DARK (LIGHTED),CLOUDY,WET,,T-INTERSECTION,,ASPHALT,UNSAFE LN MOVEMENT,UNDER $1001,SAME DIRECTION SIDESWIPE,STATERD45E17THST,0,,2022-12-30 12:45:00,,,
BLOOMINGTON PD,B22-51435,MONROE,BLOOMINGTON,BLOOMINGTON,2,,0,0,0,,W 17TH ST,,,,,W 17TH ST,N KINSER PK,,,,Y,,0.0,,42.84576400197138,-87.84804789847779,LOCAL/CITY RD,,,,URBAN,N,N,N,,DAYLIGHT,CLOUDY,DRY,,FOUR-WAY INTERSECTION,,ASPHALT,FAILURE TO YIELD RIGHT OF WAY,$2501 TO $5000,RIGHT ANGLE,W17THSTNKINSERPK,0,,2022-12-11 15:02:00,,,
BLOOMINGTON PD,B22-47949,MONROE,BLOOMINGTON,BLOOMINGTON,1,,1,0,0,,N DUNN ST,,,,,N DUNN ST,E 7TH ST,,,,Y,,0.0,,39.14667683425798,-86.52697699808473,LOCAL/CITY RD,,,,URBAN,N,N,N,,DAYLIGHT,CLEAR,DRY,,FOUR-WAY INTERSECTION,,ASPHALT,FAILURE TO YIELD RIGHT OF WAY,$5001 TO $10000,RIGHT ANGLE,NDUNNSTE7THST,1,,2022-11-14 12:38:00,,,
MONROE SD,M22A30962,MONROE,PERRY,BLOOMINGTON,2,,0,0,0,,S ST RD 37,,,,,S ST RD 37,,,,,N,,0.0,,39.17165340186007,-86.53105893044356,PRIVATE DR,,,,URBAN,N,N,N,,DAYLIGHT,CLEAR,DRY,,NO JUNCTION INVOLVED,,ASPHALT,FAILURE TO YIELD RIGHT OF WAY,$1001 TO $2500,RIGHT ANGLE,SOLDSTATERD37,0,,2022-12-20 16:36:00,,,
ELLETTSVILLE PD,E22-04309,MONROE,RICHLAND,ELLETTSVILLE,1,,0,0,0,,POPLAR CIR,,,,,POPLAR CIR,POPLAR DR,,,,Y,,0.0,,39.16758,-86.53741,LOCAL/CITY RD,,,,RURAL,N,N,N,,UNKNOWN,CLEAR,DRY,,T-INTERSECTION,,ASPHALT,OTHER (DRIVER) - EXPLAIN IN NARRATIVE,$1001 TO $2500,OTHER - EXPLAIN IN NARRATIVE,POPLARDRPOPLARCIR,0,,2022-10-21 01:41:00,,,
MONROE SD,M22A30374,MONROE,VAN BUREN,BLOOMINGTON,2,,1,0,0,,S CURRY PK,,,,,S CURRY PK,W GIFFORD,,,,N,,317.0,,39.13638,-86.5944,LOCAL/CITY RD,,,,URBAN,N,N,N,,DAYLIGHT,CLEAR,DRY,,NO JUNCTION INVOLVED,,ASPHALT,FAILURE TO YIELD RIGHT OF WAY,$5001 TO $10000,RIGHT ANGLE,WGIFFORDRDSCURRYPK,0,,2022-12-12 13:21:00,,,
BLOOMINGTON PD,B22-44989,MONROE,PERRY,BLOOMINGTON,2,,0,0,0,2966,E 3RD ST; TARGET,,,,,E 3RD ST,,,,,Y,,0.0,,39.18622795525828,-86.53454267353108,PRIVATE DR,,,,URBAN,N,N,N,,DAYLIGHT,CLEAR,DRY,,NO JUNCTION INVOLVED,,ASPHALT,BRAKE FAILURE OR DEFECTIVE,UNDER $1001,HEAD ON BETWEEN TWO MOTOR VEHICLES,E 3RDST;TARGET,0,,2022-10-28 13:46:00,,,
MONROE SD,M22A28796,MONROE,CLEAR CREEK,BLOOMINGTON,1,,0,0,1,,ST RD 37,,,,,ST RD 37,ZIKES RD,,,,N,,2000.0,,39.14685111206653,-86.57501607342219,ST RD,,,,RURAL,N,N,N,,DARK (NOT LIGHTED),CLEAR,DRY,,NO JUNCTION INVOLVED,,ASPHALT,ANIMAL/OBJECT IN RDWAY,$2501 TO $5000,COLLISION WITH DEER,ZIKESRDSTATERD37,0,,2022-11-23 20:24:00,,,
BLOOMINGTON PD,B22-47725,MONROE,BLOOMINGTON,BLOOMINGTON,2,,0,0,0,,ST RD 45/46 BYPASS,,,,,ST RD 45/46 BYPASS,E 3RD ST,,,,Y,,0.0,,39.16424471822611,-86.50164282150588,LOCAL/CITY RD,,,,URBAN,N,N,N,,DARK (LIGHTED),CLOUDY,DRY,,FOUR-WAY INTERSECTION,,ASPHALT,FOLLOWING TOO CLOSELY,UNDER $1001,REAR END,STATERD45/46BYPASSE 3RDST,0,,2022-11-15 19:27:00,,,
BLOOMINGTON PD,B22-47435,MONROE,VAN BUREN,BLOOMINGTON,2,,0,0,0,3233,W 3RD ST,,,,,W 3RD ST,,,,,Y,,0.0,,39.269631540400084,-86.40265349827868,PRIVATE DR,,,,URBAN,N,N,N,,DAYLIGHT,CLOUDY,DRY,,NO JUNCTION INVOLVED,,ASPHALT,OTHER (DRIVER) - EXPLAIN IN NARRATIVE,$2501 TO $5000,OTHER - EXPLAIN IN NARRATIVE,W 3RDST,0,,2022-11-13 13:16:00,,,
INDIANA UNIV BLOOMINGTON PD,225018,MONROE,BLOOMINGTON,BLOOMINGTON,2,,0,0,0,2600,E 10TH ST,,,,,E 10TH ST,,,,,Y,,0.0,,39.24565104298857,-86.63569790920637,PRIVATE DR,,,,URBAN,N,N,N,,DARK (LIGHTED),CLEAR,WET,,NO JUNCTION INVOLVED,,ASPHALT,UNSAFE BACKING,UNDER $1001,BACKING CRASH,E 10THST,0,,2022-12-28 18:45:00,,,
MONROE SD,M22A28198,MONROE,INDIAN CREEK,BLOOMINGTON,1,,0,0,1,,I-69 S,,,,,I-69 S,,,,,N,,0.0,,39.15119581892481,-86.5768791982511,INTERSTATE,,,,RURAL,N,N,N,,DARK (NOT LIGHTED),CLEAR,DRY,,NO JUNCTION INVOLVED,,CONCRETE,ANIMAL/OBJECT IN RDWAY,$5001 TO $10000,COLLISION WITH DEER,SINTERSTATE69,0,,2022-11-17 05:16:00,,,
BLOOMINGTON PD,B22-49693,MONROE,BLOOMINGTON,BLOOMINGTON,2,,0,0,0,,N WALNUT ST,,,,,N WALNUT ST,W ST RD 45/46,,,,Y,,0.0,,39.16449653061306,-86.57327601938162,LOCAL/CITY RD,,,,URBAN,N,N,N,,DAYLIGHT,CLEAR,DRY,,FOUR-WAY INTERSECTION,,ASPHALT,FOLLOWING TOO CLOSELY,$2501 TO $5000,REAR END,WST RD 45/46BYPASSN.WALNUTST,0,,2022-11-30 12:36:00,,,
BLOOMINGTON PD,B22-51823,MONROE,PERRY,BLOOMINGTON,2,,0,0,0,,S ROGERS ST,,,,,S ROGERS ST,W SOUTAR DR,,,,Y,,100.0,,39.25102,-86.47006,LOCAL/CITY RD,,,,URBAN,N,N,Y,WORK ON SHOULDER,DAYLIGHT,RAIN,MUDDY,,NO JUNCTION INVOLVED,,ASPHALT,FOLLOWING TOO CLOSELY,$1001 TO $2500,REAR END,WSOUTARDRSROGERSST,0,,2022-12-14 07:53:00,,,
MONROE SD,M22A26940,MONROE,RICHLAND,ELLETTSVILLE,1,,0,0,0,,W ST RD 46,,,,,W ST RD 46,N SISCO LN,,,,N,,1000.0,,39.10316,-86.57509,ST RD,,,,RURAL,N,Y,N,,DAYLIGHT,CLEAR,DRY,,NO JUNCTION INVOLVED,,ASPHALT,ANIMAL/OBJECT IN RDWAY,$5001 TO $10000,COLLISION WITH DEER,WST RD 46NSISCOLN,0,,2022-11-02 13:20:00,,,
BLOOMINGTON PD,B22-46158,MONROE,PERRY,BLOOMINGTON,1,,4,0,0,,885 S COLLEGE MALL RD,,,,,S COLLEGE MALL RD,,,,,Y,,0.0,,39.16753085852033,-86.53488604496509,PRIVATE DR,,,,URBAN,N,N,N,,DAYLIGHT,CLEAR,DRY,,NO JUNCTION INVOLVED,,ASPHALT,OTHER (DRIVER) - EXPLAIN IN NARRATIVE,$25001 TO $50000,RAN OFF RD,885S.COLLEGEMALLRD,4,,2022-11-04 11:06:00,885.0,,True
MONROE SD,M22A25803,MONROE,PERRY,BLOOMINGTON,2,,0,0,0,,S ST RD 37,,,,,S ST RD 37,S ST RD 37,,,,N,,0.0,,39.19413487886276,-86.54112940159067,ST RD,,,,RURAL,N,N,N,,DARK (NOT LIGHTED),CLEAR,DRY,,FOUR-WAY INTERSECTION,,ASPHALT,OTHER (DRIVER) - EXPLAIN IN NARRATIVE,$10001 TO $25000,REAR END,SOLDSTATERD37SOLDSTATERD37,0,,2022-10-20 20:14:00,,,
BLOOMINGTON PD,B22-48845,MONROE,VAN BUREN,BLOOMINGTON,2,,0,0,0,,S LEONARD SPRINGS RD,,,,,S LEONARD SPRINGS RD,W WALNUT LEAF DR,,,,Y,,300.0,,39.17902,-86.5347,LOCAL/CITY RD,,,,URBAN,N,N,N,,DAYLIGHT,CLEAR,DRY,,T-INTERSECTION,,ASPHALT,FAILURE TO YIELD RIGHT OF WAY,$2501 TO $5000,RIGHT ANGLE,W.WALNUTLEAFDRS.LEONARDSPRINGSRD,0,,2022-11-23 13:46:00,,,
MONROE SD,M22A25727,MONROE,PERRY,BLOOMINGTON,2,,0,0,0,,S ROGERS ST,,,,,S ROGERS ST,W CHURCH LN,,,,N,,0.0,,39.164195793065296,-86.48125588219443,LOCAL/CITY RD,,,,URBAN,N,N,N,,DAWN/DUSK,CLEAR,DRY,,T-INTERSECTION,,ASPHALT,FAILURE TO YIELD RIGHT OF WAY,$5001 TO $10000,RIGHT ANGLE,WCHURCHLNSROGERSST,0,,2022-10-20 07:33:00,,,
MONROE SD,M22A29062,MONROE,BLOOMINGTON,BLOOMINGTON,1,,0,0,0,,W ST RD 45,,,,,W ST RD 45,INDUSTRIAL BLVD,,,,Y,,0.0,,39.16421006687507,-86.49829695044428,PRIVATE DR,,,,URBAN,N,N,N,,DARK (LIGHTED),RAIN,WET,,NO JUNCTION INVOLVED,,ASPHALT,OTHER (VEHICLE) - EXPLAIN IN NARRATIVE,$1001 TO $2500,BACKING CRASH,WSTATERD45INDUSTRIALBLVD,0,,2022-11-27 17:55:00,,,
ISP BLOOMINGTON 33,2.022E+11,MONROE,INDIAN CREEK,BLOOMINGTON,1,,0,0,1,,I-69,,,,,I-69,,,106.0,,N,,0.0,,39.14940280665312,-86.50133020511325,INTERSTATE,,,,RURAL,N,N,N,,DAYLIGHT,CLOUDY,DRY,,NO JUNCTION INVOLVED,,CONCRETE,ANIMAL/OBJECT IN RDWAY,$5001 TO $10000,COLLISION WITH DEER,I-69106,0,,2022-11-04 11:35:00,,,
ISP BLOOMINGTON 33,2.02201E+11,MONROE,CLEAR CREEK,BLOOMINGTON,1,,0,0,0,,ST RD 37,,,,,ST RD 37,SMITHVILLE RD,,,,N,,500.0,,39.23765274865072,-86.53855748074275,ST RD,,,,RURAL,N,N,N,,DAYLIGHT,CLEAR,DRY,,NO JUNCTION INVOLVED,,ASPHALT,ANIMAL/OBJECT IN RDWAY,$1001 TO $2500,COLLISION WITH ANIMAL OTHER,S ST RD 37MITHVILLERD,0,,2022-11-22 17:30:00,,,
BLOOMINGTON PD,B22-46890,MONROE,PERRY,BLOOMINGTON,2,,0,0,0,2780,S WALNUT ST PK,,,,,S WALNUT ST PK,,,,,Y,,0.0,,39.17921683830685,-86.50843408699765,PRIVATE DR,,,,URBAN,N,N,N,,DAYLIGHT,CLEAR,DRY,,NO JUNCTION INVOLVED,,ASPHALT,UNSAFE BACKING,$2501 TO $5000,BACKING CRASH,SWALNUTSTPK,0,,2022-11-09 12:58:00,,,
INDIANA UNIV BLOOMINGTON PD,224844,MONROE,BLOOMINGTON,BLOOMINGTON,2,,0,0,0,,DAVID BAKER AVE,,,,,DAVID BAKER AVE,17TH ST,,,,Y,,0.0,,39.178148894242916,-86.5604097306659,LOCAL/CITY RD,,,,URBAN,N,N,N,,UNKNOWN,RAIN,WET,,NO JUNCTION INVOLVED,,ASPHALT,UNSAFE LN MOVEMENT,$5001 TO $10000,SAME DIRECTION SIDESWIPE,DAVIDBAKERAVE17THST,0,,2022-12-09 13:00:00,,,
BLOOMINGTON PD,B22-52120,MONROE,BLOOMINGTON,BLOOMINGTON,2,,0,0,0,380,N JACOB DR; CRACKER BARREL,,,,,N JACOB DR,,,,,Y,,0.0,,-8.160815577532772e-06,-4.221912311764734e-07,PRIVATE DR,,,,URBAN,N,N,N,,DARK (LIGHTED),SLEET/HAIL/FREEZING RAIN,WET,,NO JUNCTION INVOLVED,,ASPHALT,FAILURE TO MAINTAIN LN,$2501 TO $5000,OPPOSITE DIRECTION SIDESWIPE,NJACOBDR;CRACKERBARREL,0,,2022-12-15 18:37:00,,,
MONROE SD,M22A27241,MONROE,SALT CREEK,BLOOMINGTON,1,,0,0,1,,ST RD 46,,,,,ST RD 46,,,,,N,,0.0,,39.16304547427143,-86.50969190451791,ST RD,,,,RURAL,N,N,N,,DARK (NOT LIGHTED),CLEAR,DRY,,NO JUNCTION INVOLVED,,ASPHALT,ANIMAL/OBJECT IN RDWAY,$5001 TO $10000,COLLISION WITH DEER,STATERD46,0,,2022-11-05 21:33:00,,,
ISP BLOOMINGTON 33,2.02201E+11,MONROE,PERRY,BLOOMINGTON,2,,1,0,0,,ST RD 37,,,,,ST RD 37,W DILLMAN RD,,,,N,,0.0,,39.15171863662951,-86.38285913499111,ST RD,,,,RURAL,N,N,N,,DAYLIGHT,CLEAR,DRY,,FOUR-WAY INTERSECTION,,ASPHALT,FAILURE TO YIELD RIGHT OF WAY,$5001 TO $10000,RIGHT ANGLE,WDILLMANRDST RD 37,0,,2022-12-27 13:11:00,,,
INDIANA UNIV BLOOMINGTON PD,224308,MONROE,BLOOMINGTON,BLOOMINGTON,2,,0,0,0,,E LINGELBACH LN,,,,,E LINGELBACH LN,N UNION ST,,,,Y,,100.0,,39.16072003471417,-86.54851009430953,LOCAL/CITY RD,,,,URBAN,N,N,N,,DAYLIGHT,CLEAR,DRY,,NO JUNCTION INVOLVED,,ASPHALT,IMPROPER LN USAGE,UNDER $1001,SAME DIRECTION SIDESWIPE,NUNIONSTELINGELBACHLN,0,,2022-11-03 19:50:00,,,
MONROE SD,M22A30289,MONROE,SALT CREEK,BLOOMINGTON,1,,0,0,0,,ST RD 446,,,,,ST RD 446,OLD RICHARDSON RD,,,,N,,0.0,,39.11107,-86.63819,ST RD,,,,RURAL,N,N,N,,DARK (NOT LIGHTED),CLEAR,WET,,NO JUNCTION INVOLVED,,ASPHALT,OTHER (DRIVER) - EXPLAIN IN NARRATIVE,$25001 TO $50000,RAN OFF RD,STATERD446OLDRICHARDSONRD,0,,2022-12-11 04:54:00,,,
BLOOMINGTON PD,B22-44378,MONROE,BLOOMINGTON,BLOOMINGTON,2,,0,0,0,,E 7TH ST,,,,,E 7TH ST,N FESS AVE,,,,Y,,0.0,,39.064891865323496,-86.68016441069953,LOCAL/CITY RD,,,,URBAN,N,N,N,,DAYLIGHT,CLOUDY,DRY,,NO JUNCTION INVOLVED,,ASPHALT,LEFT OF CENTER,$1001 TO $2500,OPPOSITE DIRECTION SIDESWIPE,N.FESSAVEE7THST,0,,2022-10-25 10:14:00,,,
BLOOMINGTON PD,B22-50440,MONROE,PERRY,BLOOMINGTON,2,,0,0,0,,S ST RD 45/46 BYPASS,,,,,S ST RD 45/46 BYPASS,E 3RD ST,,,,Y,,0.0,,39.16849140479962,-86.5269492329163,ST RD,,,,URBAN,N,N,N,,DAYLIGHT,CLOUDY,DRY,,FOUR-WAY INTERSECTION,,ASPHALT,UNSAFE LN MOVEMENT,$2501 TO $5000,SAME DIRECTION SIDESWIPE,SST RD 45/46BYPASSE 3RDST,0,,2022-12-05 08:54:00,,,
MONROE SD,M22A26315,MONROE,VAN BUREN,BLOOMINGTON,2,,0,0,0,,W ST RD 45,,,,,W ST RD 45,S LEONARD SPRINGS RD,,,,N,,0.0,,39.18033703784405,-86.52399237641673,ST RD,,,,RURAL,N,N,N,,DAYLIGHT,CLEAR,DRY,,FOUR-WAY INTERSECTION,,ASPHALT,FOLLOWING TOO CLOSELY,$5001 TO $10000,REAR END,WSTATERD45SLEONARDSPRINGSRD,0,,2022-10-26 03:28:00,,,
MONROE SD,M22A27494,MONROE,VAN BUREN,BLOOMINGTON,1,,0,0,1,,W LEONARD SPRINGS RD,,,,,W LEONARD SPRINGS RD,W ORCHARD DR,,,,N,,950.0,,39.14689,-86.53265,LOCAL/CITY RD,,,,RURAL,N,N,N,,DARK (NOT LIGHTED),CLEAR,DRY,,NO JUNCTION INVOLVED,,ASPHALT,ANIMAL/OBJECT IN RDWAY,$5001 TO $10000,COLLISION WITH DEER,WORCHARDDRWLEONARDSPRINGSRD,0,,2022-11-08 21:50:00,,,
MONROE SD,M22A28482,MONROE,VAN BUREN,BLOOMINGTON,2,,0,0,0,,GARRISON CHAPEL,,,,,GARRISON CHAPEL,ELLER RD,,,,N,,0.0,,39.1384658,-86.57370161,,,,,RURAL,N,N,N,,DAYLIGHT,CLEAR,DRY,,NO JUNCTION INVOLVED,,ASPHALT,FOLLOWING TOO CLOSELY,$2501 TO $5000,RIGHT ANGLE,GARRISONCHAPELELLERRD,0,,2022-11-20 15:52:00,,,
BLOOMINGTON PD,B22-47986,MONROE,VAN BUREN,BLOOMINGTON,2,,1,0,0,,S LIBERTY DR,,,,,S LIBERTY DR,W ST RD 45,,,,Y,,0.0,,-3.252284076198346e-05,-4.5846845137057045e-05,LOCAL/CITY RD,,,,URBAN,N,N,N,,DAYLIGHT,CLEAR,DRY,,FOUR-WAY INTERSECTION,,ASPHALT,FAILURE TO YIELD RIGHT OF WAY,$2501 TO $5000,RIGHT ANGLE,WSTATERD45SLIBERTYDR,0,,2022-11-17 16:36:00,,,
DNR LAW ENFORCEMENT,06-22-02642,MONROE,BLOOMINGTON,BLOOMINGTON,2,,0,0,0,,ST RD 46,,,,,ST RD 46,N CURRY PK,,,,N,,0.0,,39.152783660594196,-86.582569422255,ST RD,,,,RURAL,N,N,N,,DAYLIGHT,CLEAR,DRY,,FOUR-WAY INTERSECTION,,ASPHALT,DRIVER DISTRACTED - EXPLAIN IN NARRATIVE,$1001 TO $2500,REAR END,STATERD46NCURRYPK,0,,2022-10-01 15:00:00,,,
BLOOMINGTON PD,B22-47465,MONROE,PERRY,BLOOMINGTON,2,,0,0,0,1115,W 2ND ST,,,,,W 2ND ST,,,,,Y,,0.0,,39.164368734181195,-86.55181382312442,PRIVATE DR,,,,URBAN,N,N,N,,DARK (NOT LIGHTED),CLOUDY,DRY,,NO JUNCTION INVOLVED,,ASPHALT,FAILURE TO YIELD RIGHT OF WAY,$2501 TO $5000,BACKING CRASH,W 2NDST,0,,2022-11-13 17:48:00,,,
BLOOMINGTON PD,B22-42767,MONROE,BLOOMINGTON,BLOOMINGTON,2,,0,0,0,,S WALNUT ST,,,,,S WALNUT ST,W 4TH ST,,,,Y,,0.0,,39.08573135889353,-86.56627785361981,,,,,URBAN,N,N,N,,DAYLIGHT,CLEAR,DRY,,T-INTERSECTION,,ASPHALT,DISREGARD SIGNAL/REG SIGN,$2501 TO $5000,RIGHT ANGLE,W4THSTSWALNUTST,0,,2022-10-16 10:00:00,,,
MONROE SD,M22A29183,MONROE,BLOOMINGTON,BLOOMINGTON,1,,1,0,0,,N PROW RD,,,,,N PROW RD,,,,,N,,0.0,,39.16012924639773,-86.41048582957136,COUNTY RD,,,,RURAL,N,N,N,,DARK (NOT LIGHTED),CLEAR,DRY,,NO JUNCTION INVOLVED,,ASPHALT,DRIVER DISTRACTED - EXPLAIN IN NARRATIVE,$25001 TO $50000,RAN OFF RD,NPROWRD,0,,2022-11-29 03:46:00,,,
BLOOMINGTON PD,B22-51773,MONROE,BLOOMINGTON,BLOOMINGTON,2,,0,0,0,,N COLLEGE AVE,,,,,N COLLEGE AVE,W 8TH ST,,,,Y,,0.0,,39.158104688489665,-86.49790619461922,LOCAL/CITY RD,,,,URBAN,N,N,N,,DARK (LIGHTED),CLEAR,DRY,,FOUR-WAY INTERSECTION,,ASPHALT,IMPROPER TURNING,$5001 TO $10000,SAME DIRECTION SIDESWIPE,W8THSTNCOLLEGEAVE,0,,2022-12-13 19:23:00,,,
INDIANA UNIV BLOOMINGTON PD,224119,MONROE,BLOOMINGTON,BLOOMINGTON,2,,2,0,0,,E 7TH ST,,,,,E 7TH ST,,,,,Y,,0.0,,39.164710516240895,-86.57241677579427,PRIVATE DR,,,,URBAN,N,N,N,,DARK (LIGHTED),RAIN,WET,,NO JUNCTION INVOLVED,,ASPHALT,FOLLOWING TOO CLOSELY,UNDER $1001,REAR END,E7THST,0,,2022-10-26 21:35:00,,,
MONROE SD,M22A26331,MONROE,RICHLAND,BLOOMINGTON,3,,2,0,0,,N HARTSTRAIT RD,,,,,N HARTSTRAIT RD,SEKIU CT,,,,N,,0.0,,39.16436251018867,-86.55391661834622,COUNTY RD,,,,RURAL,N,N,N,,DAYLIGHT,CLEAR,DRY,,T-INTERSECTION,,ASPHALT,FOLLOWING TOO CLOSELY,$10001 TO $25000,REAR END,SEKIUCTNHARTSTRAITRD,0,,2022-10-26 05:21:00,,,
BLOOMINGTON PD,B22-46093,MONROE,PERRY,BLOOMINGTON,1,,1,0,0,,E 2ND ST,,,,,E 2ND ST,S WOODLAWN AVE,,,,Y,,0.0,,39.164773603044985,-86.429027558492,LOCAL/CITY RD,,,,URBAN,N,N,N,,DARK (LIGHTED),CLEAR,DRY,,FOUR-WAY INTERSECTION,,ASPHALT,DISREGARD SIGNAL/REG SIGN,$1001 TO $2500,RIGHT ANGLE,SWOODLAWNAVEE 2NDST,1,,2022-11-03 21:44:00,,True,
BLOOMINGTON PD,B22-47035,MONROE,BLOOMINGTON,BLOOMINGTON,2,,0,0,0,,E 3RD ST,,,,,E 3RD ST,S COLLEGE MALL RD,,,,Y,,0.0,,39.17969207035544,-86.50729738949492,LOCAL/CITY RD,,,,URBAN,N,N,N,,DAYLIGHT,CLEAR,DRY,,FOUR-WAY INTERSECTION,,ASPHALT,FAILURE TO YIELD RIGHT OF WAY,$2501 TO $5000,RIGHT ANGLE,SCOLLEGEMALLRDE 3RDST,0,,2022-11-10 15:56:00,,,
BLOOMINGTON PD,B22-48136,MONROE,BLOOMINGTON,BLOOMINGTON,2,,1,0,0,,N WALNUT ST,,,,,N WALNUT ST,W 17TH ST,,,,Y,,0.0,,39.179013732048865,-86.53774361061018,LOCAL/CITY RD,,,,URBAN,N,N,N,,DARK (LIGHTED),CLEAR,DRY,,FOUR-WAY INTERSECTION,,ASPHALT,FOLLOWING TOO CLOSELY,UNDER $1001,REAR END,W17THSTNWALNUTST,0,,2022-11-18 17:50:00,,,
ELLETTSVILLE PD,E22-05397,MONROE,RICHLAND,ELLETTSVILLE,2,,0,0,0,,RICHLAND PLAZA DRIVWE,,,,,RICHLAND PLAZA DRIVWE,UNION VALLEY,,,,Y,,0.0,,39.168492669910606,-86.52828067732781,LOCAL/CITY RD,,,,URBAN,N,N,N,,DAYLIGHT,CLEAR,SNOW/SLUSH,,T-INTERSECTION,,ASPHALT,OTHER (DRIVER) - EXPLAIN IN NARRATIVE,$1001 TO $2500,BACKING CRASH,UNIONVALLEYRICHLANDPLAZADRIVWE,0,,2022-12-24 13:01:00,,,
BLOOMINGTON PD,B22-46518,MONROE,BLOOMINGTON,BLOOMINGTON,1,,0,0,0,,N PROW RD,,,,,N PROW RD,W ARLINGTON RD,,,,Y,,0.0,,39.11995878360908,-86.53131895453545,LOCAL/CITY RD,,,,URBAN,N,N,N,,DAYLIGHT,CLEAR,DRY,,T-INTERSECTION,,ASPHALT,IMPROPER TURNING,$5001 TO $10000,RAN OFF RD,WARLINGTONRDNPROWRD,0,,2022-11-06 13:45:00,,,
BLOOMINGTON PD,B22-50639,MONROE,BLOOMINGTON,BLOOMINGTON,2,,1,0,0,,ST RD 45/46,,,,,ST RD 45/46,N DUNN ST,,,,Y,,0.0,,39.237399861975724,-86.63120170533993,ST RD,,,,URBAN,N,N,N,,DAYLIGHT,CLOUDY,DRY,,FOUR-WAY INTERSECTION,,ASPHALT,FOLLOWING TOO CLOSELY,$2501 TO $5000,REAR END,ST RD 45/46NDUNNST,0,,2022-12-06 14:17:00,,,
MONROE SD,M22A26066,MONROE,PERRY,BLOOMINGTON,1,,0,0,1,,S HARRELL RD,,,,,S HARRELL RD,E RHORER RD,,,,N,,0.0,,39.15664486464386,-86.58265032132122,LOCAL/CITY RD,,,,RURAL,N,N,N,,DAWN/DUSK,CLEAR,DRY,,NO JUNCTION INVOLVED,,ASPHALT,ANIMAL/OBJECT IN RDWAY,$1001 TO $2500,COLLISION WITH DEER,SHARRELLRDERHORERRD,0,,2022-10-24 07:58:00,,,