Agency,Local Code,County,Township,City,Vehicles Involved,Trailers Involved,Number Injured,Number Dead,Number Deer,House Number,Roadway Name,Roadway Suffix,Roadway Number,Roadway Interchange,Roadway Ramp,Roadway Id,Intersecting Road,Intersecting Road Number,Mile Marker,Interchange,Corporate Limits?,Property Type,Feet From,Direction,Latitude,Longitude,Roadway Class,Traffic Control Devices?,Aggressive Driving?,Hit and Run?,Locality,School Zone?,Rumble Strips?,Construction?,Construction Type,Light Condition,Weather Conditions,Surface Condition,Type of Median,Roadway Junction Type,Road Character,Roadway Surface,Primary Factor,Damage Estimate,Manner of Collision,Unique Location Id,State Property Damage?,Traffic Control,DateTime,Address Number,Cyclist Involved,Pedestrian Involved
BLOOMINGTON PD,B22-52838,MONROE,PERRY,BLOOMINGTON,2,,0,0,0,500,S LIBERTY DR,,,,,S LIBERTY DR,,,,,Y,,0.0,,39.16144595504029,-86.49101520202207,PRIVATE DR,,,,URBAN,N,N,N,,DAYLIGHT,CLEAR,DRY,,NO JUNCTION INVOLVED,,ASPHALT,OTHER (DRIVER) - EXPLAIN IN NARRATIVE,$2501 TO $5000,OTHER - EXPLAIN IN NARRATIVE,SLIBERTYDR,0,,2022-12-20 15:33:00,,,
BLOOMINGTON PD,B22-46056,MONROE,BLOOMINGTON,BLOOMINGTON,2,,0,0,0,,ST RD 46,,,,,ST RD 46,E 7TH ST,,,,Y,,634.0,,39.0493386285703,-86.53636363767282,ST RD,,,,URBAN,N,N,N,,DAYLIGHT,CLEAR,DRY,,NO JUNCTION INVOLVED,,ASPHALT,FOLLOWING TOO CLOSELY,$10001 TO $25000,REAR END,STATERD46E7THST,0,,2022-11-03 17:08:00,,,
MONROE SD,M22A25665,MONROE,RICHLAND,BLOOMINGTON,3,,0,0,0,,ST RD 46,,,,,ST RD 46,N CURRY PK,,,,N,,0.0,,39.180937640996056,-86.50858015580691,ST RD,,,,RURAL,N,Y,N,,DAYLIGHT,CLEAR,DRY,,FOUR-WAY INTERSECTION,,ASPHALT,FOLLOWING TOO CLOSELY,$5001 TO $10000,REAR END,STATERD46NCURRYPK,0,,2022-10-19 09:08:00,,,
INDIANA UNIV BLOOMINGTON PD,224225,MONROE,BLOOMINGTON,BLOOMINGTON,2,,0,0,0,,E 10TH ST,,,,,E 10TH ST,E DISCOVERY PKWY,,,,Y,,0.0,,39.164244149918,-86.57582762031348,LOCAL/CITY RD,,,,URBAN,N,N,N,,DAYLIGHT,RAIN,WET,,FOUR-WAY INTERSECTION,,ASPHALT,SPEED TOO FAST FOR WEATHER CONDITIONS,$5001 TO $10000,OPPOSITE DIRECTION SIDESWIPE,EDISCOVERYPKWYE 10THST,0,,2022-10-31 12:30:00,,,
BLOOMINGTON PD,B22-01192,MONROE,BLOOMINGTON,BLOOMINGTON,2,,1,0,0,,E 2ND ST,,,,,E 2ND ST,S COLLEGE MALL RD,,,,Y,,0.0,,39.1711007994588,-86.50082136177234,LOCAL/CITY RD,,,,URBAN,N,N,N,,DARK (LIGHTED),CLEAR,DRY,,FOUR-WAY INTERSECTION,,ASPHALT,FAILURE TO YIELD RIGHT OF WAY,$25001 TO $50000,LEFT TURN,SCOLLEGEMALLRDE 2NDST,0,,2022-01-11 20:49:00,,,
BLOOMINGTON PD,B22-01419,MONROE,BLOOMINGTON,BLOOMINGTON,2,,0,0,0,,1119 N MADISON,,,,,N MADISON,,,,,Y,,0.0,,39.061744842226595,-86.68165889860052,LOCAL/CITY RD,,,,URBAN,N,N,N,,DARK (NOT LIGHTED),FOG/SMOKE/SMOG,DRY,,NO JUNCTION INVOLVED,,ASPHALT,DRIVER DISTRACTED - EXPLAIN IN NARRATIVE,$5001 TO $10000,SAME DIRECTION SIDESWIPE,1119N.MADISON,0,,2022-01-14 06:17:00,1119.0,,
BLOOMINGTON PD,B22-01161,MONROE,BLOOMINGTON,BLOOMINGTON,1,,1,0,0,,S WILLIAMSBURG DR,,,,,S WILLIAMSBURG DR,E 3RD ST,,,,Y,,0.0,,39.18619469366123,-86.5345749102039,LOCAL/CITY RD,,,,URBAN,N,N,N,,DAYLIGHT,CLEAR,DRY,,NO JUNCTION INVOLVED,,ASPHALT,FAILURE TO YIELD RIGHT OF WAY,UNDER $1001,OTHER - EXPLAIN IN NARRATIVE,SWILLIAMSBURGDRE 3RDST,1,,2022-01-11 16:40:00,,,True
MONROE SD,M22A472,MONROE,PERRY,BLOOMINGTON,1,0.0,0,0,0,,,,I-69 N,,,I-69 N,ST RD 37,,,,N,,9500.0,S,39.13289608605283,-86.5384770457531,INTERSTATE,,N,N,RURAL,N,N,N,,DARK (NOT LIGHTED),CLEAR,DRY,,NO JUNCTION INVOLVED,STRAIGHT/GRADE,ASPHALT,ANIMAL/OBJECT IN RDWAY,$1001 TO $2500,COLLISION WITH ANIMAL OTHER,I-69 NSTATERD37RD,0,NONE,2022-01-07 05:14:00,,,
BLOOMINGTON PD,B22-01763,MONROE,BLOOMINGTON,BLOOMINGTON,1,,0,0,0,,ST RD 46,,,,,ST RD 46,ST RD 37,,,,Y,,0.0,,39.205681259998435,-86.57072883273409,ST RD,,,,URBAN,N,N,N,,DARK (LIGHTED),SNOW,SNOW/SLUSH,,RAMP,,ASPHALT,OTHER (ENVIRONMENTAL) - EXPLAIN IN NARR,$5001 TO $10000,COLLISION WITH OBJECT IN RD,STATERD46STATERD37,0,,2022-01-17 02:30:00,,,
BLOOMINGTON PD,B22-02169,MONROE,PERRY,BLOOMINGTON,2,,0,0,0,528,S COLLEGE AVE,,,,,S COLLEGE AVE,,,,,Y,,0.0,,-4.928453569474076e-05,-4.892838223525255e-05,LOCAL/CITY RD,,,,URBAN,N,N,N,,DAYLIGHT,CLEAR,DRY,,NO JUNCTION INVOLVED,,ASPHALT,FAILURE TO YIELD RIGHT OF WAY,$1001 TO $2500,OTHER - EXPLAIN IN NARRATIVE,SCOLLEGEAVE,0,,2022-01-20 15:35:00,,,
MONROE SD,M22A850,MONROE,PERRY,BLOOMINGTON,1,0.0,0,0,0,,E RHORER,RD,,,,E RHORER,S DEERFIELD,,,,N,PRIVATE,,,39.08526,-86.54273,LOCAL/CITY RD,,N,N,URBAN,N,N,N,,DARK (NOT LIGHTED),CLEAR,DRY,,NO JUNCTION INVOLVED,STRAIGHT/GRADE,ASPHALT,RAN OFF RD RIGHT,$5001 TO $10000,RAN OFF RD,ERHORERRDSDEERFIELDDR,0,LN CONTROL,2022-01-12 04:24:00,,,
BLOOMINGTON PD,B22-13050,MONROE,BLOOMINGTON,BLOOMINGTON,2,,0,0,0,,N MAPLE ST,,,,,N MAPLE ST,W 15TH ST,,,,Y,,317.0,,39.14016,-86.58258,LOCAL/CITY RD,,,,URBAN,N,N,N,,DAYLIGHT,CLEAR,DRY,,NO JUNCTION INVOLVED,,ASPHALT,UNSAFE BACKING,$10001 TO $25000,RIGHT ANGLE,W15THSTNMAPLEST,0,,2022-04-14 14:35:00,,,
BLOOMINGTON PD,B22-02612,MONROE,BLOOMINGTON,BLOOMINGTON,2,,0,0,0,,N WALNUT ST,,,,,N WALNUT ST,ST RD 45/46 BYPASS,,,,Y,,0.0,,39.10671562513087,-86.54024257947925,ST RD,,,,URBAN,N,N,N,,DAYLIGHT,CLOUDY,WET,,FOUR-WAY INTERSECTION,,ASPHALT,FOLLOWING TOO CLOSELY,$2501 TO $5000,REAR END,ST RD 45/46BYPASSNWALNUTST,0,,2022-01-24 03:22:00,,,
INDIANA UNIV BLOOMINGTON PD,220144,MONROE,BLOOMINGTON,BLOOMINGTON,1,,0,0,0,,N UNION ST,,,,,N UNION ST,E LAW LN,,,,Y,,0.0,,39.14354653299542,-86.58035663750101,LOCAL/CITY RD,,,,URBAN,N,N,N,,DARK (LIGHTED),CLOUDY,ICE,,NO JUNCTION INVOLVED,,ASPHALT,SPEED TOO FAST FOR WEATHER CONDITIONS,$10001 TO $25000,RAN OFF RD,NUNIONSTELAWLN,0,,2022-01-18 06:15:00,,,
BLOOMINGTON PD,B22-02010,MONROE,,BLOOMINGTON,2,,0,0,0,,645 S ROGERS ST,,,,,S ROGERS ST,,,,,Y,,0.0,,39.06032965553732,-86.68167018138877,LOCAL/CITY RD,,,,URBAN,N,N,N,,DAYLIGHT,CLOUDY,DRY,,NO JUNCTION INVOLVED,,ASPHALT,OTHER (VEHICLE) - EXPLAIN IN NARRATIVE,$1001 TO $2500,RIGHT ANGLE,645S.ROGERSST,0,,2022-01-19 10:16:00,645.0,,
INDIANA UNIV BLOOMINGTON PD,220051,MONROE,BLOOMINGTON,BLOOMINGTON,1,,0,0,0,,E 17TH ST,,,,,E 17TH ST,,,,,Y,,0.0,,39.07092861330053,-86.53640029285275,,,,,URBAN,N,N,N,,DARK (LIGHTED),RAIN,WET,,NO JUNCTION INVOLVED,,CONCRETE,SPEED TOO FAST FOR WEATHER CONDITIONS,$2501 TO $5000,SAME DIRECTION SIDESWIPE,E17THST,0,,2022-01-09 02:30:00,,,
BLOOMINGTON PD,B2202598,MONROE,BLOOMINGTON,BLOOMINGTON,4,,4,0,0,,W 3RD ST,,,,,W 3RD ST,S MULLER PKWY,,,,Y,,0.0,,39.13342869146529,-86.5278645658314,LOCAL/CITY RD,,,,URBAN,N,N,N,,DAYLIGHT,SNOW,SNOW/SLUSH,,FOUR-WAY INTERSECTION,,ASPHALT,FOLLOWING TOO CLOSELY,$25001 TO $50000,REAR END,W 3RDSTSMULLERPKWY,0,,2022-01-24 13:30:00,,,
MONROE SD,M22A1607,MONROE,PERRY,BLOOMINGTON,2,,0,0,0,,S ST RD 37,,,,,S ST RD 37,,,,,N,,0.0,,39.18284674771847,-86.51337710820859,LOCAL/CITY RD,,,,URBAN,N,N,N,,DAYLIGHT,CLEAR,DRY,,NO JUNCTION INVOLVED,,ASPHALT,UNSAFE BACKING,UNDER $1001,BACKING CRASH,SOLDSTATERD37,0,,2022-01-22 12:32:00,,,
BLOOMINGTON PD,B22-02822,MONROE,PERRY,BLOOMINGTON,2,,0,0,0,,1400 S BRENDA LN,,,,,S BRENDA LN,FESS AVE,,,,Y,,300.0,,39.17118035010547,-86.57126955733013,LOCAL/CITY RD,,,,URBAN,Y,N,N,,DAYLIGHT,CLEAR,DRY,,NO JUNCTION INVOLVED,,ASPHALT,OVERCORRECTING/OVERSTEERING,$2501 TO $5000,SAME DIRECTION SIDESWIPE,FESSAVE1400S.BRENDALN,0,,2022-01-25 16:20:00,1400.0,,
BLOOMINGTON PD,B22-16547,MONROE,PERRY,BLOOMINGTON,2,,0,0,0,,S SWAIN AVE,,,,,S SWAIN AVE,E ATWATER AVE,,,,Y,,0.0,,39.163856101024756,-86.42363457494248,LOCAL/CITY RD,,,,URBAN,N,N,N,,DAYLIGHT,CLOUDY,WET,,T-INTERSECTION,,ASPHALT,UNSAFE LN MOVEMENT,$1001 TO $2500,SAME DIRECTION SIDESWIPE,SSWAINAVEEATWATERAVE,0,,2022-05-06 18:47:00,,,
BLOOMINGTON PD,B22-03450,MONROE,BLOOMINGTON,BLOOMINGTON,2,,0,0,0,,S WALNUT ST,,,,,S WALNUT ST,E KIRKWOOD AVE,,,,Y,,0.0,,39.092908611523995,-86.5460244455055,LOCAL/CITY RD,,,,URBAN,N,N,N,,DAYLIGHT,CLEAR,DRY,,NO JUNCTION INVOLVED,,ASPHALT,FAILURE TO MAINTAIN LN,UNDER $1001,SAME DIRECTION SIDESWIPE,SWALNUTSTEKIRKWOODAVE,0,,2022-01-31 02:42:00,,,
MONROE SD,M22A2459,MONROE,PERRY,BLOOMINGTON,2,,0,0,0,,W FULLERTON PK,,,,,W FULLERTON PK,S MONROE MEDICAL PARK BLVD,,,,N,,0.0,,39.17653,-86.50991,LOCAL/CITY RD,,,,RURAL,N,N,N,,DARK (NOT LIGHTED),CLEAR,DRY,,TRAFFIC CIRCLE/ROUNDABOUT,,ASPHALT,FAILURE TO YIELD RIGHT OF WAY,$5001 TO $10000,RIGHT TURN,WFULLERTONPKSMONROEMEDICALPARKBLVD,0,,2022-01-31 20:30:00,,,
BLOOMINGTON PD,B22-01339,MONROE,BLOOMINGTON,BLOOMINGTON,2,,1,0,0,,W 15TH ST,,,,,W 15TH ST,N WALNUT ST,,,,Y,,0.0,,39.112165668710986,-86.43133695692987,LOCAL/CITY RD,,,,URBAN,N,N,N,,DAYLIGHT,CLOUDY,DRY,,FOUR-WAY INTERSECTION,,ASPHALT,DISREGARD SIGNAL/REG SIGN,$5001 TO $10000,RIGHT ANGLE,W15THSTNWALNUTST,0,,2022-01-13 11:00:00,,,
BLOOMINGTON PD,B22-02865,MONROE,BLOOMINGTON,BLOOMINGTON,2,,0,0,0,,ST RD 46,,,,,ST RD 46,EASTGATE LN,,,,Y,,158.0,,39.16845579797522,-86.5258072839925,ST RD,,,,URBAN,N,N,N,,DAYLIGHT,CLEAR,DRY,,NO JUNCTION INVOLVED,,ASPHALT,FOLLOWING TOO CLOSELY,$2501 TO $5000,REAR END,STATERD46EASTGATELN,0,,2022-01-26 03:25:00,,,
BLOOMINGTON PD,B22-00281,MONROE,,BLOOMINGTON,2,,0,0,0,,N KINSER PK,,,,,N KINSER PK,W CLUB HOUSE DR,,,,Y,,0.0,,39.18097,-86.50857,LOCAL/CITY RD,,,,URBAN,N,N,N,,DAYLIGHT,CLEAR,DRY,,NO JUNCTION INVOLVED,,ASPHALT,LEFT OF CENTER,$1001 TO $2500,OPPOSITE DIRECTION SIDESWIPE,WCLUBHOUSEDRNKINSERPK,0,,2022-01-04 09:30:00,,,
BLOOMINGTON PD,B22-01529,MONROE,BLOOMINGTON,BLOOMINGTON,3,,0,0,0,,N WALNUT ST,,,,,N WALNUT ST,W 7TH ST,,,,Y,,0.0,,39.14190978529066,-86.58259615666068,LOCAL/CITY RD,,,,URBAN,N,N,N,,DARK (LIGHTED),CLEAR,DRY,,FOUR-WAY INTERSECTION,,ASPHALT,FOLLOWING TOO CLOSELY,$2501 TO $5000,REAR END,W7THSTNWALNUTST,0,,2022-01-14 22:58:00,,,
BLOOMINGTON PD,B22-25843,MONROE,RICHLAND,BLOOMINGTON,3,,0,0,0,,N GATES DR,,,,,N GATES DR,N GATES DR,,,,Y,,0.0,,39.122280565850176,-86.59836866354327,LOCAL/CITY RD,,,,URBAN,N,N,N,,DAYLIGHT,CLOUDY,DRY,,T-INTERSECTION,,ASPHALT,FOLLOWING TOO CLOSELY,$1001 TO $2500,REAR END,NGATESDRNGATESDR,0,,2022-07-07 12:56:00,,,
BLOOMINGTON PD,B22-07135,MONROE,BLOOMINGTON,BLOOMINGTON,2,,0,0,0,,W 7TH ST,,,,,W 7TH ST,N JACKSON ST,,,,Y,,0.0,,39.122525691818396,-86.64286566719001,LOCAL/CITY RD,,,,URBAN,Y,N,N,,DARK (NOT LIGHTED),CLEAR,DRY,,NO JUNCTION INVOLVED,,CONCRETE,UNSAFE BACKING,$1001 TO $2500,BACKING CRASH,W7THSTNJACKSONST,0,,2022-03-03 20:12:00,,,
BLOOMINGTON PD,B22-12724,MONROE,PERRY,BLOOMINGTON,2,,0,0,0,,1011 W 2ND ST,,,,,W 2ND ST,,,,,Y,,0.0,,39.144970570958,-86.57778559012719,PRIVATE DR,,,,URBAN,N,N,N,,DAYLIGHT,CLOUDY,DRY,,NO JUNCTION INVOLVED,,ASPHALT,UNSAFE BACKING,$2501 TO $5000,BACKING CRASH,1011W.2NDST,0,,2022-04-12 09:26:00,1011.0,,
BLOOMINGTON PD,B22-00153,MONROE,PERRY,BLOOMINGTON,1,,0,0,0,,500 S MULLER PARKWAY,,,,,S MULLER PARKWAY,,,,,Y,,0.0,,39.193638419531744,-86.571394586186,LOCAL/CITY RD,,,,URBAN,N,N,N,,DARK (LIGHTED),CLEAR,DRY,,NO JUNCTION INVOLVED,,ASPHALT,STEERING FAILURE,$2501 TO $5000,OTHER - EXPLAIN IN NARRATIVE,500SOUTHMULLERPARKWAY,0,,2022-01-02 18:24:00,500.0,,
BLOOMINGTON PD,B2200220,MONROE,BLOOMINGTON,BLOOMINGTON,2,,0,0,0,,N WOODBRIDGE DR,,,,,N WOODBRIDGE DR,E 10TH ST,,,,Y,,0.0,,39.16109897993701,-86.54767321476103,LOCAL/CITY RD,,,,URBAN,N,N,N,,DAYLIGHT,CLEAR,DRY,,FOUR-WAY INTERSECTION,,ASPHALT,FAILURE TO YIELD RIGHT OF WAY,$10001 TO $25000,RIGHT ANGLE,NWOODBRIDGEDRE 10THST,0,,2022-01-03 15:20:00,,,
BLOOMINGTON PD,B22-00661,MONROE,BLOOMINGTON,BLOOMINGTON,2,,0,0,0,,W17TH ST,,,,,W17TH ST,N MADISON ST,,,,Y,,0.0,,39.165530756284525,-86.53365611751957,LOCAL/CITY RD,,,,URBAN,N,N,N,,DAYLIGHT,CLEAR,DRY,,FOUR-WAY INTERSECTION,,ASPHALT,FOLLOWING TOO CLOSELY,$2501 TO $5000,REAR END,W17THSTN.MADISONST,0,,2022-01-07 07:55:00,,,
BLOOMINGTON PD,B22-01277,MONROE,PERRY,BLOOMINGTON,1,,0,0,0,574,S LANDMARK AVE,,,,,S LANDMARK AVE,,,,,N,,0.0,,39.20311342325146,-86.55208156950096,LOCAL/CITY RD,,,,URBAN,N,N,N,,DAYLIGHT,CLEAR,DRY,,NO JUNCTION INVOLVED,,ASPHALT,OTHER (DRIVER) - EXPLAIN IN NARRATIVE,$5001 TO $10000,OTHER - EXPLAIN IN NARRATIVE,SLANDMARKAVE,0,,2022-01-12 17:21:00,,,
BLOOMINGTON PD,B22-01061,MONROE,BLOOMINGTON,BLOOMINGTON,2,,0,0,0,,N PROW RD,,,,,N PROW RD,W ACUFF RD,,,,Y,,300.0,,39.1695,-86.53483,,,,,URBAN,N,N,N,,DAYLIGHT,CLEAR,DRY,,NO JUNCTION INVOLVED,,ASPHALT,FAILURE TO YIELD RIGHT OF WAY,$25001 TO $50000,REAR END,WACUFFRDNPROWRD,0,,2022-01-10 05:19:00,,,
DNR LAW ENFORCEMENT,06-22-01772,MONROE,BENTON,BLOOMINGTON,1,,2,0,0,,N TUNNEL RD,,,,,N TUNNEL RD,,,,,N,,0.0,,39.16796335271244,-86.52225223776885,LOCAL/CITY RD,,,,RURAL,N,N,N,,DARK (LIGHTED),CLEAR,DRY,,NO JUNCTION INVOLVED,,ASPHALT,UNSAFE SPEED,$5001 TO $10000,RAN OFF RD,NTUNNELRD,0,,2022-07-04 00:50:00,,,
BLOOMINGTON PD,B22-38674,MONROE,BLOOMINGTON,BLOOMINGTON,2,,0,0,0,,N KINSER PK,,,,,N KINSER PK,ST RD 46,,,,Y,,0.0,,39.202622546565074,-86.61133557060076,LOCAL/CITY RD,,,,URBAN,N,N,N,,DARK (LIGHTED),RAIN,WET,,FOUR-WAY INTERSECTION,,ASPHALT,FAILURE TO YIELD RIGHT OF WAY,$5001 TO $10000,RIGHT ANGLE,STATERD46NKINSERPK,0,,2022-09-23 21:00:00,,,
MONROE SD,M22A21011,MONROE,RICHLAND,BLOOMINGTON,3,,1,0,0,,W ST RD 46,,,,,W ST RD 46,N CURRY PK,,,,N,,0.0,,39.16104936519752,-86.5226508193098,ST RD,,,,RURAL,N,N,N,,DAYLIGHT,CLEAR,DRY,,NO JUNCTION INVOLVED,,ASPHALT,OTHER (DRIVER) - EXPLAIN IN NARRATIVE,$10001 TO $25000,RIGHT TURN,NCURRYPKWSTATERD46,0,,2022-08-27 13:08:00,,,
MONROE SD,M22A22765,MONROE,PERRY,BLOOMINGTON,3,,1,0,0,,S ST RD 37,,,,,S ST RD 37,S ST RD 37,,,,N,,0.0,,39.164187340817826,-86.49830278674513,ST RD,,,,RURAL,N,N,N,,DAYLIGHT,CLEAR,DRY,,FOUR-WAY INTERSECTION,,ASPHALT,FOLLOWING TOO CLOSELY,$10001 TO $25000,REAR END,SOLDSTATERD37SOLDSTATERD37,0,,2022-09-15 17:40:00,,,
INDIANA UNIV BLOOMINGTON PD,222440,MONROE,BLOOMINGTON,BLOOMINGTON,2,,0,0,0,,N JEFFERSON ST,,,,,N JEFFERSON ST,N UNION ST,,,,Y,,0.0,,39.17893624028335,-86.53350747518505,,,,,URBAN,N,N,N,,DAYLIGHT,CLEAR,DRY,,T-INTERSECTION,,ASPHALT,IMPROPER PASSING,$1001 TO $2500,SAME DIRECTION SIDESWIPE,NUNIONSTNJEFFERSONST,0,,2022-07-21 11:00:00,,,
BLOOMINGTON PD,B22-04873,MONROE,BLOOMINGTON,BLOOMINGTON,2,,0,0,0,,W 10TH ST,,,,,W 10TH ST,N COLLEGE AVE,,,,Y,,0.0,,39.216724464961935,-86.59272978225893,,,,,URBAN,N,N,N,,DARK (LIGHTED),CLEAR,WET,,FOUR-WAY INTERSECTION,,ASPHALT,UNSAFE LN MOVEMENT,$2501 TO $5000,LEFT TURN,W10THSTNCOLLEGEAVE,0,,2022-02-12 20:27:00,,,
BLOOMINGTON PD,B22-06494,MONROE,BLOOMINGTON,BLOOMINGTON,2,,0,0,0,,E WYLIE FARM RD,,,,,E WYLIE FARM RD,S BAYBERRY DR,,,,Y,,0.0,,39.19238,-86.55264,LOCAL/CITY RD,,,,URBAN,N,N,N,,DARK (NOT LIGHTED),CLEAR,DRY,,FOUR-WAY INTERSECTION,,ASPHALT,DRIVER DISTRACTED - EXPLAIN IN NARRATIVE,$2501 TO $5000,REAR END,SBAYBERRYDREWYLIEFARMRD,0,,2022-02-26 21:50:00,,,
BLOOMINGTON PD,B22-10316,MONROE,BLOOMINGTON,BLOOMINGTON,2,,0,0,0,,N WASHINGTON ST,,,,,N WASHINGTON ST,E 10TH ST,,,,Y,,0.0,,39.18628543800906,-86.52842101236917,LOCAL/CITY RD,,,,URBAN,N,N,N,,DAYLIGHT,CLOUDY,DRY,,FOUR-WAY INTERSECTION,,ASPHALT,DISREGARD SIGNAL/REG SIGN,$5001 TO $10000,RIGHT ANGLE,NWASHINGTONSTE 10THST,0,,2022-03-26 11:59:00,,,
BLOOMINGTON PD,B22-30664,MONROE,PERRY,BLOOMINGTON,1,,0,0,0,,E MOORES PK,,,,,E MOORES PK,E CAPE COD CT,,,,Y,,0.0,,39.12141348739493,-86.49871580725821,LOCAL/CITY RD,,,,URBAN,N,N,N,,DAYLIGHT,CLOUDY,DRY,,T-INTERSECTION,,ASPHALT,OBSTRUCTION NOT MARKED,$2501 TO $5000,OTHER - EXPLAIN IN NARRATIVE,EMOORESPKECAPECODCT,0,,2022-08-08 16:57:00,,,
DNR LAW ENFORCEMENT,06-22-02247,MONROE,SALT CREEK,BLOOMINGTON,2,,0,0,0,,ST RD 446,,,,,ST RD 446,,,,,N,,0.0,,39.16342343050731,-86.57997140488402,PRIVATE DR,,,,RURAL,N,N,N,,DAYLIGHT,CLEAR,DRY,,NO JUNCTION INVOLVED,,ASPHALT,UNSAFE BACKING,$1001 TO $2500,BACKING CRASH,STATERD446,0,,2022-08-12 11:25:00,,,
INDIANA UNIV BLOOMINGTON PD,221043,MONROE,BLOOMINGTON,BLOOMINGTON,2,,0,0,0,,S HIGHLAND AVE,,,,,S HIGHLAND AVE,E 3RD ST,,,,Y,,0.0,,39.167636603022025,-86.50004856455455,LOCAL/CITY RD,,,,URBAN,N,N,N,,DAYLIGHT,CLEAR,DRY,,T-INTERSECTION,,ASPHALT,IMPROPER TURNING,$25001 TO $50000,LEFT TURN,SHIGHLANDAVEE 3RDST,0,,2022-03-20 14:34:00,,,
BLOOMINGTON PD,B22-03135,MONROE,PERRY,BLOOMINGTON,2,,0,0,0,,S DEBORAH DR,,,,,S DEBORAH DR,W COTA DR,,,,Y,,0.0,,39.19368,-86.57139,LOCAL/CITY RD,,,,URBAN,N,N,N,,DAYLIGHT,SNOW,SNOW/SLUSH,,T-INTERSECTION,,ASPHALT,RDWAY SURFACE CONDITION,$1001 TO $2500,HEAD ON BETWEEN TWO MOTOR VEHICLES,WCOTADRSDEBORAHDR,0,,2022-01-28 02:31:00,,,
BLOOMINGTON PD,B22-28724,MONROE,PERRY,BLOOMINGTON,2,,0,0,0,,W 3RD ST,,,,,W 3RD ST,S PATTERSON DR,,,,Y,,0.0,,39.17148757009302,-86.4953796066019,LOCAL/CITY RD,,,,URBAN,N,N,N,,DAYLIGHT,RAIN,WET,,FOUR-WAY INTERSECTION,,ASPHALT,FOLLOWING TOO CLOSELY,$2501 TO $5000,REAR END,W 3RDSTSPATTERSONDR,0,,2022-07-27 08:52:00,,,
BLOOMINGTON PD,B22-20605,MONROE,BLOOMINGTON,BLOOMINGTON,2,,0,0,0,,S WASHINGTON ST,,,,,S WASHINGTON ST,E DODDS ST,,,,Y,,0.0,,39.1609241733643,-86.49770675896458,LOCAL/CITY RD,,,,URBAN,N,N,N,,DAYLIGHT,CLEAR,DRY,,FOUR-WAY INTERSECTION,,ASPHALT,DISREGARD SIGNAL/REG SIGN,$2501 TO $5000,RIGHT TURN,SWASHINGTONSTEDODDSST,0,,2022-06-03 15:41:00,,,
BLOOMINGTON PD,B22-20737,MONROE,BLOOMINGTON,BLOOMINGTON,2,,1,0,0,,E COVENANTER DR,,,,,E COVENANTER DR,S COLLEGE MALL RD,,,,Y,,0.0,,-4.414901648971454e-05,-2.5585195745983977e-06,LOCAL/CITY RD,,,,URBAN,N,N,N,,DAYLIGHT,CLEAR,DRY,,FOUR-WAY INTERSECTION,,ASPHALT,FAILURE TO YIELD RIGHT OF WAY,$25001 TO $50000,LEFT TURN,SCOLLEGEMALLRDECOVENANTERDR,0,,2022-06-04 09:40:00,,,
INDIANA UNIV BLOOMINGTON PD,223426,MONROE,BLOOMINGTON,BLOOMINGTON,1,,0,0,0,,N EAGLESON AVE,,,,,N EAGLESON AVE,E LAW LN,,,,Y,,0.0,,39.16418942255536,-86.49659928605675,LOCAL/CITY RD,,,,URBAN,N,N,N,,DARK (NOT LIGHTED),CLEAR,DRY,,NO JUNCTION INVOLVED,,ASPHALT,OBSTRUCTION NOT MARKED,$2501 TO $5000,COLLISION WITH OBJECT IN RD,NORTHEAGLESONAVEEASTLAWLN,0,,2022-09-20 21:35:00,,,
BLOOMINGTON PD,B22-03593,MONROE,PERRY,BLOOMINGTON,2,,1,0,0,,E ALLEN ST,,,,,E ALLEN ST,S WASHINGTON ST,,,,Y,,0.0,,39.183306316928395,-86.55619391229922,LOCAL/CITY RD,,,,URBAN,N,N,N,,DARK (NOT LIGHTED),CLEAR,DRY,,FOUR-WAY INTERSECTION,,ASPHALT,DISREGARD SIGNAL/REG SIGN,$5001 TO $10000,RIGHT ANGLE,SWASHINGTONSTEALLENST,0,,2022-02-01 19:14:00,,,
BLOOMINGTON PD,B22-13032,MONROE,BLOOMINGTON,BLOOMINGTON,2,,1,0,0,,N ADAMS ST,,,,,N ADAMS ST,W FOUNTAIN DR,,,,Y,,0.0,,39.18703,-86.55527,LOCAL/CITY RD,,,,URBAN,N,N,N,,DAYLIGHT,CLEAR,DRY,,NO JUNCTION INVOLVED,,ASPHALT,FAILURE TO YIELD RIGHT OF WAY,$5001 TO $10000,HEAD ON BETWEEN TWO MOTOR VEHICLES,WFOUNTAINDRNADAMSST,0,,2022-04-14 13:20:00,,,
BLOOMINGTON PD,B22-29457,MONROE,BLOOMINGTON,BLOOMINGTON,1,,1,0,0,,ST RD 46,,,,,ST RD 46,W CASCADE AVE,,,,Y,,1056.0,,39.1602267482061,-86.53565615316816,ST RD,,,,URBAN,N,N,N,,DARK (NOT LIGHTED),CLOUDY,DRY,,NO JUNCTION INVOLVED,,ASPHALT,PEDESTRIAN ACTION,UNDER $1001,OPPOSITE DIRECTION SIDESWIPE,WCASCADEAVESTATERD46,1,,2022-08-01 06:02:00,,,True