Agency,Local Code,County,Township,City,Vehicles Involved,Trailers Involved,Number Injured,Number Dead,Number Deer,House Number,Roadway Name,Roadway Suffix,Roadway Number,Roadway Interchange,Roadway Ramp,Roadway Id,Intersecting Road,Intersecting Road Number,Mile Marker,Interchange,Corporate Limits?,Property Type,Feet From,Direction,Latitude,Longitude,Roadway Class,Traffic Control Devices?,Aggressive Driving?,Hit and Run?,Locality,School Zone?,Rumble Strips?,Construction?,Construction Type,Light Condition,Weather Conditions,Surface Condition,Type of Median,Roadway Junction Type,Road Character,Roadway Surface,Primary Factor,Damage Estimate,Manner of Collision,Unique Location Id,State Property Damage?,Traffic Control,DateTime,Address Number,Cyclist Involved,Pedestrian Involved
BLOOMINGTON PD,B22-16936,MONROE,BLOOMINGTON,BLOOMINGTON,4,,1,0,0,,E MATTLOCK RD,,,,,E MATTLOCK RD,N DUNN ST,,,,Y,,0.0,,39.12142526391931,-86.50464912213761,LOCAL/CITY RD,,,,URBAN,N,N,N,,DAYLIGHT,CLEAR,DRY,,FOUR-WAY INTERSECTION,,ASPHALT,OTHER (DRIVER) - EXPLAIN IN NARRATIVE,$10001 TO $25000,REAR END,NDUNNSTEMATTLOCKRD,0,,2022-05-09 17:08:00,,,
BLOOMINGTON PD,B22-40462,MONROE,PERRY,BLOOMINGTON,1,,1,0,0,,S SMITH RD,,,,,S SMITH RD,E STONEGATE DR,,,,Y,,264.0,,39.176599878898905,-86.54211656439796,LOCAL/CITY RD,,,,URBAN,N,N,N,,DAYLIGHT,CLEAR,DRY,,NO JUNCTION INVOLVED,,ASPHALT,FAILURE TO MAINTAIN LN,$10001 TO $25000,RAN OFF RD,SSMITHRDESTONEGATEDR,0,,2022-10-03 13:18:00,,,
MONROE SD,M22A3047,MONROE,CLEAR CREEK,BLOOMINGTON,2,,0,0,0,,S STRAIN RIDGE RD,,,,,S STRAIN RIDGE RD,S FAIRFAX RD,,,,N,,0.0,,39.18621823603169,-86.53453549692573,LOCAL/CITY RD,,,,RURAL,N,N,N,,DARK (NOT LIGHTED),CLEAR,SNOW/SLUSH,,T-INTERSECTION,,ASPHALT,FAILURE TO YIELD RIGHT OF WAY,$2501 TO $5000,LEFT TURN,SSTRAINRIDGERDSFAIRFAXRD,0,,2022-02-08 18:55:00,,,
BLOOMINGTON PD,B22-34100,MONROE,BLOOMINGTON,BLOOMINGTON,1,,0,0,0,,E 3RD ST,,,,,E 3RD ST,ST RD 446,,,,Y,,0.0,,39.1723389387055,-86.50966965303198,LOCAL/CITY RD,,,,URBAN,N,N,N,,DARK (NOT LIGHTED),CLEAR,DRY,,FOUR-WAY INTERSECTION,,ASPHALT,DISREGARD SIGNAL/REG SIGN,UNDER $1001,RAN OFF RD,STATERD446E 3RDST,0,,2022-08-28 03:50:00,,,
INDIANA UNIV BLOOMINGTON PD,223747,MONROE,BLOOMINGTON,BLOOMINGTON,2,,0,0,0,,S WOODLAWN AVE,,,,,S WOODLAWN AVE,E 3RD ST,,,,Y,,0.0,,-3.2413691656207395e-05,-1.7863328032847557e-05,LOCAL/CITY RD,,,,URBAN,N,N,N,,DAYLIGHT,CLEAR,DRY,,T-INTERSECTION,,ASPHALT,IMPROPER TURNING,$2501 TO $5000,LEFT TURN,SWOODLAWNAVEE 3RDST,0,,2022-10-05 12:19:00,,,
MONROE SD,M22A5312,MONROE,BEAN BLOSSOM,BLOOMINGTON,1,,0,0,0,,LOW GAP RD,,,,,LOW GAP RD,,,,,N,,0.0,,39.17997381714331,-86.52592780287682,,,,,RURAL,N,N,N,,DARK (NOT LIGHTED),RAIN,WATER (STANDING OR MOVING),,NO JUNCTION INVOLVED,,ASPHALT,ANIMAL/OBJECT IN RDWAY,$10001 TO $25000,COLLISION WITH OBJECT IN RD,LOWGAPRD,0,,2022-03-07 07:12:00,,,
BLOOMINGTON PD,B22-15993,MONROE,VAN BUREN,BLOOMINGTON,1,,1,0,0,,S LIBERTY DR,,,,,S LIBERTY DR,,,,,Y,,0.0,,39.16449525168446,-86.56269025088376,LOCAL/CITY RD,,,,URBAN,N,N,N,,DAYLIGHT,RAIN,WET,,T-INTERSECTION,,ASPHALT,UNSAFE SPEED,$2501 TO $5000,RAN OFF RD,SLIBERTYDR,0,,2022-05-03 09:23:00,,,
ISP BLOOMINGTON 33,2022-00304470,MONROE,BEAN BLOSSOM,BLOOMINGTON,1,,0,0,0,,ST RD 45,,,,,ST RD 45,N MARTIN DR,,,,N,,0.0,,39.12031586,-86.53044991,ST RD,,,,RURAL,N,N,N,,DAYLIGHT,RAIN,WET,,T-INTERSECTION,,ASPHALT,SPEED TOO FAST FOR WEATHER CONDITIONS,$5001 TO $10000,RAN OFF RD,STATERD45NMARTINDR,0,,2022-07-08 10:30:00,,,
ISP BLOOMINGTON 33,2022-00299480,MONROE,RICHLAND,BLOOMINGTON,2,,0,0,0,,ST RD 46,,,,,ST RD 46,CURRY PK,,,,N,,1000.0,,39.15173645020224,-86.52575620923982,ST RD,,,,RURAL,N,Y,Y,LN CLOSURE,DAYLIGHT,CLEAR,DRY,,NO JUNCTION INVOLVED,,ASPHALT,FOLLOWING TOO CLOSELY,$5001 TO $10000,REAR END,STATERD46CURRYPK,0,,2022-07-05 15:46:00,,,
BLOOMINGTON PD,B22-16133,MONROE,PERRY,BLOOMINGTON,2,,0,0,0,857,S AUTO MALL RD,,,,,S AUTO MALL RD,,,,,Y,,0.0,,39.163052490053865,-86.51528047926139,PRIVATE DR,,,,URBAN,N,N,N,,DAYLIGHT,CLOUDY,DRY,,NO JUNCTION INVOLVED,,ASPHALT,UNSAFE BACKING,$1001 TO $2500,BACKING CRASH,S.AUTOMALLRD,0,,2022-05-04 10:50:00,,,
BLOOMINGTON PD,B22-41019,MONROE,PERRY,BLOOMINGTON,2,,0,0,0,,S HIGH ST,,,,,S HIGH ST,E COVENANTER DR,,,,Y,,0.0,,39.16655455806732,-86.53361664066932,LOCAL/CITY RD,,,,URBAN,N,N,N,,DAYLIGHT,CLOUDY,WET,,FOUR-WAY INTERSECTION,,ASPHALT,FOLLOWING TOO CLOSELY,$2501 TO $5000,REAR END,SHIGHSTECOVENANTERDR,0,,2022-10-06 09:21:00,,,
BLOOMINGTON PD,B22-22884,MONROE,PERRY,BLOOMINGTON,2,,0,0,0,3205,W ST RD 45,,,,,W ST RD 45,,,,,Y,,0.0,,39.12204625933188,-86.57346469582143,PRIVATE DR,,,,URBAN,N,N,N,,DAYLIGHT,CLEAR,DRY,,T-INTERSECTION,,ASPHALT,FAILURE TO YIELD RIGHT OF WAY,$1001 TO $2500,RIGHT ANGLE,WSTATERD45,0,,2022-06-18 15:00:00,,,
BLOOMINGTON PD,B22-38232,MONROE,PERRY,BLOOMINGTON,2,,0,0,0,,705 W COOLIDGE DR,,,,,W COOLIDGE DR,,,,,Y,,0.0,,39.176842708876265,-86.5335517957271,PRIVATE DR,,,,URBAN,Y,N,N,,DAYLIGHT,CLEAR,DRY,,NO JUNCTION INVOLVED,,ASPHALT,UNSAFE BACKING,$2501 TO $5000,BACKING CRASH,705W.COOLIDGEDR,0,,2022-09-21 14:11:00,705.0,,
ISP BLOOMINGTON 33,2022-00301310,MONROE,RICHLAND,BLOOMINGTON,2,,0,0,0,,ST RD 46,,,,,ST RD 46,CURRY PK,,,,N,,700.0,,39.170152065323464,-86.50139153228353,ST RD,,,,RURAL,N,Y,Y,LN CLOSURE,DAYLIGHT,CLEAR,DRY,,NO JUNCTION INVOLVED,,ASPHALT,UNSAFE SPEED,$5001 TO $10000,REAR END,STATERD46CURRYPK,0,,2022-07-06 15:42:00,,,
MONROE SD,M22A3921,MONROE,PERRY,BLOOMINGTON,2,,0,0,0,5006,S ROGERS ST,,,,,S ROGERS ST,,,,,N,,0.0,,39.200795506246216,-86.54288837512493,LOCAL/CITY RD,,,,RURAL,N,N,N,,DAYLIGHT,CLEAR,DRY,,NO JUNCTION INVOLVED,,ASPHALT,UNSAFE BACKING,$2501 TO $5000,BACKING CRASH,SROGERSST,0,,2022-02-18 17:05:00,,,
BLOOMINGTON PD,B22-13671,MONROE,PERRY,BLOOMINGTON,2,,2,0,0,,S ROGERS ST,,,,,S ROGERS ST,S ROCKPORT RD,,,,Y,,0.0,,39.16852810455023,-86.53360358489667,LOCAL/CITY RD,,,,URBAN,N,N,B,,DAYLIGHT,CLEAR,DRY,,FOUR-WAY INTERSECTION,,ASPHALT,IMPROPER TURNING,$5001 TO $10000,SAME DIRECTION SIDESWIPE,SROGERSSTSROCKPORTRD,0,,2022-04-19 14:29:00,,,
BLOOMINGTON PD,B22-33223,MONROE,PERRY,BLOOMINGTON,2,,0,0,0,,1372 S COLLEGE MALL RD,,,,,S COLLEGE MALL RD,,,,,Y,,0.0,,39.16557324309291,-86.57601065540698,,,,,URBAN,N,N,N,,DAYLIGHT,CLEAR,DRY,,NO JUNCTION INVOLVED,,ASPHALT,UNSAFE BACKING,UNDER $1001,BACKING CRASH,1372SCOLLEGEMALLRD,0,,2022-08-23 17:25:00,1372.0,,
INDIANA UNIV BLOOMINGTON PD,222787,MONROE,BLOOMINGTON,BLOOMINGTON,2,,0,0,0,,N UNION ST,,,,,N UNION ST,,,,,Y,,0.0,,39.168590560038616,-86.53982241815692,PRIVATE DR,,,,URBAN,N,N,N,,DAYLIGHT,CLEAR,DRY,,NO JUNCTION INVOLVED,,ASPHALT,UNSAFE BACKING,$2501 TO $5000,BACKING CRASH,NUNIONST,0,,2022-08-23 18:44:00,,,
BLOOMINGTON PD,B22-32706,MONROE,PERRY,BLOOMINGTON,1,,0,0,0,,E DRISCOLL DR,,,,,E DRISCOLL DR,S WASHINGTON ST,,,,Y,,0.0,,-1.0057307006076142e-05,-1.4970787552530481e-05,LOCAL/CITY RD,,,,URBAN,N,N,N,,DAYLIGHT,CLEAR,DRY,,T-INTERSECTION,,ASPHALT,IMPROPER LN USAGE,UNDER $1001,RIGHT ANGLE,SWASHINGTONSTEDRISCOLLDR,1,,2022-08-20 16:23:00,,True,
INDIANA UNIV BLOOMINGTON PD,222423,MONROE,BLOOMINGTON,BLOOMINGTON,2,,0,0,0,,ST RD 45,,,,,ST RD 45,N BROWNCLIFF LN,,,,Y,,0.0,,0.0,0.0,ST RD,,,,URBAN,N,N,N,,DAYLIGHT,CLEAR,DRY,,NO JUNCTION INVOLVED,,ASPHALT,FOLLOWING TOO CLOSELY,$5001 TO $10000,REAR END,STATERD45NBROWNCLIFFLN,0,,2022-07-19 15:25:00,,,
MONROE SD,M22A20241,MONROE,RICHLAND,BLOOMINGTON,2,,1,0,0,,W 3RD ST,,,,,W 3RD ST,W 3RD ST,,,,N,,0.0,,39.171517224855855,-86.49088825487229,ST RD,,,,URBAN,N,N,N,,DAYLIGHT,CLEAR,DRY,,FOUR-WAY INTERSECTION,,ASPHALT,DISREGARD SIGNAL/REG SIGN,$5001 TO $10000,REAR END,W 3RDSTW 3RDST,0,,2022-08-18 05:30:00,,,
ELLETTSVILLE PD,E2203877,MONROE,RICHLAND,ELLETTSVILLE,2,,0,0,0,,W ST RD 46,,,,,W ST RD 46,N LAKEVIEW DR,,,,Y,,0.0,,39.17899923709501,-86.53774510027581,ST RD,,,,URBAN,N,N,N,,DAYLIGHT,CLEAR,DRY,,NO JUNCTION INVOLVED,,ASPHALT,FAILURE TO YIELD RIGHT OF WAY,$10001 TO $25000,LEFT TURN,WSTATERD46NLAKEVIEWDR,0,,2022-09-27 14:30:00,,,
BLOOMINGTON PD,B22-27882,MONROE,BLOOMINGTON,BLOOMINGTON,2,,0,0,0,528,S COLLEGE AVE,,,,,S COLLEGE AVE,,,,,Y,,0.0,,39.160123618885024,-86.55398821863635,PRIVATE DR,,,,URBAN,N,N,N,,DAYLIGHT,CLEAR,DRY,,NO JUNCTION INVOLVED,,ASPHALT,UNSAFE BACKING,$1001 TO $2500,SAME DIRECTION SIDESWIPE,SCOLLEGEAVE,0,,2022-07-20 21:00:00,,,
ISP BLOOMINGTON 33,2.022E+11,MONROE,INDIAN CREEK,BLOOMINGTON,1,,0,0,0,,I-69,,,,,I-69,,,109.5,,N,,0.0,,39.208181577039795,-86.55200647910935,INTERSTATE,,,,RURAL,N,N,N,,DAYLIGHT,RAIN,WET,,NO JUNCTION INVOLVED,,CONCRETE,,$2501 TO $5000,RAN OFF RD,I-69109.5,0,,2022-06-17 10:00:00,,,
BLOOMINGTON PD,B22-34182,MONROE,BLOOMINGTON,BLOOMINGTON,1,,1,0,0,,I-69,,,,,I-69,,,,,Y,,898.0,,39.23258941457199,-86.43308863249199,INTERSTATE,,,,URBAN,N,N,N,,DAYLIGHT,CLEAR,DRY,,RAMP,,CONCRETE,UNSAFE SPEED,$2501 TO $5000,RAN OFF RD,I-69,0,,2022-08-28 17:58:00,,,
BLOOMINGTON PD,B22-26842,MONROE,PERRY,BLOOMINGTON,1,,0,0,0,,"325 E WINSLOW RD BLOOMINGTON,",,,,,E WINSLOW RD ,,,,,Y,,0.0,,39.18637062340358,-86.53775223222827,PRIVATE DR,,,,URBAN,N,N,N,,DAWN/DUSK,CLEAR,DRY,,NO JUNCTION INVOLVED,,ASPHALT,UNSAFE SPEED,$10001 TO $25000,RAN OFF RD,"325EWINSLOWRDBLOOMINGTON,IN",0,,2022-07-14 08:01:00,325.0,,
MONROE SD,M22A24572,MONROE,VAN BUREN,BLOOMINGTON,1,,1,0,0,,W ST RD 45,,,,,W ST RD 45,INDUSTRIAL BLVD,,,,Y,,0.0,,39.19375800997637,-86.57120193769858,,,,,URBAN,N,N,N,,DARK (LIGHTED),CLEAR,DRY,,NO JUNCTION INVOLVED,,CONCRETE,UNSAFE BACKING,UNDER $1001,BACKING CRASH,WSTATERD45INDUSTRIALBLVD,1,,2022-10-06 20:36:00,,,True
INDIANA UNIV BLOOMINGTON PD,221097,MONROE,BLOOMINGTON,BLOOMINGTON,2,,0,0,0,1225,N FEE LN,,,,,N FEE LN,,,,,Y,,0.0,,39.0852265164668,-86.5427539014069,PRIVATE DR,,,,URBAN,N,N,N,,DARK (NOT LIGHTED),RAIN,WET,,NO JUNCTION INVOLVED,,ASPHALT,UNSAFE BACKING,$1001 TO $2500,BACKING CRASH,NFEELN,0,,2022-02-24 04:00:00,,,
ISP BLOOMINGTON 33,2022-00259673,MONROE,VAN BUREN,BLOOMINGTON,1,,0,0,1,,W ST RD 45,,,,,W ST RD 45,S RENDY LN,,,,N,,0.0,,39.167094324647195,-86.50719755529215,ST RD,,,,RURAL,N,N,N,,DAYLIGHT,CLOUDY,DRY,,NO JUNCTION INVOLVED,,ASPHALT,ANIMAL/OBJECT IN RDWAY,$2501 TO $5000,COLLISION WITH DEER,WSTATERD45SRENDYLN,0,,2022-06-10 09:15:00,,,
INDIANA UNIV BLOOMINGTON PD,220315,MONROE,BLOOMINGTON,BLOOMINGTON,2,,0,0,0,,ST RD 45,,,,,ST RD 45,E 17TH ST,,,,Y,,0.0,,39.1716613142969,-86.53487516597397,ST RD,,,,URBAN,N,N,N,,DAWN/DUSK,SNOW,WET,,T-INTERSECTION,,ASPHALT,FAILURE TO YIELD RIGHT OF WAY,$5001 TO $10000,LEFT TURN,STATERD45E17THST,0,,2022-01-28 18:00:00,,,
INDIANA UNIV BLOOMINGTON PD,220924,MONROE,BLOOMINGTON,BLOOMINGTON,2,,0,0,0,,N ST RD 45/46 BYPASS,,,,,N ST RD 45/46 BYPASS,E 10TH ST,,,,Y,,0.0,,39.142032962851864,-86.52552559750714,ST RD,,,,URBAN,N,N,N,,DARK (LIGHTED),CLEAR,DRY,,FOUR-WAY INTERSECTION,,ASPHALT,FOLLOWING TOO CLOSELY,$5001 TO $10000,REAR END,NSTATERD45/46BYPASSE 10THST,0,,2022-03-09 21:07:00,,,
ISP BLOOMINGTON 33,2.022E+11,MONROE,PERRY,BLOOMINGTON,2,,0,0,0,,S ST RD 37,,,,,S ST RD 37,S ST RD 37,,,,N,,0.0,,39.171630376574505,-86.53234747021212,ST RD,,,,RURAL,N,N,N,,DAYLIGHT,SNOW,SNOW/SLUSH,,FOUR-WAY INTERSECTION,,ASPHALT,RDWAY SURFACE CONDITION,$1001 TO $2500,OPPOSITE DIRECTION SIDESWIPE,SOLDSTATERD37SOLDSTATERD37,0,,2022-01-28 13:45:00,,,
BLOOMINGTON PD,B22-13844,MONROE,PERRY,BLOOMINGTON,2,,0,0,0,,W BLOOMFIELD RD,,,,,W BLOOMFIELD RD,S LANDMARK AVE,,,,Y,,0.0,,39.15044443162698,-86.50669319096659,LOCAL/CITY RD,,,,URBAN,N,N,N,,DAYLIGHT,CLOUDY,DRY,,FOUR-WAY INTERSECTION,,ASPHALT,OVERCORRECTING/OVERSTEERING,$2501 TO $5000,OPPOSITE DIRECTION SIDESWIPE,W.BLOOMFIELDRDS.LANDMARKAVE,0,,2022-04-20 13:13:00,,,
ELLETTSVILLE PD,E22-00735,MONROE,RICHLAND,ELLETTSVILLE,2,,0,0,0,4682,W RICHLAND PLAZA DR,,,,,W RICHLAND PLAZA DR,,,,,Y,,0.0,,39.09150993621996,-86.42296046283896,PRIVATE DR,,,,RURAL,N,N,N,,DAYLIGHT,CLEAR,DRY,,NO JUNCTION INVOLVED,,ASPHALT,UNSAFE BACKING,$1001 TO $2500,BACKING CRASH,WRICHLANDPLAZADR,0,,2022-02-27 15:58:00,,,
BLOOMINGTON PD,B22-26259,MONROE,PERRY,BLOOMINGTON,3,,0,0,0,,S WASHINGTON ST,,,,,S WASHINGTON ST,E DIXIE ST,,,,Y,,0.0,,39.16427,-86.51772,LOCAL/CITY RD,,,,URBAN,N,N,N,,DAYLIGHT,CLEAR,DRY,,NO JUNCTION INVOLVED,,ASPHALT,DRIVER DISTRACTED - EXPLAIN IN NARRATIVE,$10001 TO $25000,REAR END,SWASHINGTONSTEDIXIEST,0,,2022-07-10 08:44:00,,,
INDIANA UNIV BLOOMINGTON PD,221474,MONROE,BLOOMINGTON,BLOOMINGTON,2,,0,0,0,,S INDIANA AVE,,,,,S INDIANA AVE,E 3RD ST,,,,Y,,0.0,,39.135878557725384,-86.56776338002865,LOCAL/CITY RD,,,,URBAN,N,N,N,,DAYLIGHT,CLEAR,DRY,,FOUR-WAY INTERSECTION,,ASPHALT,DISREGARD SIGNAL/REG SIGN,$5001 TO $10000,RIGHT ANGLE,SINDIANAAVEE 3RDST,0,,2022-04-19 08:10:00,,,
MONROE SD,M22A20812,MONROE,PERRY,BLOOMINGTON,1,,0,0,0,,I-69 S,,,,,I-69 S,,,69.0,,N,,0.0,,39.1643864129899,-86.55197276961744,,,,,RURAL,N,Y,N,,DAYLIGHT,CLEAR,DRY,,NO JUNCTION INVOLVED,,ASPHALT,DRIVER ASLEEP OR FATIGUED,$1001 TO $2500,RAN OFF RD,SINTERSTATE69,0,,2022-08-25 08:44:00,,,
BLOOMINGTON PD,B22-36259,MONROE,BLOOMINGTON,BLOOMINGTON,1,,1,0,0,1635,W 3RD ST,,,,,W 3RD ST,,,,,N,,0.0,,39.157343441671465,-86.53244175461272,PRIVATE DR,,,,URBAN,N,N,N,,DAYLIGHT,CLEAR,DRY,,NO JUNCTION INVOLVED,,CONCRETE,FAILURE TO YIELD RIGHT OF WAY,UNDER $1001,RIGHT TURN,W 3RDST,1,,2022-09-09 02:10:00,,,True
BLOOMINGTON PD,B22-10185,MONROE,BLOOMINGTON,BLOOMINGTON,2,,1,0,0,,S COLLEGE AVE,,,,,S COLLEGE AVE,W 3RD ST,,,,Y,,0.0,,39.155128049599995,-86.49775854768019,LOCAL/CITY RD,,,,URBAN,N,N,N,,DAYLIGHT,CLOUDY,WET,,FOUR-WAY INTERSECTION,,ASPHALT,FAILURE TO YIELD RIGHT OF WAY,$2501 TO $5000,RIGHT ANGLE,W 3RDSTSCOLLEGEAVE,0,,2022-03-25 14:20:00,,,
BLOOMINGTON PD,B22-38646,MONROE,BLOOMINGTON,BLOOMINGTON,2,,0,0,0,,E 3RD ST,,,,,E 3RD ST,S HILLSDALE DR,,,,Y,,0.0,,39.17339644128259,-86.5154781278812,LOCAL/CITY RD,,,,URBAN,N,N,N,,DAYLIGHT,CLOUDY,DRY,,FOUR-WAY INTERSECTION,,ASPHALT,FAILURE TO YIELD RIGHT OF WAY,$2501 TO $5000,SAME DIRECTION SIDESWIPE,SHILLSDALEDRE 3RDST,0,,2022-09-23 15:30:00,,,
ISP BLOOMINGTON 33,2022-00054927,MONROE,WASHINGTON,BLOOMINGTON,1,,0,0,0,,I-69,,,,,I-69,,,,,N,,739.0,,39.155577630060506,-86.53245327956922,INTERSTATE,,,,RURAL,N,N,N,,DARK (NOT LIGHTED),SNOW,SNOW/SLUSH,,NO JUNCTION INVOLVED,,CONCRETE,BRAKE FAILURE OR DEFECTIVE,$5001 TO $10000,OTHER - EXPLAIN IN NARRATIVE,I-69,0,,2022-02-04 00:40:00,,,
MONROE SD,M22A14290,MONROE,PERRY,,1,,0,0,0,,W CHURCH LN,,,,,W CHURCH LN,S COLLEGE DR,,,,N,,0.0,,39.1697,-86.54963,,,,,RURAL,N,N,N,,DAYLIGHT,RAIN,WET,,NO JUNCTION INVOLVED,,ASPHALT,OTHER (ENVIRONMENTAL) - EXPLAIN IN NARR,$1001 TO $2500,COLLISION WITH OBJECT IN RD,WCHURCHLNSCOLLEGEDR,0,,2022-06-17 09:30:00,,,
BLOOMINGTON PD,B22-29843,MONROE,BLOOMINGTON,BLOOMINGTON,2,,0,0,0,1305,W 13TH ST,,,,,W 13TH ST,,,,,Y,,0.0,,39.185080265544975,-86.54342761058474,PRIVATE DR,,,,URBAN,N,N,N,,DAYLIGHT,CLEAR,DRY,,NO JUNCTION INVOLVED,,CONCRETE,UNSAFE BACKING,$1001 TO $2500,BACKING CRASH,W13THST,0,,2022-08-03 12:42:00,,,
BLOOMINGTON PD,B22-34371,MONROE,BLOOMINGTON,BLOOMINGTON,2,,0,0,0,,W KIRKWOOD AVE,,,,,W KIRKWOOD AVE,N ADAMS ST,,,,Y,,0.0,,39.18629,-86.52841,LOCAL/CITY RD,,,,URBAN,N,N,N,,DARK (LIGHTED),CLEAR,DRY,,FOUR-WAY INTERSECTION,,ASPHALT,FAILURE TO YIELD RIGHT OF WAY,$1001 TO $2500,SAME DIRECTION SIDESWIPE,WKIRKWOODAVENADAMSST,0,,2022-08-29 21:00:00,,,
INDIANA UNIV BLOOMINGTON PD,223776,MONROE,BLOOMINGTON,BLOOMINGTON,2,,0,0,0,500,E 4TH ST,,,,,E 4TH ST,,,,,Y,,0.0,,39.16114284351161,-86.48074421582369,PRIVATE DR,,,,URBAN,N,N,N,,DAYLIGHT,CLEAR,DRY,,NO JUNCTION INVOLVED,,ASPHALT,DRIVER DISTRACTED - EXPLAIN IN NARRATIVE,$1001 TO $2500,LEFT TURN,E4THST,0,,2022-10-06 15:20:00,,,
INDIANA UNIV BLOOMINGTON PD,220429,MONROE,BLOOMINGTON,BLOOMINGTON,1,,1,0,0,,N EAGLESON AVE,,,,,N EAGLESON AVE,S EAGLESON AVE,,,,Y,,0.0,,39.07432577920954,-86.50581583896324,LOCAL/CITY RD,,,,URBAN,N,N,N,,DARK (LIGHTED),SNOW,SNOW/SLUSH,,NO JUNCTION INVOLVED,,ASPHALT,UNSAFE SPEED,$10001 TO $25000,COLLISION WITH OBJECT IN RD,SEAGLESON AVEAVENEAGLESON AVEAVE,0,,2022-02-05 01:20:00,,,
BLOOMINGTON PD,B22-30133,MONROE,BLOOMINGTON,BLOOMINGTON,1,,0,0,0,,W BLOOMFIELD RD,,,,,W BLOOMFIELD RD,S PATTERSON DR,,,,Y,,0.0,,39.16428712565133,-86.47211745872211,LOCAL/CITY RD,,,,URBAN,N,N,N,,DARK (LIGHTED),CLEAR,DRY,,NO JUNCTION INVOLVED,,ASPHALT,UNSAFE SPEED,$1001 TO $2500,RAN OFF RD,WBLOOMFIELDRDSPATTERSONDR,0,,2022-08-04 23:55:00,,,
INDIANA UNIV BLOOMINGTON PD,223596,MONROE,BLOOMINGTON,BLOOMINGTON,2,,0,0,0,,N FEE LN,,,,,N FEE LN,E 13TH ST,,,,Y,,0.0,,39.164245709854924,-86.5226557122433,LOCAL/CITY RD,,,,URBAN,N,N,N,,DAYLIGHT,CLEAR,DRY,,T-INTERSECTION,,ASPHALT,DRIVER DISTRACTED - EXPLAIN IN NARRATIVE,$2501 TO $5000,REAR END,NFEELNE13THST,0,,2022-09-27 09:00:00,,,
MONROE SD,M22A2700,MONROE,BLOOMINGTON,BLOOMINGTON,2,,0,0,0,,TRAILRIDGE RD,,,,,TRAILRIDGE RD,N BRAMBLE DR,,,,N,,1000.0,,39.33215426,-86.39487857,,,,,RURAL,N,N,N,,DAWN/DUSK,CLOUDY,SNOW/SLUSH,,NO JUNCTION INVOLVED,,ASPHALT,UNSAFE BACKING,$2501 TO $5000,BACKING CRASH,TRAILRIDGERDNBRAMBLEDR,0,,2022-02-04 07:22:00,,,
INDIANA UNIV BLOOMINGTON PD,220493,MONROE,BLOOMINGTON,BLOOMINGTON,2,,0,0,0,,N EAGLESON AVE,,,,,N EAGLESON AVE,,,,,Y,,0.0,,39.14779146861104,-86.57712851467129,OTHER,,,,URBAN,N,N,N,,DARK (NOT LIGHTED),CLEAR,ICE,,NO JUNCTION INVOLVED,,ASPHALT,SPEED TOO FAST FOR WEATHER CONDITIONS,$2501 TO $5000,HEAD ON BETWEEN TWO MOTOR VEHICLES,NEAGLESON AVEAVE,0,,2022-02-08 20:20:00,,,
BLOOMINGTON PD,B22-18261,MONROE,BLOOMINGTON,BLOOMINGTON,2,,2,0,0,,E 3RD ST,,,,,E 3RD ST,S COLLEGE MALL RD,,,,Y,,0.0,,39.20470188570388,-86.46330497907307,LOCAL/CITY RD,,,,URBAN,N,N,N,,DAYLIGHT,RAIN,WET,,FOUR-WAY INTERSECTION,,ASPHALT,FOLLOWING TOO CLOSELY,$10001 TO $25000,REAR END,SCOLLEGEMALLRDE 3RDST,0,,2022-05-18 17:59:00,,,
BLOOMINGTON PD,B22-08542,MONROE,BLOOMINGTON,BLOOMINGTON,2,,0,0,0,,W GRIMES LN,,,,,W GRIMES LN,S WALNUT ST,,,,Y,,0.0,,39.19364315591427,-86.57143167669047,LOCAL/CITY RD,,,,URBAN,N,N,N,,DAYLIGHT,CLEAR,DRY,,FOUR-WAY INTERSECTION,,ASPHALT,FOLLOWING TOO CLOSELY,$2501 TO $5000,REAR END,WGRIMESLNSWALNUTST,0,,2022-03-14 17:47:00,,,
BLOOMINGTON PD,B2204760,MONROE,PERRY,BLOOMINGTON,3,,0,0,0,,E HILLSIDE DR,,,,,E HILLSIDE DR,S WALNUT ST,,,,Y,,0.0,,39.15593780308129,-86.49569801146947,LOCAL/CITY RD,,,,URBAN,N,N,N,,DAYLIGHT,RAIN,WET,,FOUR-WAY INTERSECTION,,ASPHALT,FOLLOWING TOO CLOSELY,$5001 TO $10000,REAR END,SWALNUTSTEHILLSIDEDR,0,,2022-02-11 16:40:00,,,
BLOOMINGTON PD,B22-12474,MONROE,BLOOMINGTON,BLOOMINGTON,2,,0,0,0,,N COLLEGE AVE,,,,,N COLLEGE AVE,W 8TH ST,,,,Y,,50.0,,39.15362422657506,-86.50845951581984,LOCAL/CITY RD,,,,URBAN,N,N,N,,DARK (NOT LIGHTED),CLOUDY,DRY,,NO JUNCTION INVOLVED,,ASPHALT,UNSAFE LN MOVEMENT,$1001 TO $2500,SAME DIRECTION SIDESWIPE,W.8THSTNCOLLEGEAVE,0,,2022-04-09 00:00:00,,,