Agency,Local Code,County,Township,City,Vehicles Involved,Trailers Involved,Number Injured,Number Dead,Number Deer,House Number,Roadway Name,Roadway Suffix,Roadway Number,Roadway Interchange,Roadway Ramp,Roadway Id,Intersecting Road,Intersecting Road Number,Mile Marker,Interchange,Corporate Limits?,Property Type,Feet From,Direction,Latitude,Longitude,Roadway Class,Traffic Control Devices?,Aggressive Driving?,Hit and Run?,Locality,School Zone?,Rumble Strips?,Construction?,Construction Type,Light Condition,Weather Conditions,Surface Condition,Type of Median,Roadway Junction Type,Road Character,Roadway Surface,Primary Factor,Damage Estimate,Manner of Collision,Unique Location Id,State Property Damage?,Traffic Control,DateTime,Address Number,Cyclist Involved,Pedestrian Involved
ISP BLOOMINGTON 33,2022-00138187,MONROE,VAN BUREN,BLOOMINGTON,2,,0,0,0,,S HARMONY RD,,,,,S HARMONY RD,W ST RD 45,,,,N,,0.0,,39.14475191534742,-86.57368474514685,LOCAL/CITY RD,,,,RURAL,N,N,N,,DAYLIGHT,CLEAR,DRY,,FOUR-WAY INTERSECTION,,ASPHALT,FAILURE TO YIELD RIGHT OF WAY,UNDER $1001,REAR END,WSTATERD45SHARMONYRD,0,,2022-03-26 12:20:00,,,
BLOOMINGTON PD,B22-30051,MONROE,BLOOMINGTON,BLOOMINGTON,2,,0,0,0,,N MORTON ST,,,,,N MORTON ST,,,,,Y,,0.0,,-1.4099023326081804e-05,-3.797768642325451e-05,PRIVATE DR,,,,URBAN,N,N,N,,UNKNOWN,CLEAR,DRY,,NO JUNCTION INVOLVED,,CONCRETE,UNSAFE BACKING,UNDER $1001,REAR TO REAR,NMORTONST,0,,2022-08-03 06:35:00,,,
BLOOMINGTON PD,B22-29218,MONROE,PERRY,BLOOMINGTON,2,,0,0,0,2475,S WALNUT ST PK,,,,,S WALNUT ST PK,,,,,Y,,0.0,,39.19363211789641,-86.57140827461251,PRIVATE DR,,,,URBAN,N,N,N,,DAYLIGHT,CLEAR,DRY,,NO JUNCTION INVOLVED,,ASPHALT,UNSAFE BACKING,$5001 TO $10000,BACKING CRASH,SWALNUTSTPK,0,,2022-07-30 12:40:00,,,
ISP BLOOMINGTON 33,2022-00275293,MONROE,BLOOMINGTON,BLOOMINGTON,2,,0,0,0,,N PACKING HOUSE RD,,,,,N PACKING HOUSE RD,,,,,Y,,0.0,,39.111249977379444,-86.54032177758701,PRIVATE DR,,,,RURAL,N,N,N,,DAYLIGHT,CLEAR,DRY,,NO JUNCTION INVOLVED,,ASPHALT,UNSAFE BACKING,$2501 TO $5000,BACKING CRASH,NPACKINGHOUSERD,0,,2022-06-11 09:00:00,,,
MONROE SD,M22A8786,MONROE,CLEAR CREEK,BLOOMINGTON,2,,0,0,0,,LEIGHTON LN,,,,,LEIGHTON LN,MCDOUGAL ST,,,,N,,0.0,,39.14605,-86.53889,LOCAL/CITY RD,,,,URBAN,N,N,N,,DAYLIGHT,CLOUDY,DRY,,NO JUNCTION INVOLVED,,ASPHALT,OTHER (VEHICLE) - EXPLAIN IN NARRATIVE,$5001 TO $10000,BACKING CRASH,MCDOUGALSTLEIGHTONLN,0,,2022-04-19 13:50:00,,,
INDIANA UNIV BLOOMINGTON PD,220631,MONROE,BLOOMINGTON,BLOOMINGTON,2,,0,0,0,,10TH ST,,,,,10TH ST,ST RD 45/46,,,,Y,,0.0,,39.151814412008775,-86.49784199135372,ST RD,,,,URBAN,N,N,N,,DARK (NOT LIGHTED),SNOW,SNOW/SLUSH,,FOUR-WAY INTERSECTION,,ASPHALT,DISREGARD SIGNAL/REG SIGN,$25001 TO $50000,LEFT TURN,ST RD 45/4610THST,0,,2022-02-17 21:30:00,,,
MONROE SD,M22A18041,MONROE,RICHLAND,BLOOMINGTON,2,,0,0,0,,N UNION VALLEY RD,,,,,N UNION VALLEY RD,N UNION VALLEY RD,,,,N,,0.0,,39.17391988112958,-86.51069029095834,ST RD,,,,URBAN,N,N,N,,UNKNOWN,RAIN,WET,,FIVE POINT OR MORE,,ASPHALT,OTHER (VEHICLE) - EXPLAIN IN NARRATIVE,$2501 TO $5000,REAR END,NUNIONVALLEYRDNUNIONVALLEYRD,0,,2022-07-26 07:00:00,,,
BLOOMINGTON PD,B22-31247,MONROE,BLOOMINGTON,BLOOMINGTON,2,,0,0,0,,W 4TH ST,,,,,W 4TH ST,S COLLEGE AVE,,1.0,,Y,,100.0,,39.15240058782342,-86.53249958749547,LOCAL/CITY RD,,,,URBAN,N,N,N,,DARK (LIGHTED),CLEAR,DRY,,NO JUNCTION INVOLVED,,ASPHALT,OTHER (DRIVER) - EXPLAIN IN NARRATIVE,$2501 TO $5000,BACKING CRASH,W4THSTSCOLLEGEAVE,0,,2022-08-12 11:26:00,,,
BLOOMINGTON PD,B22-07588,MONROE,BLOOMINGTON,BLOOMINGTON,2,,0,0,0,,N ADAMS ST,,,,,N ADAMS ST,W FOUNTAIN DR,,,,Y,,50.0,,39.18595338502484,-86.5179871649724,LOCAL/CITY RD,,,,URBAN,N,N,N,,DAYLIGHT,CLOUDY,DRY,,T-INTERSECTION,,ASPHALT,UNSAFE BACKING,$5001 TO $10000,BACKING CRASH,W.FOUNTAINDRN.ADAMSST,0,,2022-03-07 11:12:00,,,
MONROE SD,M22A23684,MONROE,PERRY,BLOOMINGTON,2,,0,0,0,4025,S ST RD 37,,,,,S ST RD 37,,,,,N,,0.0,,39.16456612495894,-86.57623356126896,PRIVATE DR,,,,RURAL,N,N,N,,DAYLIGHT,CLEAR,DRY,,NO JUNCTION INVOLVED,,ASPHALT,UNSAFE BACKING,UNDER $1001,REAR TO REAR,SOUTHOLDSTRD37,0,,2022-09-26 12:33:00,,,
BLOOMINGTON PD,B22-18738,MONROE,BLOOMINGTON,BLOOMINGTON,2,,3,0,0,,E ATWATER AVE,,,,,E ATWATER AVE,S EAGLESON AVE,,,,Y,,0.0,,39.221002559617524,-86.60539646723237,LOCAL/CITY RD,,,,URBAN,N,N,N,,DAYLIGHT,CLEAR,DRY,,T-INTERSECTION,,ASPHALT,DISREGARD SIGNAL/REG SIGN,$10001 TO $25000,RIGHT ANGLE,SEAGLESON AVEAVEEATWATERAVE,0,,2022-05-21 19:15:00,,,
BLOOMINGTON PD,B22-42777,MONROE,BLOOMINGTON,BLOOMINGTON,2,,0,0,0,,N WALNUT ST,,,,,N WALNUT ST,E 7TH ST,,,,Y,,0.0,,39.160215510585545,-86.53562043954038,LOCAL/CITY RD,,,,URBAN,N,N,N,,DAYLIGHT,CLEAR,DRY,,FOUR-WAY INTERSECTION,,ASPHALT,DISREGARD SIGNAL/REG SIGN,$2501 TO $5000,RIGHT ANGLE,NWALNUTSTE7THST,0,,2022-10-16 11:17:00,,,
MONROE SD,M22A4035,MONROE,SALT CREEK,BLOOMINGTON,1,,0,0,0,,ST RD 46,,,,,ST RD 46,E KENT RD,,,,N,,0.0,,39.07099708437925,-86.61959741052691,ST RD,,,,RURAL,N,N,N,,DARK (NOT LIGHTED),CLEAR,DRY,,NO JUNCTION INVOLVED,,ASPHALT,OTHER (DRIVER) - EXPLAIN IN NARRATIVE,$10001 TO $25000,RAN OFF RD,STATERD46EKENTRD,0,,2022-02-20 03:08:00,,,
BLOOMINGTON PD,B22-32466,MONROE,PERRY,BLOOMINGTON,3,,0,0,0,550,S ADAMS ST,,,,,S ADAMS ST,,,,,Y,,0.0,,39.188501677318726,-86.5538342597993,PRIVATE DR,,,,URBAN,N,N,N,,DAYLIGHT,CLEAR,DRY,,NO JUNCTION INVOLVED,,ASPHALT,DRIVER DISTRACTED - EXPLAIN IN NARRATIVE,$5001 TO $10000,SAME DIRECTION SIDESWIPE,SADAMSST,0,,2022-08-19 12:17:00,,,
MONROE SD,M22A9995,MONROE,VAN BUREN,BLOOMINGTON,1,,0,0,0,,E BETHEL LN,,,,,E BETHEL LN,,,,,Y,,0.0,,,,COUNTY RD,,,,RURAL,N,N,N,,DAYLIGHT,CLEAR,DRY,,NO JUNCTION INVOLVED,,ASPHALT,UNSAFE SPEED,$5001 TO $10000,RAN OFF RD,EBETHELLN,0,,2022-05-02 16:14:00,,,
INDIANA UNIV BLOOMINGTON PD,223083,MONROE,BLOOMINGTON,BLOOMINGTON,2,,0,0,0,,ST RD 45,,,,,ST RD 45,N DUNN ST,,,,Y,,475.0,,39.143551549335434,-86.58031521507613,ST RD,,,,URBAN,N,N,N,,DAWN/DUSK,RAIN,WET,,NO JUNCTION INVOLVED,,ASPHALT,FOLLOWING TOO CLOSELY,$1001 TO $2500,REAR END,STATERD45NDUNNST,0,,2022-09-03 20:00:00,,,
BLOOMINGTON PD,B22-08172,MONROE,VAN BUREN,BLOOMINGTON,2,,0,0,0,,S LIBERTY DR,,,,,S LIBERTY DR,W 3RD ST,,,,Y,,2200.0,,39.177948771864585,-86.51958325670545,LOCAL/CITY RD,,,,URBAN,N,N,N,,DAYLIGHT,CLOUDY,WET,,T-INTERSECTION,,ASPHALT,FOLLOWING TOO CLOSELY,$5001 TO $10000,REAR END,W 3RDSTSLIBERTYDR,0,,2022-03-11 16:25:00,,,
BLOOMINGTON PD,B22-42314,MONROE,BLOOMINGTON,BLOOMINGTON,1,,0,0,0,,S ADAMS ST,,,,,S ADAMS ST,S ADAMS ST,,,,Y,,0.0,,39.123324872695626,-86.61591878651976,LOCAL/CITY RD,,,,URBAN,N,N,N,,DAYLIGHT,CLEAR,WET,,NO JUNCTION INVOLVED,,ASPHALT,DRIVER DISTRACTED - EXPLAIN IN NARRATIVE,$5001 TO $10000,RAN OFF RD,SADAMSSTSADAMSST,0,,2022-10-13 10:30:00,,,
BLOOMINGTON PD,B22-32996,MONROE,BLOOMINGTON,BLOOMINGTON,2,,0,0,0,,N COLLEGE AVE,,,,,N COLLEGE AVE,W 6TH ST,,,,Y,,317.0,,39.179662048444804,-86.50728392587747,LOCAL/CITY RD,,,,URBAN,N,N,N,,DAYLIGHT,CLEAR,DRY,,NO JUNCTION INVOLVED,,ASPHALT,UNSAFE BACKING,$2501 TO $5000,BACKING CRASH,W6THSTNCOLLEGEAVE,0,,2022-08-22 12:46:00,,,
MONROE SD,M22A19436,MONROE,PERRY,BLOOMINGTON,2,,0,0,0,,ST RD 37,,,,,ST RD 37,S ST RD 37,,,,N,,2000.0,,39.171587412603465,-86.50216307727217,ST RD,,,,RURAL,N,N,N,,DAYLIGHT,CLEAR,DRY,,NO JUNCTION INVOLVED,,ASPHALT,TIRE FAILURE OR DEFECTIVE,$5001 TO $10000,OTHER - EXPLAIN IN NARRATIVE,STATERD37SOUTHOLDSTATERD37,0,,2022-08-09 16:36:00,,,
BLOOMINGTON PD,B22-03113,MONROE,VAN BUREN,BLOOMINGTON,2,,0,0,0,,W 3RD ST,,,,,W 3RD ST,I-69/37 OVERPASS,,,,Y,,0.0,,39.08524139786828,-86.54274804740537,LOCAL/CITY RD,,,,URBAN,N,N,N,,DAYLIGHT,SNOW,SNOW/SLUSH,,FOUR-WAY INTERSECTION,,CONCRETE,FOLLOWING TOO CLOSELY,$2501 TO $5000,REAR END,W.3RDSTI-69/37OVERPASS,0,,2022-01-28 13:39:00,,,
INDIANA UNIV BLOOMINGTON PD,221113,MONROE,BLOOMINGTON,BLOOMINGTON,2,,0,0,0,,E 6TH ST,,,,,E 6TH ST,N GRANT ST,,,,Y,,0.0,,39.15988665556796,-86.55383439514415,PRIVATE DR,,,,URBAN,N,N,N,,DAWN/DUSK,CLOUDY,DRY,,NO JUNCTION INVOLVED,,CONCRETE,UNSAFE BACKING,UNDER $1001,OPPOSITE DIRECTION SIDESWIPE,NGRANTSTE6THST,0,,2022-03-24 19:00:00,,,
MONROE SD,M22A6831,MONROE,VAN BUREN,BLOOMINGTON,2,,0,0,0,,INDUSTRIAL BLVD,,,,,INDUSTRIAL BLVD,,,,,N,,0.0,,39.21737048163777,-86.59468400143706,PRIVATE DR,,,,RURAL,N,N,N,,DAYLIGHT,CLEAR,DRY,,NO JUNCTION INVOLVED,,ASPHALT,UNSAFE BACKING,UNDER $1001,BACKING CRASH,INDUSTRIALBLVD,0,,2022-03-25 03:35:00,,,
BLOOMINGTON PD,B22-23268,MONROE,BLOOMINGTON,BLOOMINGTON,2,,0,0,0,,E ST RD 45/46,,,,,E ST RD 45/46,N DUNN ST,,,,Y,,0.0,,39.156471360164794,-86.5324502906699,ST RD,,,,URBAN,N,N,N,,DAYLIGHT,CLEAR,DRY,,FOUR-WAY INTERSECTION,,ASPHALT,BRAKE FAILURE OR DEFECTIVE,$1001 TO $2500,REAR END,NDUNNSTESTATERD45/46,0,,2022-06-21 16:25:00,,,
BLOOMINGTON PD,B22-40756,MONROE,VAN BUREN,BLOOMINGTON,2,,0,0,0,,N GATES DR,,,,,N GATES DR,W 3RD ST,,,,Y,,0.0,,39.16427597437604,-86.52692884395314,LOCAL/CITY RD,,,,URBAN,N,N,N,,DARK (LIGHTED),CLEAR,DRY,,FOUR-WAY INTERSECTION,,ASPHALT,UNSAFE LN MOVEMENT,$1001 TO $2500,LEFT TURN,W 3RDSTNGATESDR,0,,2022-10-04 20:00:00,,,
INDIANA UNIV BLOOMINGTON PD,221178,MONROE,BLOOMINGTON,BLOOMINGTON,2,,1,0,0,,N MILO B SAMPSON LN,,,,,N MILO B SAMPSON LN,ST RD 45,,,,N,,0.0,,39.09164370083219,-86.56704437744153,ST RD,,,,URBAN,N,N,N,,DAYLIGHT,CLEAR,DRY,,NO JUNCTION INVOLVED,,ASPHALT,FOLLOWING TOO CLOSELY,UNDER $1001,REAR END,STATERD45NMILOBSAMPSONLN,0,,2022-03-30 17:38:00,,,
ISP BLOOMINGTON 33,2.022E+11,MONROE,INDIAN CREEK,BLOOMINGTON,2,,2,0,0,,I-69,,,,,I-69,,,107.2,,N,,50.0,,39.164384174498124,-86.55456267852539,INTERSTATE,,,,RURAL,N,N,N,,DAYLIGHT,CLEAR,DRY,,NO JUNCTION INVOLVED,,CONCRETE,DRIVER ASLEEP OR FATIGUED,$25001 TO $50000,REAR END,I-69107.2,0,,2022-06-29 10:10:00,,,
BLOOMINGTON PD,B22-03663,MONROE,PERRY,BLOOMINGTON,2,,0,0,0,,2812 E 3RD ST,,,,,E 3RD ST,,,,,Y,,0.0,,39.16459977887598,-86.5349107180113,LOCAL/CITY RD,,,,URBAN,N,N,N,,DAYLIGHT,RAIN,WET,,NO JUNCTION INVOLVED,,ASPHALT,OVERCORRECTING/OVERSTEERING,$1001 TO $2500,SAME DIRECTION SIDESWIPE,2812E 3RDST,0,,2022-02-02 12:44:00,2812.0,,
BLOOMINGTON PD,B22-13580,MONROE,BLOOMINGTON,BLOOMINGTON,2,,0,0,0,,ST RD 45/46 BYPASS,,,,,ST RD 45/46 BYPASS,N DUNN ST,,,,Y,,475.0,,39.16424909093683,-86.50266170210621,LOCAL/CITY RD,,,,URBAN,N,N,N,,DAYLIGHT,CLOUDY,WET,,NO JUNCTION INVOLVED,,ASPHALT,FOLLOWING TOO CLOSELY,$2501 TO $5000,REAR END,STATERD45/46BYPASSNDUNNST,0,,2022-04-18 18:22:00,,,
INDIANA UNIV BLOOMINGTON PD,223831,MONROE,BLOOMINGTON,BLOOMINGTON,2,,0,0,0,,E 7TH ST,,,,,E 7TH ST,E 7TH ST,,,,Y,,0.0,,39.3152910044562,-86.51130960924598,PRIVATE DR,,,,URBAN,N,N,N,,DAYLIGHT,CLEAR,DRY,,NO JUNCTION INVOLVED,,ASPHALT,UNSAFE BACKING,$1001 TO $2500,BACKING CRASH,E7THSTE7THST,0,,2022-10-09 13:16:00,,,
BLOOMINGTON PD,B22-34643,MONROE,BLOOMINGTON,BLOOMINGTON,2,,0,0,0,,S DUNN ST,,,,,S DUNN ST,E 3RD ST,,,,Y,,0.0,,39.10723711535677,-86.5351117359712,LOCAL/CITY RD,,,,URBAN,N,N,N,,DAYLIGHT,CLEAR,DRY,,FOUR-WAY INTERSECTION,,ASPHALT,DISREGARD SIGNAL/REG SIGN,$10001 TO $25000,RIGHT ANGLE,SDUNNSTE 3RDST,0,,2022-08-31 13:00:00,,,
INDIANA UNIV BLOOMINGTON PD,222955,MONROE,BLOOMINGTON,BLOOMINGTON,2,,0,0,0,,N EAGLESON AVE,,,,,N EAGLESON AVE,E 17TH ST,,,,Y,,106.0,,39.17457696303078,-86.55024046622319,LOCAL/CITY RD,,,,URBAN,N,N,N,,DARK (NOT LIGHTED),CLEAR,DRY,,NO JUNCTION INVOLVED,,ASPHALT,FAILURE TO YIELD RIGHT OF WAY,$2501 TO $5000,SAME DIRECTION SIDESWIPE,NEAGLESON AVEAVEE17THST,0,,2022-08-31 20:20:00,,,
INDIANA UNIV BLOOMINGTON PD,223802,MONROE,BLOOMINGTON,BLOOMINGTON,2,,0,0,0,,ST RD 45,,,,,ST RD 45,N MILO B SAMPSON LN,,,,Y,,250.0,,39.166696552241184,-86.54963386068867,ST RD,,,,RURAL,N,N,N,,DAYLIGHT,CLEAR,DRY,,NO JUNCTION INVOLVED,,ASPHALT,FOLLOWING TOO CLOSELY,UNDER $1001,REAR END,STATERD45NMILOBSAMPSONLN,0,,2022-10-07 18:02:00,,,
ELLETTSVILLE PD,E2201333,MONROE,RICHLAND,ELLETTSVILLE,2,0.0,0,0,0,,SALE,ST,,,,SALE,TEMPERANE,,,,Y,,30.0,N,39.16532314,-86.52726836,LOCAL/CITY RD,Y,N,N,URBAN,N,N,N,,DAYLIGHT,CLEAR,DRY,,FOUR-WAY INTERSECTION,STRAIGHT/GRADE,ASPHALT,IMPROPER PASSING,$5001 TO $10000,LEFT TURN,SALESTTEMPERANEST,0,TRAFFIC CONTROL SIGNAL,2022-04-12 16:28:00,,,
INDIANA UNIV BLOOMINGTON PD,223913,MONROE,BLOOMINGTON,BLOOMINGTON,2,,0,0,0,,ST RD 45,,,,,ST RD 45,E 17TH ST,,,,Y,,0.0,,39.166921723309976,-86.51614678280231,ST RD,,,,URBAN,N,N,N,,DAYLIGHT,RAIN,WET,,T-INTERSECTION,,ASPHALT,FOLLOWING TOO CLOSELY,$2501 TO $5000,REAR END,STATERD45E17THST,0,,2022-10-12 16:46:00,,,
ISP BLOOMINGTON 33,2.022E+11,MONROE,VAN BUREN,BLOOMINGTON,2,,0,0,0,,LEONARD SPRINGS RD,,,,,LEONARD SPRINGS RD,TAPP RD,,,,Y,,100.0,,39.160742927524005,-86.54852692112262,LOCAL/CITY RD,,,,URBAN,N,N,N,,DAYLIGHT,CLOUDY,WET,,NO JUNCTION INVOLVED,,ASPHALT,UNSAFE SPEED,$2501 TO $5000,RIGHT ANGLE,TAPPRDLEONARDSPRINGSRD,0,,2022-06-08 16:50:00,,,
BLOOMINGTON PD,B22-26043,MONROE,PERRY,BLOOMINGTON,2,,0,0,0,1300,S PATTERSON DR,,,,,S PATTERSON DR,,,,,Y,,0.0,,39.175062375563996,-86.51903177980633,PRIVATE DR,,,,URBAN,N,N,N,,DAYLIGHT,CLOUDY,DRY,,NO JUNCTION INVOLVED,,ASPHALT,UNSAFE BACKING,$1001 TO $2500,BACKING CRASH,SPATTERSONDR,0,,2022-07-08 18:36:00,,,
MONROE SD,M22A13015,MONROE,PERRY,BLOOMINGTON,2,,2,0,0,,S ROGERS ST,,,,,S ROGERS ST,W THAT RD,,,,N,,0.0,,39.204698855038764,-86.4751002210287,LOCAL/CITY RD,,,,RURAL,N,N,N,,DAYLIGHT,CLEAR,DRY,,T-INTERSECTION,,ASPHALT,FAILURE TO YIELD RIGHT OF WAY,$25001 TO $50000,OTHER - EXPLAIN IN NARRATIVE,WTHATRDSROGERSST,0,,2022-06-03 20:21:00,,,
BLOOMINGTON PD,B22-19292,MONROE,BLOOMINGTON,BLOOMINGTON,1,,0,0,0,,W 11TH ST,,,,,W 11TH ST,N SUMMIT ST,,,,Y,,158.0,,39.181237796714655,-86.51043402055419,PRIVATE DR,,,,URBAN,N,N,N,,DAYLIGHT,CLOUDY,DRY,,NO JUNCTION INVOLVED,,ASPHALT,BRAKE FAILURE OR DEFECTIVE,$5001 TO $10000,RAN OFF RD,W11THSTNSUMMITST,0,,2022-05-25 15:37:00,,,
MONROE SD,M22A12508,MONROE,PERRY,BLOOMINGTON,2,,0,0,0,,W HEDGEWOOD DR,,,,,W HEDGEWOOD DR,W ESTATE DR,,,,N,,0.0,,39.16423,-86.49826,LOCAL/CITY RD,,,,URBAN,N,N,N,,DAYLIGHT,CLEAR,DRY,,NO JUNCTION INVOLVED,,ASPHALT,UNSAFE BACKING,$10001 TO $25000,BACKING CRASH,WHEDGEWOODDRWESTATEDR,0,,2022-05-29 06:50:00,,,
INDIANA UNIV BLOOMINGTON PD,223782,MONROE,BLOOMINGTON,BLOOMINGTON,2,,2,0,0,,S FESS AVE,,,,,S FESS AVE,E ATWATER AVE,,,,Y,,0.0,,39.15334026245232,-86.53374474183957,LOCAL/CITY RD,,,,URBAN,N,N,N,,DARK (LIGHTED),CLEAR,DRY,,T-INTERSECTION,,ASPHALT,FAILURE TO YIELD RIGHT OF WAY,$5001 TO $10000,RIGHT ANGLE,SFESSAVEEATWATERAVE,0,,2022-10-06 19:45:00,,,
BLOOMINGTON PD,B22-28026,MONROE,BLOOMINGTON,BLOOMINGTON,2,,0,0,0,,S LIBERTY DR,,,,,S LIBERTY DR,W ST RD 45,,,,Y,,0.0,,39.15046516469482,-86.53368531825085,LOCAL/CITY RD,,,,URBAN,N,N,N,,DAYLIGHT,CLEAR,DRY,,FOUR-WAY INTERSECTION,,ASPHALT,FAILURE TO MAINTAIN LN,$2501 TO $5000,SAME DIRECTION SIDESWIPE,WSTATERD45SLIBERTYDR,0,,2022-07-21 17:30:00,,,
BLOOMINGTON PD,B22-42860,MONROE,PERRY,BLOOMINGTON,2,,1,0,0,,S CURRY PK,,,,,S CURRY PK,W ST RD 45,,,,Y,,0.0,,39.18444695766651,-86.51415365487685,LOCAL/CITY RD,,,,URBAN,N,N,N,,DARK (LIGHTED),CLEAR,DRY,,FOUR-WAY INTERSECTION,,ASPHALT,FAILURE TO YIELD RIGHT OF WAY,$5001 TO $10000,LEFT TURN,WSTATERD45SCURRYPK,0,,2022-10-16 19:16:00,,,
BLOOMINGTON PD,B22-19208,MONROE,BLOOMINGTON,BLOOMINGTON,3,,0,0,0,,N WALNUT ST,,,,,N WALNUT ST,W 7TH ST,,,,Y,,211.0,,39.16947110530857,-86.53485061850975,LOCAL/CITY RD,,,,URBAN,N,N,N,,DARK (NOT LIGHTED),RAIN,WET,,NO JUNCTION INVOLVED,,ASPHALT,FAILURE TO MAINTAIN LN,$5001 TO $10000,SAME DIRECTION SIDESWIPE,W7THSTNWALNUTST,0,,2022-05-25 02:23:00,,,
BLOOMINGTON PD,B22-41048,MONROE,PERRY,BLOOMINGTON,2,,0,0,0,120,E MILLER DR,,,,,E MILLER DR,,,,,Y,,0.0,,39.11105822227824,-86.63822239345062,PRIVATE DR,,,,URBAN,N,N,N,,DAYLIGHT,CLOUDY,DRY,,NO JUNCTION INVOLVED,,ASPHALT,OTHER (DRIVER) - EXPLAIN IN NARRATIVE,$5001 TO $10000,OPPOSITE DIRECTION SIDESWIPE,EMILLERDR,0,,2022-10-06 12:25:00,,,
MONROE SD,M22A23397,MONROE,BLOOMINGTON,BLOOMINGTON,2,,0,0,0,,ST RD 46,,,,,ST RD 46,I-69,,120.0,,N,,0.0,,39.167887871134546,-86.53613506863469,,,,,RURAL,N,N,N,,DAYLIGHT,CLEAR,DRY,,T-INTERSECTION,,ASPHALT,OTHER (ENVIRONMENTAL) - EXPLAIN IN NARR,$2501 TO $5000,RIGHT ANGLE,STATERD46I-69,0,,2022-09-23 08:09:00,,,
BLOOMINGTON PD,B22-10169,MONROE,BLOOMINGTON,BLOOMINGTON,2,,0,0,0,,100 E 6TH ST,,,,,E 6TH ST,N WALNUT ST,,,,Y,,300.0,,39.13456248824304,-86.52693432592332,LOCAL/CITY RD,,,,URBAN,N,N,N,,DAYLIGHT,CLOUDY,DRY,,NO JUNCTION INVOLVED,,ASPHALT,OTHER (DRIVER) - EXPLAIN IN NARRATIVE,UNDER $1001,SAME DIRECTION SIDESWIPE,N.WALNUTST100E6THST,0,,2022-03-25 12:54:00,100.0,,
DNR LAW ENFORCEMENT,06-22-01801,MONROE,PERRY,BLOOMINGTON,2,,0,0,0,,S FAIRFAX RD,,,,,S FAIRFAX RD,,,,,N,,0.0,,39.18072728931243,-86.56051327351528,,,,,RURAL,N,N,N,,DARK (NOT LIGHTED),CLEAR,DRY,,NO JUNCTION INVOLVED,,ASPHALT,UNSAFE BACKING,$2501 TO $5000,BACKING CRASH,SFAIRFAXRD,0,,2022-07-04 23:00:00,,,
MONROE SD,M22A17664,MONROE,BLOOMINGTON,BLOOMINGTON,1,,0,0,1,,N ST RD 37,,,,,N ST RD 37,E OLD MYERS RD,,,,N,,250.0,,39.12333006151313,-86.5534988257839,COUNTY RD,,,,RURAL,N,N,N,,DAWN/DUSK,CLEAR,DRY,,NO JUNCTION INVOLVED,,ASPHALT,ANIMAL/OBJECT IN RDWAY,$5001 TO $10000,COLLISION WITH DEER,NOLDSTATERD37EOLDMYERSRD,0,,2022-07-22 07:19:00,,,
BLOOMINGTON PD,B22-39958,MONROE,BLOOMINGTON,BLOOMINGTON,2,,0,0,0,400,W NORTHLN DR,,,,,W NORTHLN DR,,,,,Y,,0.0,,39.17161019184723,-86.50242228645145,PRIVATE DR,,,,URBAN,N,N,N,,DAYLIGHT,CLEAR,DRY,,NO JUNCTION INVOLVED,,ASPHALT,UNSAFE BACKING,$2501 TO $5000,RIGHT ANGLE,WNORTHLNDR,0,,2022-09-30 09:07:00,,,
BLOOMINGTON PD,B22-05852,MONROE,PERRY,BLOOMINGTON,2,,0,0,0,,N DUNN ST,,,,,N DUNN ST,E 7TH ST,,,,Y,,0.0,,39.17581002703644,-86.50991060791046,LOCAL/CITY RD,,,,URBAN,N,N,N,,DARK (NOT LIGHTED),CLOUDY,DRY,,T-INTERSECTION,,ASPHALT,FAILURE TO YIELD RIGHT OF WAY,$2501 TO $5000,LEFT/RIGHT TURN,NDUNNSTE7THST,0,,2022-02-21 07:10:00,,,
BLOOMINGTON PD,B22-34440,MONROE,PERRY,BLOOMINGTON,1,,1,0,0,,BLOOMFIELD RD,,,,,BLOOMFIELD RD,S ADAMS ST,,,,Y,,0.0,,39.16557990376489,-86.53491517303591,LOCAL/CITY RD,,,,URBAN,N,N,N,,DAYLIGHT,CLEAR,DRY,,FOUR-WAY INTERSECTION,,ASPHALT,FAILURE TO YIELD RIGHT OF WAY,UNDER $1001,COLLISION WITH OBJECT IN RD,SADAMSSTBLOOMFIELDRD,1,,2022-08-30 12:10:00,,,True
MONROE SD,M22A2972,MONROE,RICHLAND,ELLETTSVILLE,2,,0,0,0,,W ST RD 46,,,,,W ST RD 46,DEER PARK,,,,N,,0.0,,39.1696741490631,-86.54967292224728,ST RD,,,,URBAN,N,N,N,,DAYLIGHT,CLEAR,DRY,,FOUR-WAY INTERSECTION,,ASPHALT,FAILURE TO YIELD RIGHT OF WAY,$5001 TO $10000,RIGHT ANGLE,WSTATERD46DEERPARK,0,,2022-02-08 09:04:00,,,
BLOOMINGTON PD,B22-26603,MONROE,BLOOMINGTON,BLOOMINGTON,2,,0,0,0,,ST RD 46,,,,,ST RD 46,N KINSER PK,,,,Y,,0.0,,39.120293449936234,-86.5292509569197,ST RD,,,,URBAN,N,N,N,,DAYLIGHT,CLEAR,DRY,,NO JUNCTION INVOLVED,,ASPHALT,FOLLOWING TOO CLOSELY,$5001 TO $10000,REAR END,STATERD46NKINSERPK,0,,2022-07-12 16:51:00,,,