Agency,Local Code,County,Township,City,Vehicles Involved,Trailers Involved,Number Injured,Number Dead,Number Deer,House Number,Roadway Name,Roadway Suffix,Roadway Number,Roadway Interchange,Roadway Ramp,Roadway Id,Intersecting Road,Intersecting Road Number,Mile Marker,Interchange,Corporate Limits?,Property Type,Feet From,Direction,Latitude,Longitude,Roadway Class,Traffic Control Devices?,Aggressive Driving?,Hit and Run?,Locality,School Zone?,Rumble Strips?,Construction?,Construction Type,Light Condition,Weather Conditions,Surface Condition,Type of Median,Roadway Junction Type,Road Character,Roadway Surface,Primary Factor,Damage Estimate,Manner of Collision,Unique Location Id,State Property Damage?,Traffic Control,DateTime,Address Number,Cyclist Involved,Pedestrian Involved
BLOOMINGTON PD,B22-46538,MONROE,BLOOMINGTON,BLOOMINGTON,1,,0,0,0,,N MORTON ST,,,,,N MORTON ST,W 10TH ST,,,,Y,,0.0,,39.168513035547484,-86.52826228889552,LOCAL/CITY RD,,,,URBAN,N,N,N,,DAYLIGHT,CLEAR,DRY,,NO JUNCTION INVOLVED,,ASPHALT,OTHER (ENVIRONMENTAL) - EXPLAIN IN NARR,$2501 TO $5000,REAR END,W10THSTNMORTONST,0,,2022-11-06 16:35:00,,,
BLOOMINGTON PD,B22-46199,MONROE,RICHLAND,BLOOMINGTON,2,,0,0,0,180,N GATES DR,,,,,N GATES DR,,,,,Y,,0.0,,39.17158913826099,-86.50218089515155,PRIVATE DR,,,,URBAN,N,N,N,,DAYLIGHT,CLEAR,DRY,,NO JUNCTION INVOLVED,,ASPHALT,UNSAFE BACKING,$1001 TO $2500,REAR TO REAR,NGATESDR,0,,2022-11-04 15:13:00,,,
BLOOMINGTON PD,B22-52901,MONROE,BLOOMINGTON,BLOOMINGTON,1,,1,0,0,,N WOODBRIDGE DR,,,,,N WOODBRIDGE DR,,,,,Y,,0.0,,38.33062265443267,-85.89066866098376,PRIVATE DR,,,,URBAN,N,N,N,,DARK (LIGHTED),CLEAR,DRY,,T-INTERSECTION,,ASPHALT,IMPROPER TURNING,$5001 TO $10000,RAN OFF RD,NWOODBRIDGEDR,0,,2022-12-20 23:55:00,,,
BLOOMINGTON PD,B22-43543,MONROE,PERRY,BLOOMINGTON,2,,0,0,0,,S COLLEGE MALL RD,,,,,S COLLEGE MALL RD,E 2ND ST,,,,N,,634.0,,39.21787643301703,-86.5926840177602,LOCAL/CITY RD,,,,URBAN,N,N,N,,DAYLIGHT,CLOUDY,DRY,,NO JUNCTION INVOLVED,,ASPHALT,FAILURE TO YIELD RIGHT OF WAY,$2501 TO $5000,RIGHT ANGLE,SCOLLEGEMALLRDE 2NDST,0,,2022-10-20 14:02:00,,,
BLOOMINGTON PD,B22-44458,MONROE,PERRY,BLOOMINGTON,2,,0,0,0,,W GRIMES LN,,,,,W GRIMES LN,S WALNUT ST,,,,Y,,60.0,,39.163054222329464,-86.50850320445086,LOCAL/CITY RD,,,,URBAN,N,N,N,,DAYLIGHT,RAIN,WET,,T-INTERSECTION,,ASPHALT,FAILURE TO YIELD RIGHT OF WAY,$1001 TO $2500,SAME DIRECTION SIDESWIPE,WGRIMESLNSWALNUTST,0,,2022-10-25 16:39:00,,,
BLOOMINGTON PD,B22-49773,MONROE,BLOOMINGTON,BLOOMINGTON,2,,0,0,0,,N WILLIS DR,,,,,N WILLIS DR,W WESTFIELD RD,,,,N,,0.0,,39.16463,-86.53741,LOCAL/CITY RD,,,,URBAN,N,N,N,,DARK (LIGHTED),CLEAR,DRY,,NO JUNCTION INVOLVED,,CONCRETE,UNSAFE BACKING,UNDER $1001,BACKING CRASH,WWESTFIELDRDNWILLISDR,0,,2022-11-30 19:30:00,,,
BLOOMINGTON PD,B22-43834,MONROE,PERRY,BLOOMINGTON,2,,0,0,0,,E RIDGE CREST CT,,,,,E RIDGE CREST CT,E SUMMIT VIEW PL,,,,Y,,0.0,,39.14689,-86.53265,LOCAL/CITY RD,,,,URBAN,N,N,N,,DARK (NOT LIGHTED),CLEAR,DRY,,NO JUNCTION INVOLVED,,ASPHALT,OTHER (DRIVER) - EXPLAIN IN NARRATIVE,$1001 TO $2500,SAME DIRECTION SIDESWIPE,ESUMMITVIEWPLERIDGECRESTCT,0,,2022-10-21 21:30:00,,,
BLOOMINGTON PD,B22-48870,MONROE,BLOOMINGTON,BLOOMINGTON,2,,0,0,0,,S ST RD 37,,,,,S ST RD 37,,,,,Y,,0.0,,39.12142308145678,-86.51161952027935,OTHER,,,,URBAN,N,N,N,,UNKNOWN,CLEAR,DRY,,NO JUNCTION INVOLVED,,ASPHALT,IMPROPER TURNING,$1001 TO $2500,LEFT TURN,SOLDSTATERD37,0,,2022-11-22 00:00:00,,,
BLOOMINGTON PD,B22-44071,MONROE,BLOOMINGTON,BLOOMINGTON,1,,0,0,0,,W 7TH ST,,,,,W 7TH ST,B-LINE TRL,,,,Y,,0.0,,39.08589335768582,-86.54225752269569,,,,,URBAN,N,N,N,,DAYLIGHT,CLEAR,DRY,,NO JUNCTION INVOLVED,,CONCRETE,IMPROPER LN USAGE,UNDER $1001,LEFT TURN,W7THSTB-LINETRL,1,,2022-10-23 17:00:00,,True,
BLOOMINGTON PD,B22-36892,MONROE,PERRY,BLOOMINGTON,2,,0,0,0,,E 4TH ST,,,,,E 4TH ST,S LINCOLN ST,,,,Y,,0.0,,39.159368652125345,-86.53506652687437,LOCAL/CITY RD,,,,URBAN,N,N,N,,DAYLIGHT,CLOUDY,DRY,,FOUR-WAY INTERSECTION,,ASPHALT,FAILURE TO YIELD RIGHT OF WAY,$2501 TO $5000,RIGHT ANGLE,S.LINCOLNSTE4THST,0,,2022-09-13 09:26:00,,,
BLOOMINGTON PD,B22-47545,MONROE,PERRY,BLOOMINGTON,2,,0,0,0,,S WOODLAWN AVE,,,,,S WOODLAWN AVE,E 2ND ST,,,,Y,,0.0,,39.1862250091377,-86.5345639695023,LOCAL/CITY RD,,,,URBAN,N,N,N,,DAYLIGHT,CLEAR,DRY,,FOUR-WAY INTERSECTION,,ASPHALT,VIEW OBSTRUCTED,$2501 TO $5000,RIGHT ANGLE,SWOODLAWNAVEE 2NDST,0,,2022-11-14 13:32:00,,,
BLOOMINGTON PD,B2245150,MONROE,BLOOMINGTON,BLOOMINGTON,2,,0,0,0,,N PETE LLIS DR,,,,,N PETE LLIS DR,E JOHN HINKLE PL,,,,Y,,0.0,,39.163555520879676,-86.49858226330481,,,,,URBAN,N,N,N,,DARK (NOT LIGHTED),CLEAR,DRY,,T-INTERSECTION,,ASPHALT,FAILURE TO YIELD RIGHT OF WAY,$2501 TO $5000,RIGHT ANGLE,NPETEELLISDREJOHNHINKLEPL,0,,2022-10-29 05:32:00,,,
BLOOMINGTON PD,B22-45887,MONROE,PERRY,BLOOMINGTON,3,,1,0,0,,E WINSLOW RD,,,,,E WINSLOW RD,S WALNUT ST PK,,,,Y,,0.0,,39.23305871093099,-86.62552447457821,LOCAL/CITY RD,,,,URBAN,N,N,N,,DAYLIGHT,CLEAR,DRY,,FOUR-WAY INTERSECTION,,ASPHALT,FOLLOWING TOO CLOSELY,$5001 TO $10000,REAR END,SWALNUTSTPKEWINSLOWRD,0,,2022-11-02 17:15:00,,,
BLOOMINGTON PD,B22-49815,MONROE,,BLOOMINGTON,1,,1,0,0,,2440 S HENDERSON ST,,,,,S HENDERSON ST,,,,,Y,,0.0,,39.12951555235572,-86.53141446275892,LOCAL/CITY RD,,,,URBAN,N,N,N,,DARK (NOT LIGHTED),CLEAR,DRY,,NO JUNCTION INVOLVED,,ASPHALT,PEDESTRIAN ACTION,$5001 TO $10000,COLLISION WITH OBJECT IN RD,2440S.HENDERSONST,1,,2022-12-01 06:55:00,2440.0,,True
MONROE SD,M22A31113,MONROE,RICHLAND,BLOOMINGTON,1,,0,0,0,,W LOST MANS LN,,,,,W LOST MANS LN,,,,,N,,0.0,,39.16309814478179,-86.4938818966889,LOCAL/CITY RD,,,,RURAL,N,N,N,,DARK (NOT LIGHTED),SNOW,SNOW/SLUSH,,NO JUNCTION INVOLVED,,ASPHALT,SPEED TOO FAST FOR WEATHER CONDITIONS,$5001 TO $10000,RAN OFF RD,WLOSTMANSLN,0,,2022-12-22 22:22:00,,,
BLOOMINGTON PD,B22-46559,MONROE,BLOOMINGTON,BLOOMINGTON,2,,0,0,0,1500,E 3RD ST,,,,,E 3RD ST,,,,,N,,0.0,,39.16097484814905,-86.47208387823385,LOCAL/CITY RD,,,,URBAN,N,N,N,,DAWN/DUSK,CLEAR,DRY,,NO JUNCTION INVOLVED,,ASPHALT,UNSAFE BACKING,$1001 TO $2500,BACKING CRASH,E 3RDST,0,,2022-11-06 19:30:00,,,
BLOOMINGTON PD,B22-47664,MONROE,PERRY,BLOOMINGTON,2,,1,0,0,,W COUNTRYSIDE LN,,,,,W COUNTRYSIDE LN,S DELILA STAR DR,,,,Y,,0.0,,39.15881738276153,-86.5758791568157,LOCAL/CITY RD,,,,URBAN,N,N,N,,DAYLIGHT,CLOUDY,DRY,,FOUR-WAY INTERSECTION,,ASPHALT,FAILURE TO YIELD RIGHT OF WAY,$5001 TO $10000,RIGHT ANGLE,WCOUNTRYSIDELNSDELILASTARDR,0,,2022-11-15 13:50:00,,,
BLOOMINGTON PD,B22-48632,MONROE,BLOOMINGTON,BLOOMINGTON,1,,0,0,0,,N WALNUT ST1,,,,,N WALNUT ST1,W 17TH ST,,,,Y,,0.0,,39.17237481119676,-86.58988824166232,LOCAL/CITY RD,,,,URBAN,N,N,N,,DAYLIGHT,CLEAR,DRY,,FOUR-WAY INTERSECTION,,ASPHALT,OVERCORRECTING/OVERSTEERING,$2501 TO $5000,RAN OFF RD,W.17THSTN.WALNUTST1,0,,2022-11-22 10:22:00,,,
BLOOMINGTON PD,B22-51165,MONROE,PERRY,BLOOMINGTON,2,,0,0,0,,W TAPP RD,,,,,W TAPP RD,S LEONARD SPRINGS RD,,,,N,,0.0,,39.15049321802622,-86.52265944479693,LOCAL/CITY RD,,,,URBAN,N,N,N,,DARK (NOT LIGHTED),CLOUDY,WET,,T-INTERSECTION,,ASPHALT,FOLLOWING TOO CLOSELY,$2501 TO $5000,REAR END,WTAPPRDSLEONARDSPRINGSRD,0,,2022-12-09 17:13:00,,,
BLOOMINGTON PD,B22-50793,MONROE,PERRY,BLOOMINGTON,2,,0,0,0,2966,E 3RD ST; TARGET,,,,,E 3RD ST,,,,,Y,,0.0,,39.1752113714188,-86.50416872871445,PRIVATE DR,,,,URBAN,N,N,N,,DAYLIGHT,CLOUDY,DRY,,NO JUNCTION INVOLVED,,ASPHALT,FAILURE TO YIELD RIGHT OF WAY,$1001 TO $2500,RIGHT ANGLE,E 3RDST;TARGET,0,,2022-12-07 13:09:00,,,
ELLETTSVILLE PD,E22-04625,MONROE,RICHLAND,ELLETTSVILLE,2,,0,0,0,4719,W IN ST RD 46,,,,,W IN ST RD 46,,,,,Y,,0.0,,39.16657224622717,-86.53491876228219,PRIVATE DR,,,,URBAN,N,N,N,,DAYLIGHT,CLEAR,DRY,,NO JUNCTION INVOLVED,,CONCRETE,OTHER (DRIVER) - EXPLAIN IN NARRATIVE,$2501 TO $5000,BACKING CRASH,WINST RD 46,0,,2022-11-08 12:30:00,,,
INDIANA UNIV BLOOMINGTON PD,224967,MONROE,BLOOMINGTON,BLOOMINGTON,2,,1,0,0,,E 10TH ST,,,,,E 10TH ST,E 10TH ST,,,,Y,,0.0,,39.16128156522421,-86.52593583390829,LOCAL/CITY RD,,,,URBAN,N,N,N,,DARK (NOT LIGHTED),CLEAR,DRY,,FOUR-WAY INTERSECTION,,ASPHALT,FAILURE TO YIELD RIGHT OF WAY,$10001 TO $25000,LEFT TURN,E 10THSTE 10THST,0,,2022-12-18 18:40:00,,,
BLOOMINGTON PD,B22-44451,MONROE,BLOOMINGTON,BLOOMINGTON,2,,0,0,0,,W PARRISH RD,,,,,W PARRISH RD,N KINSER PK,,,,Y,,0.0,,39.159908016522266,-86.55386970369992,PRIVATE DR,,,,URBAN,N,N,N,,DAWN/DUSK,RAIN,WET,,NO JUNCTION INVOLVED,,ASPHALT,IMPROPER TURNING,$1001 TO $2500,RIGHT TURN,WPARRISHRDNKINSERPK,0,,2022-10-25 14:00:00,,,
BLOOMINGTON PD,B22-49093,MONROE,BLOOMINGTON,BLOOMINGTON,3,,0,0,0,,N MADISON ST,,,,,N MADISON ST,W 16TH ST,,,,Y,,0.0,,39.16463,-86.58295,LOCAL/CITY RD,,,,URBAN,N,N,N,,DARK (LIGHTED),CLEAR,DRY,,T-INTERSECTION,,ASPHALT,FAILURE TO MAINTAIN LN,$10001 TO $25000,REAR END,W16THSTNMADISONST,0,,2022-11-26 03:20:00,,,
BLOOMINGTON PD,B22-52786,MONROE,BLOOMINGTON,BLOOMINGTON,2,,0,0,0,,W 17TH ST,,,,,W 17TH ST,W ARLINGTON RD,,,,Y,,200.0,,39.19366972018399,-86.57139565596519,LOCAL/CITY RD,,,,URBAN,Y,N,N,,DAYLIGHT,CLEAR,DRY,,FOUR-WAY INTERSECTION,,ASPHALT,FOLLOWING TOO CLOSELY,$1001 TO $2500,REAR END,W.ARLINGTONRDW.17THST,0,,2022-12-20 12:33:00,,,
MONROE SD,M22A27425,MONROE,BLOOMINGTON,BLOOMINGTON,1,,0,0,1,,I-69,,,,,I-69,,,,,N,,0.0,,39.12143157303304,-86.5115806392597,INTERSTATE,,,,RURAL,N,N,N,,DARK (NOT LIGHTED),CLEAR,DRY,,NO JUNCTION INVOLVED,,ASPHALT,ANIMAL/OBJECT IN RDWAY,$5001 TO $10000,COLLISION WITH DEER,I-69,0,,2022-11-07 22:48:00,,,
BLOOMINGTON PD,B22-45751,MONROE,BLOOMINGTON,BLOOMINGTON,2,,0,0,0,,W ARLINGTON RD,,,,,W ARLINGTON RD,N TELLURIDE ST,,,,Y,,106.0,,39.16136,-86.53124,LOCAL/CITY RD,,,,URBAN,N,N,N,,DARK (LIGHTED),CLEAR,DRY,,T-INTERSECTION,,ASPHALT,FAILURE TO YIELD RIGHT OF WAY,$5001 TO $10000,RIGHT ANGLE,WARLINGTONRDNTELLURIDEST,0,,2022-11-01 20:49:00,,,
BLOOMINGTON PD,B22-47015,MONROE,PERRY,BLOOMINGTON,2,,1,0,0,,W 3RD ST,,,,,W 3RD ST,S FRANKLIN RD,,,,Y,,0.0,,39.17526719907602,-86.61124771908642,LOCAL/CITY RD,,,,URBAN,N,N,N,,DAYLIGHT,CLEAR,DRY,,FOUR-WAY INTERSECTION,,ASPHALT,DISREGARD SIGNAL/REG SIGN,$25001 TO $50000,RIGHT ANGLE,W 3RDSTSFRANKLINRD,0,,2022-11-10 14:02:00,,,
BLOOMINGTON PD,B22-45701,MONROE,VAN BUREN,BLOOMINGTON,3,,1,0,0,,W BLOOMFIELD RD,,,99,C,W BLOOMFIELD RD,,,,,Y,,0.0,,39.17383131986092,-86.51071686548359,ST RD,,,,URBAN,N,N,N,,DAWN/DUSK,CLEAR,DRY,,FOUR-WAY INTERSECTION,,ASPHALT,FAILURE TO YIELD RIGHT OF WAY,$25001 TO $50000,RIGHT ANGLE,WBLOOMFIELDRD099C,0,,2022-11-01 16:02:00,,,
INDIANA UNIV BLOOMINGTON PD,224307,MONROE,BLOOMINGTON,BLOOMINGTON,1,,0,0,0,,E 3RD ST,,,,,E 3RD ST,S FACULTY AVE,,,,Y,,0.0,,39.14935836097441,-86.56408200226387,LOCAL/CITY RD,,,,URBAN,N,N,N,,DAYLIGHT,CLEAR,DRY,,NO JUNCTION INVOLVED,,ASPHALT,UNSAFE SPEED,$25001 TO $50000,RAN OFF RD,SFACULTYAVEE 3RDST,0,,2022-11-04 15:20:00,,,
BLOOMINGTON PD,B22-44993,MONROE,PERRY,BLOOMINGTON,2,,0,0,0,,E ATWATER AVE,,,,,E ATWATER AVE,S HIGHLAND AVE,,,,Y,,0.0,,39.0092227521582,-86.5101499069379,LOCAL/CITY RD,,,,URBAN,N,N,N,,DAWN/DUSK,CLEAR,DRY,,FOUR-WAY INTERSECTION,,ASPHALT,FAILURE TO YIELD RIGHT OF WAY,$2501 TO $5000,RIGHT ANGLE,SHIGHLANDAVEEATWATERAVE,0,,2022-10-28 14:21:00,,,
BLOOMINGTON PD,B22-51154,MONROE,PERRY,BLOOMINGTON,2,,1,0,0,,W COUNTRY CLUB DR,,,,,W COUNTRY CLUB DR,S WALNUT ST,,,,Y,,528.0,,39.161364302455276,-86.53872916732276,LOCAL/CITY RD,,,,URBAN,N,N,N,,DAYLIGHT,CLOUDY,WET,,NO JUNCTION INVOLVED,,ASPHALT,FAILURE TO YIELD RIGHT OF WAY,$10001 TO $25000,RIGHT ANGLE,WCOUNTRYCLUBDRSWALNUTST,0,,2022-12-09 16:32:00,,,
ISP BLOOMINGTON 33,2.02201E+11,MONROE,WASHINGTON,BLOOMINGTON,1,,1,0,0,,I-69-123-RAMP C,,,123,C,I-69-123-RAMP C,,,,,N,,0.0,,39.16323627268906,-86.52792647935284,INTERSTATE,,,,RURAL,N,N,N,,DAYLIGHT,CLOUDY,WET,,RAMP,,ASPHALT,FAILURE TO MAINTAIN LN,$5001 TO $10000,RAN OFF RD,I-69-123-RAMPC123C,0,,2022-12-06 07:30:00,,,
INDIANA UNIV BLOOMINGTON PD,224504,MONROE,BLOOMINGTON,BLOOMINGTON,2,,0,0,0,,N EAGLESON AVE,,,,,N EAGLESON AVE,,,,,Y,,0.0,,39.24911121992585,-86.53119391435368,PRIVATE DR,,,,URBAN,N,N,N,,DAWN/DUSK,CLOUDY,WET,,NO JUNCTION INVOLVED,,ASPHALT,IMPROPER TURNING,UNDER $1001,SAME DIRECTION SIDESWIPE,NEAGLESON AVEAVE,0,,2022-11-15 16:40:00,,,
ISP BLOOMINGTON 33,2.022E+11,MONROE,CLEAR CREEK,BLOOMINGTON,1,,0,0,1,,ST RD 37 5280' N OF ZIKES RD,,,,,ST RD 37 5280' N OF ZIKES RD,,,,,N,,0.0,,39.17561003301675,-86.58130436503848,ST RD,,,,RURAL,N,N,N,,DARK (NOT LIGHTED),CLEAR,DRY,,NO JUNCTION INVOLVED,,ASPHALT,ANIMAL/OBJECT IN RDWAY,$2501 TO $5000,COLLISION WITH DEER,ST RD 375280'NORTHOFZIKESRD,0,,2022-10-28 19:49:00,,,
INDIANA UNIV BLOOMINGTON PD,224872,MONROE,BLOOMINGTON,BLOOMINGTON,2,,0,0,0,,E 10TH ST,,,,,E 10TH ST,ST RD 45,,,,Y,,0.0,,39.193743133124535,-86.5712055651701,LOCAL/CITY RD,,,,RURAL,N,N,N,,DAYLIGHT,CLEAR,DRY,,FOUR-WAY INTERSECTION,,ASPHALT,UNSAFE SPEED,$2501 TO $5000,REAR END,STATERD45E 10THST,0,,2022-12-12 13:08:00,,,
ISP BLOOMINGTON 33,2.02201E+11,MONROE,PERRY,BLOOMINGTON,2,,0,0,0,,S ST RD 37,,,,,S ST RD 37,S ST RD 37,,,,N,,0.0,,39.15261782510404,-86.37113164733466,,,,,RURAL,N,N,N,,DARK (NOT LIGHTED),RAIN,WET,,FOUR-WAY INTERSECTION,,ASPHALT,UNSAFE SPEED,$10001 TO $25000,REAR END,SSTATERD37SOLDSTATERD37,0,,2022-12-31 18:30:00,,,
BLOOMINGTON PD,B22-44860,MONROE,PERRY,BLOOMINGTON,2,,0,0,0,,S CLARIZZ BLVD,,,,,S CLARIZZ BLVD,E MOORES PK,,,,Y,,0.0,,39.17166889293598,-86.5282781766439,LOCAL/CITY RD,,,,URBAN,N,N,N,,DAYLIGHT,CLEAR,DRY,,FOUR-WAY INTERSECTION,,ASPHALT,FAILURE TO YIELD RIGHT OF WAY,$10001 TO $25000,RIGHT ANGLE,SCLARIZZBLVDEMOORESPK,0,,2022-10-27 18:14:00,,,
MONROE SD,M22A30006,MONROE,BLOOMINGTON,BLOOMINGTON,2,,0,0,0,,S CURRY PK,,,,,S CURRY PK,W CONSTITUTION AVE,,,,Y,,0.0,,39.18621679069147,-86.53456237632234,LOCAL/CITY RD,,,,URBAN,N,N,N,,DAYLIGHT,CLOUDY,WET,,NO JUNCTION INVOLVED,,ASPHALT,IMPROPER LN USAGE,$1001 TO $2500,SAME DIRECTION SIDESWIPE,WCONSTITUTIONAVESCURRYPK,0,,2022-12-07 15:31:00,,,
BLOOMINGTON PD,B22-44962,MONROE,PERRY,BLOOMINGTON,2,,0,0,0,1175,S COLLEGE MALL RD,,,,,S COLLEGE MALL RD,,,,,Y,,0.0,,39.08360135773102,-86.57670901857337,PRIVATE DR,,,,URBAN,N,N,N,,DAYLIGHT,CLEAR,DRY,,NO JUNCTION INVOLVED,,ASPHALT,OTHER (DRIVER) - EXPLAIN IN NARRATIVE,$2501 TO $5000,SAME DIRECTION SIDESWIPE,SCOLLEGEMALLRD,0,,2022-10-28 10:56:00,,,
BLOOMINGTON PD,B22-45407,MONROE,PERRY,BLOOMINGTON,2,,1,0,0,,W 3RD ST,,,,,W 3RD ST,S WESTPLEX AVE,,,,N,,0.0,,39.237456865526546,-86.59281104791414,LOCAL/CITY RD,,,,URBAN,N,N,N,,DARK (NOT LIGHTED),RAIN,WET,,T-INTERSECTION,,ASPHALT,FAILURE TO YIELD RIGHT OF WAY,$2501 TO $5000,RIGHT ANGLE,WEST3RDSTSWESTPLEXAVE,0,,2022-10-30 19:20:00,,,
MONROE SD,M22A27051,MONROE,PERRY,BLOOMINGTON,1,,0,0,0,,S ROCKPORT RD,,,,,S ROCKPORT RD,COCKRELL RD,,,,N,,0.0,,39.1222,-86.56449,LOCAL/CITY RD,,,,RURAL,N,N,N,,DARK (NOT LIGHTED),CLEAR,DRY,,NO JUNCTION INVOLVED,,ASPHALT,FAILURE TO MAINTAIN LN,$5001 TO $10000,RAN OFF RD,SROCKPORTRDCOCKRELLRD,0,,2022-11-03 17:22:00,,,
MONROE SD,M22A27113,MONROE,RICHLAND,,2,,0,0,0,6013,W MERRY WAY LN,,,,,W MERRY WAY LN,,,,,N,,0.0,,39.14692112536551,-86.53889030406769,,,,,RURAL,N,N,N,,DAYLIGHT,CLEAR,DRY,,NO JUNCTION INVOLVED,,ASPHALT,OTHER (DRIVER) - EXPLAIN IN NARRATIVE,$1001 TO $2500,RIGHT ANGLE,WMERRYWAYLN,0,,2022-11-04 13:34:00,,,
BLOOMINGTON PD,B22-48532,MONROE,VAN BUREN,BLOOMINGTON,2,,3,0,0,,W 3RD ST,,,,,W 3RD ST,I-69 S ST RD 37,,,,Y,,0.0,,39.18287,-86.51335,LOCAL/CITY RD,,,,RURAL,N,N,N,,DAYLIGHT,CLEAR,DRY,,T-INTERSECTION,,CONCRETE,DISREGARD SIGNAL/REG SIGN,$5001 TO $10000,LEFT TURN,W 3RDSTI-69SST RD37,0,,2022-11-21 17:15:00,,,
BLOOMINGTON PD,B22-46183,MONROE,BLOOMINGTON,BLOOMINGTON,2,,0,0,0,,E 7TH ST,,,,,E 7TH ST,N LINCOLN ST,,,,Y,,0.0,,39.09041707829515,-86.6633965358304,LOCAL/CITY RD,,,,URBAN,N,N,N,,DAYLIGHT,CLEAR,DRY,,FOUR-WAY INTERSECTION,,ASPHALT,FAILURE TO YIELD RIGHT OF WAY,$5001 TO $10000,RIGHT ANGLE,N.LINCOLNSTE7THST,0,,2022-11-04 14:11:00,,,
BLOOMINGTON PD,B22-46248,MONROE,BLOOMINGTON,BLOOMINGTON,2,,0,0,0,,ST RD 46,,,,,ST RD 46,N KINSER PK,,,,Y,,400.0,,39.07086404427199,-86.53610146644702,ST RD,,,,URBAN,N,N,N,,DARK (NOT LIGHTED),CLEAR,DRY,,NO JUNCTION INVOLVED,,ASPHALT,FOLLOWING TOO CLOSELY,$1001 TO $2500,REAR END,STATERD46NKINSERPK,0,,2022-11-04 19:00:00,,,
BLOOMINGTON PD,B22-51712,MONROE,VAN BUREN,BLOOMINGTON,2,,0,0,0,2101,S LIBERTY DR,,,,,S LIBERTY DR,,,,,Y,,0.0,,39.13593528066351,-86.53113482991397,PRIVATE DR,,,,URBAN,N,N,N,,DAYLIGHT,CLEAR,DRY,,NO JUNCTION INVOLVED,,ASPHALT,UNSAFE BACKING,$2501 TO $5000,BACKING CRASH,SLIBERTYDR,0,,2022-12-13 13:52:00,,,
INDIANA UNIV BLOOMINGTON PD,224767,MONROE,BLOOMINGTON,BLOOMINGTON,2,,0,0,0,,ST RD 45,,,,,ST RD 45,,,,,Y,,845.0,,39.17164439523068,-86.5360840145263,ST RD,,,,URBAN,N,N,N,,DAWN/DUSK,FOG/SMOKE/SMOG,WET,,NO JUNCTION INVOLVED,,ASPHALT,FOLLOWING TOO CLOSELY,$2501 TO $5000,REAR END,STATERD45,0,,2022-12-06 07:40:00,,,
MONROE SD,M22A28867,MONROE,RICHLAND,,2,,0,0,0,,N BROOKWOOD DR,,,,,N BROOKWOOD DR,W RAINBOW CT,,,,N,,0.0,,39.16970998,-86.5760977,,,,,RURAL,N,N,N,,DARK (NOT LIGHTED),CLOUDY,WET,,NO JUNCTION INVOLVED,,ASPHALT,UNSAFE BACKING,$2501 TO $5000,BACKING CRASH,WRAINBOWCTNBROOKWOODDR,0,,2022-11-25 07:30:00,,,
BLOOMINGTON PD,B22-49149,MONROE,PERRY,BLOOMINGTON,2,,0,0,0,2894,E 3RD ST; DICKS SPORTING GOODS,,,,,E 3RD ST,,,,,Y,,0.0,,39.17307155810381,-86.4925132758205,PRIVATE DR,,,,URBAN,N,N,N,,DAYLIGHT,CLEAR,DRY,,NO JUNCTION INVOLVED,,ASPHALT,FAILURE TO YIELD RIGHT OF WAY,UNDER $1001,OTHER - EXPLAIN IN NARRATIVE,E 3RDST;DICKSSPORTINGGOODS,0,,2022-11-26 16:30:00,,,
BLOOMINGTON PD,B22-47975,MONROE,PERRY,BLOOMINGTON,3,,0,0,0,,E 3RD ST,,,,,E 3RD ST,S CLARIZZ BLVD,,,,Y,,0.0,,39.16090343133634,-86.49773871702679,LOCAL/CITY RD,,,,URBAN,N,N,N,,DAYLIGHT,CLEAR,DRY,,FOUR-WAY INTERSECTION,,ASPHALT,FOLLOWING TOO CLOSELY,$2501 TO $5000,REAR END,SCLARIZZBLVDE 3RDST,0,,2022-11-17 15:37:00,,,
BLOOMINGTON PD,B22-46072,MONROE,BLOOMINGTON,BLOOMINGTON,2,,0,0,0,,223 S PETE LLIS DR BLOOMINGTO,,,,,S PETE LLIS DR  47408,,,,,Y,,0.0,,39.15332944099153,-86.53374847345948,PRIVATE DR,,,,URBAN,N,N,N,,DAWN/DUSK,CLEAR,DRY,,NO JUNCTION INVOLVED,,ASPHALT,UNSAFE BACKING,$2501 TO $5000,BACKING CRASH,"223SPETEELLISDRBLOOMINGTON,IN47408",0,,2022-11-03 18:20:00,223.0,,
BLOOMINGTON PD,B22-45862,MONROE,BLOOMINGTON,BLOOMINGTON,2,,0,0,0,,N WOODBRIDGE DR,,,,,N WOODBRIDGE DR,E 10TH ST,,,,Y,,0.0,,39.18079949987537,-86.54410989501822,ST RD,,,,URBAN,N,N,N,,DAYLIGHT,CLEAR,DRY,,FOUR-WAY INTERSECTION,,ASPHALT,CELL PHONE USAGE,$5001 TO $10000,REAR END,NWOODBRIDGEDRE 10THST,0,,2022-11-02 14:41:00,,,
MONROE SD,M22A27733,MONROE,CLEAR CREEK,HARRODSBURG,2,,0,0,0,,W POPCORN RD,,,,,W POPCORN RD,S HARRODSBURG RD,,,,N,,0.0,,39.14446985555941,-86.52557097067005,LOCAL/CITY RD,,,,URBAN,N,N,N,,DAYLIGHT,CLEAR,DRY,,NO JUNCTION INVOLVED,,ASPHALT,OVERSIZE/OVERWEIGHT LOAD,$5001 TO $10000,OPPOSITE DIRECTION SIDESWIPE,WPOPCORNRDSHARRODSBURGRD,0,,2022-11-11 09:17:00,,,