Agency,Local Code,County,Township,City,Vehicles Involved,Trailers Involved,Number Injured,Number Dead,Number Deer,House Number,Roadway Name,Roadway Suffix,Roadway Number,Roadway Interchange,Roadway Ramp,Roadway Id,Intersecting Road,Intersecting Road Number,Mile Marker,Interchange,Corporate Limits?,Property Type,Feet From,Direction,Latitude,Longitude,Roadway Class,Traffic Control Devices?,Aggressive Driving?,Hit and Run?,Locality,School Zone?,Rumble Strips?,Construction?,Construction Type,Light Condition,Weather Conditions,Surface Condition,Type of Median,Roadway Junction Type,Road Character,Roadway Surface,Primary Factor,Damage Estimate,Manner of Collision,Unique Location Id,State Property Damage?,Traffic Control,DateTime,Address Number,Cyclist Involved,Pedestrian Involved
BLOOMINGTON PD,B22-47696,MONROE,BLOOMINGTON,BLOOMINGTON,2,,1,0,0,,ST RD 45/46 BYPASS,,,,,ST RD 45/46 BYPASS,N WALNUT ST,,,,Y,,158.0,,39.12028919034438,-86.5313502940204,ST RD,,,,URBAN,N,N,N,,DAYLIGHT,CLOUDY,DRY,,NO JUNCTION INVOLVED,,ASPHALT,FOLLOWING TOO CLOSELY,$5001 TO $10000,REAR END,STATERD45/46BYPASSNWALNUTST,0,,2022-11-15 16:43:00,,,
BLOOMINGTON PD,B22-50814,MONROE,PERRY,BLOOMINGTON,2,,0,0,0,3901,N KINSER PK; BLOOMINGTON HS,,,,,N KINSER PK,,,,,Y,,0.0,,39.16854537453132,-86.53698777951615,PRIVATE DR,,,,URBAN,N,N,N,,DAYLIGHT,CLEAR,DRY,,NO JUNCTION INVOLVED,,ASPHALT,FAILURE TO YIELD RIGHT OF WAY,$2501 TO $5000,SAME DIRECTION SIDESWIPE,NKINSERPK;BLOOMINGTONHSNORTHLOWERLOT,0,,2022-12-07 15:02:00,,,
BLOOMINGTON PD,B22-45313,MONROE,BLOOMINGTON,,1,,0,0,0,,E GILBERT ST,,,,,E GILBERT ST,N WALNUT ST,,,,Y,,0.0,,39.16556609387144,-86.5311035264074,LOCAL/CITY RD,,,,URBAN,N,N,N,,DARK (LIGHTED),CLEAR,DRY,,T-INTERSECTION,,ASPHALT,FOLLOWING TOO CLOSELY,$5001 TO $10000,REAR END,NWALNUTSTEGILBERTST,0,,2022-10-30 03:30:00,,,
BLOOMINGTON PD,B22-52983,MONROE,PERRY,BLOOMINGTON,2,,0,0,0,,1175 S COLLEGE MALL RD,,,,,S COLLEGE MALL RD,,,,,Y,,0.0,,39.16102240294401,-86.52268273413121,PRIVATE DR,,,,URBAN,N,N,N,,DAYLIGHT,CLOUDY,DRY,,NO JUNCTION INVOLVED,,ASPHALT,UNSAFE BACKING,$1001 TO $2500,BACKING CRASH,1175SCOLLEGEMALLRD,0,,2022-12-21 13:25:00,1175.0,,
BLOOMINGTON PD,B22-02716,MONROE,BLOOMINGTON,BLOOMINGTON,2,,0,0,0,,2300 N WALNUT ST,,,,,N WALNUT ST,,,,,Y,,0.0,,39.17053487978225,-86.4956352906687,LOCAL/CITY RD,,,,URBAN,N,N,N,,DAYLIGHT,CLEAR,DRY,,NO JUNCTION INVOLVED,,ASPHALT,UNSAFE BACKING,$2501 TO $5000,BACKING CRASH,2300N.WALNUTST,0,,2022-01-25 12:46:00,2300.0,,
MONROE SD,M22A713,MONROE,BLOOMINGTON,BLOOMINGTON,1,0.0,0,0,1,,BAYLES,RD,,,,BAYLES,N ST ST RD 37,,,,N,,,,39.13597,-86.53111,LOCAL/CITY RD,,N,N,URBAN,N,N,N,,DAYLIGHT,CLEAR,DRY,,T-INTERSECTION,STRAIGHT/LEVEL,ASPHALT,ANIMAL/OBJECT IN RDWAY,$5001 TO $10000,COLLISION WITH DEER,BAYLESRDNSTBUSINESS37RD,0,NONE,2022-01-10 12:43:00,,,
ISP BLOOMINGTON 33,2.022E+11,MONROE,BLOOMINGTON,BLOOMINGTON,2,,0,0,0,,I-69,,,,,I-69,,,123.0,,N,,0.0,,-6.7975260749024815e-06,-4.8060571529692615e-05,INTERSTATE,,,,RURAL,N,N,N,,DARK (NOT LIGHTED),RAIN,WET,,NO JUNCTION INVOLVED,,ASPHALT,UNSAFE LN MOVEMENT,$5001 TO $10000,SAME DIRECTION SIDESWIPE,I-69123,0,,2022-01-01 18:20:00,,,
INDIANA UNIV BLOOMINGTON PD,220188,MONROE,BLOOMINGTON,BLOOMINGTON,2,,0,0,0,,E 3RD ST,,,,,E 3RD ST,S EAGLESON AVE,,,,Y,,0.0,,39.22267010655568,-86.5793312863651,LOCAL/CITY RD,,,,URBAN,N,N,N,,DAYLIGHT,CLEAR,DRY,,FOUR-WAY INTERSECTION,,ASPHALT,UNSAFE LN MOVEMENT,$5001 TO $10000,SAME DIRECTION SIDESWIPE,SEAGLESON AVEAVEE 3RDST,0,,2022-01-20 17:35:00,,,
MONROE SD,M22A109,MONROE,CLEAR CREEK,BLOOMINGTON,2,0.0,0,0,0,9592,S LAKE RIDGE,DR,,,,S LAKE RIDGE,,,,,N,,,,39.16421167448467,-86.51504350142591,OTHER,,N,N,RURAL,N,N,N,,DARK (NOT LIGHTED),CLEAR,DRY,,NO JUNCTION INVOLVED,NON-RDWAY CRASH,ASPHALT,UNSAFE BACKING,$1001 TO $2500,BACKING CRASH,SLAKERIDGEDR,0,NONE,2022-01-02 21:45:00,,,
BLOOMINGTON PD,B22-02146,MONROE,BLOOMINGTON,BLOOMINGTON,1,,1,0,0,,"1710 N KINSER PK BLOOMINGTON,",,,,,N KINSER PK ,,,,,Y,,0.0,,39.14105268259796,-86.55753558535274,LOCAL/CITY RD,,,,URBAN,N,N,N,,DAYLIGHT,CLEAR,DRY,,NO JUNCTION INVOLVED,,ASPHALT,DRIVER DISTRACTED - EXPLAIN IN NARRATIVE,$2501 TO $5000,OTHER - EXPLAIN IN NARRATIVE,"1710NKINSERPKBLOOMINGTON,IN",0,,2022-01-19 00:00:00,1710.0,,
BLOOMINGTON PD,B22-02398,MONROE,BLOOMINGTON,BLOOMINGTON,2,,0,0,0,,E 3RD ST,,,,,E 3RD ST,S CLARIZZ BLVD,,,,Y,,0.0,,39.178921988252235,-86.53349785658062,LOCAL/CITY RD,,,,URBAN,N,N,N,,DAYLIGHT,CLEAR,DRY,,NO JUNCTION INVOLVED,,ASPHALT,UNSAFE BACKING,$1001 TO $2500,BACKING CRASH,SCLARIZZBLVDE 3RDST,0,,2022-01-22 16:45:00,,,
INDIANA UNIV BLOOMINGTON PD,220030,MONROE,BLOOMINGTON,BLOOMINGTON,2,,0,0,0,744,E 3RD ST,,,,,E 3RD ST,,,,,Y,,0.0,,39.136807074478554,-86.58263171294128,,,,,URBAN,N,N,N,,DAYLIGHT,CLEAR,DRY,,NO JUNCTION INVOLVED,,ASPHALT,UNSAFE BACKING,UNDER $1001,BACKING CRASH,E 3RDST,0,,2022-01-05 16:55:00,,,
MONROE SD,M22A1682,MONROE,RICHLAND,ELLETTSVILLE,1,,0,0,0,,W MCNEELY ST,,,,,W MCNEELY ST,N LIMESTONE DR,,,,N,,0.0,,39.16264976,-86.49149523,COUNTY RD,,,,RURAL,N,N,N,,DAYLIGHT,CLEAR,WET,,T-INTERSECTION,,ASPHALT,IMPROPER TURNING,$1001 TO $2500,LEFT TURN,WMCNEELYSTNLIMESTONEDR,0,,2022-01-23 14:00:00,,,
BLOOMINGTON PD,B22-02362,MONROE,,BLOOMINGTON,2,,1,0,0,,N COLLEGE AVE,,,,,N COLLEGE AVE,W 7TH ST,,,,Y,,0.0,,39.215730114899635,-86.59479965816305,LOCAL/CITY RD,,,,URBAN,N,N,N,,DAYLIGHT,CLEAR,DRY,,FOUR-WAY INTERSECTION,,ASPHALT,IMPROPER LN USAGE,$2501 TO $5000,SAME DIRECTION SIDESWIPE,W.7THSTN.COLLEGEAVE,0,,2022-01-22 08:15:00,,,
BLOOMINGTON PD,B22-01165,MONROE,PERRY,BLOOMINGTON,1,,1,0,0,,S COLLEGE MALL RD,,,,,S COLLEGE MALL RD,,,,,Y,,0.0,,39.171617525633465,-86.502180899471,,,,,URBAN,N,N,N,,DAYLIGHT,CLEAR,DRY,,T-INTERSECTION,,ASPHALT,HOLES/RUTS IN SURFACE,$5001 TO $10000,OTHER - EXPLAIN IN NARRATIVE,SCOLLEGEMALLRD,0,,2022-01-11 16:54:00,,,
ISP BLOOMINGTON 33,2.022E+11,MONROE,VAN BUREN,BLOOMINGTON,2,,0,0,0,,S LEONARD SPRINGS RD,,,,,S LEONARD SPRINGS RD,W TAPP RD,,,,Y,,0.0,,39.18802135685422,-86.53785855585147,LOCAL/CITY RD,,,,URBAN,N,N,N,,DAYLIGHT,SNOW,SNOW/SLUSH,,T-INTERSECTION,,ASPHALT,FOLLOWING TOO CLOSELY,$5001 TO $10000,REAR END,WTAPPRDSLEONARDSPRINGSRD,0,,2022-01-28 13:10:00,,,
MONROE SD,M22A1271,MONROE,PERRY,BLOOMINGTON,2,,0,0,0,752,E HOLLAND DR,,,,,E HOLLAND DR,,,,,Y,,0.0,,39.177680585240836,-86.53773231805103,LOCAL/CITY RD,,,,URBAN,N,N,N,,DARK (NOT LIGHTED),CLEAR,SNOW/SLUSH,,NO JUNCTION INVOLVED,,ASPHALT,OTHER (DRIVER) - EXPLAIN IN NARRATIVE,$1001 TO $2500,LEFT/RIGHT TURN,EHOLLANDDR,0,,2022-01-17 19:44:00,,,
MONROE SD,M22A1098,MONROE,BENTON,BLOOMINGTON,1,,0,0,0,,N MT GILEAD TD,,,,,N MT GILEAD TD,N GETTY'S CREEK RD,,,,N,,1000.0,,39.17914426364666,-86.54744268529946,LOCAL/CITY RD,,,,RURAL,N,N,N,,DAYLIGHT,SNOW,ICE,,NO JUNCTION INVOLVED,,ASPHALT,RDWAY SURFACE CONDITION,$1001 TO $2500,RAN OFF RD,NMTGILEADTDNGETTY'SCREEKRD,0,,2022-01-15 08:29:00,,,
INDIANA UNIV BLOOMINGTON PD,220231,MONROE,BLOOMINGTON,BLOOMINGTON,2,,0,0,0,,E ATWATER AVE,,,,,E ATWATER AVE,S HAWTHORNE DR,,,,N,,0.0,,39.226138159364524,-86.54680735197671,LOCAL/CITY RD,,,,URBAN,N,N,N,,DAYLIGHT,CLOUDY,DRY,,FOUR-WAY INTERSECTION,,ASPHALT,FAILURE TO YIELD RIGHT OF WAY,$1001 TO $2500,RIGHT ANGLE,SHAWTHORNEDREATWATERAVE,0,,2022-01-23 12:15:00,,,
INDIANA UNIV BLOOMINGTON PD,220173,MONROE,BLOOMINGTON,BLOOMINGTON,2,,2,0,0,,E 10TH ST,,,,,E 10TH ST,N FEE LN,,,,Y,,0.0,,39.18365316732201,-86.55008633648404,LOCAL/CITY RD,,,,URBAN,N,N,N,,DAYLIGHT,CLOUDY,DRY,,T-INTERSECTION,,ASPHALT,FOLLOWING TOO CLOSELY,$5001 TO $10000,REAR END,NFEELNE 10THST,0,,2022-01-19 13:40:00,,,
MONROE SD,M22A1243,MONROE,CLEAR CREEK,,1,,1,0,0,,S ROGERS ST,,,,,S ROGERS ST,WALLACE CT,,,,N,,0.0,,39.16456,-86.57018,LOCAL/CITY RD,,,,URBAN,N,N,N,,DAYLIGHT,CLOUDY,ICE,,T-INTERSECTION,,ASPHALT,RDWAY SURFACE CONDITION,$5001 TO $10000,RAN OFF RD,WALLACECTSROGERSST,0,,2022-01-17 13:30:00,,,
INDIANA UNIV BLOOMINGTON PD,220247,MONROE,BLOOMINGTON,BLOOMINGTON,2,,0,0,0,,ST RD 45,,,,,ST RD 45,E 10TH ST,,,,Y,,0.0,,39.14673026822934,-86.57449197936063,ST RD,,,,URBAN,N,N,N,,DAYLIGHT,RAIN,WET,,FOUR-WAY INTERSECTION,,ASPHALT,FOLLOWING TOO CLOSELY,$1001 TO $2500,REAR END,STATERD45E 10THST,0,,2022-01-24 15:20:00,,,
MONROE SD,M22A1016,MONROE,PERRY,BLOOMINGTON,1,,0,0,0,,S FAIRFAX RD,,,,,S FAIRFAX RD,S FAIRFAX RD,,,,N,,0.0,,39.164241813712046,-86.52104292978795,LOCAL/CITY RD,,,,URBAN,N,N,N,,DARK (NOT LIGHTED),CLEAR,DRY,,NO JUNCTION INVOLVED,,ASPHALT,UNSAFE LN MOVEMENT,$5001 TO $10000,RAN OFF RD,SFAIRFAXRDSFAIRFAXRD,0,,2022-01-14 02:01:00,,,
BLOOMINGTON PD,B22-02104,MONROE,RICHLAND,BLOOMINGTON,1,,0,0,0,,I-69 S,,,,,I-69 S,,,119.0,,Y,,0.0,,39.163001023692075,-86.51772899094462,INTERSTATE,,,,RURAL,N,Y,N,,DARK (NOT LIGHTED),CLEAR,DRY,,NO JUNCTION INVOLVED,,ASPHALT,DRIVER ASLEEP OR FATIGUED,$2501 TO $5000,OTHER - EXPLAIN IN NARRATIVE,I-69SOUTHBOUND119,0,,2022-01-20 04:00:00,,,
MONROE SD,M22A2029,MONROE,VAN BUREN,BLOOMINGTON,2,,0,0,0,,W TAPP RD,,,,,W TAPP RD,S DANNY RD,,,,N,,400.0,,39.13597,-86.53111,COUNTY RD,,,,RURAL,N,N,N,,DAYLIGHT,CLOUDY,WET,,TRAFFIC CIRCLE/ROUNDABOUT,,ASPHALT,FAILURE TO MAINTAIN LN,$5001 TO $10000,SAME DIRECTION SIDESWIPE,WESTTAPPRDSOUTHDANNYRD,0,,2022-01-27 11:30:00,,,
MONROE SD,M22A233,MONROE,BEAN BLOSSOM,BLOOMINGTON,2,0.0,1,0,0,,N MT TABOR,RD,,,,N MT TABOR,W COWDEN,,,,N,,1000.0,S,39.23528863,-86.54168939,LOCAL/CITY RD,,N,N,RURAL,N,N,N,,DAYLIGHT,CLEAR,DRY,,NO JUNCTION INVOLVED,STRAIGHT/HILLCREST,ASPHALT,UNSAFE SPEED,$25001 TO $50000,RIGHT ANGLE,NMTTABORRDWCOWDENRD,0,NONE,2022-01-04 11:15:00,,,
INDIANA UNIV BLOOMINGTON PD,220060,MONROE,BLOOMINGTON,BLOOMINGTON,2,,0,0,0,1600,E 10TH ST,,,,,E 10TH ST,,,,,Y,,0.0,,39.16969253056567,-86.51655124614201,LOCAL/CITY RD,,,,URBAN,N,N,N,,DAYLIGHT,CLOUDY,DRY,,NO JUNCTION INVOLVED,,ASPHALT,OTHER (DRIVER) - EXPLAIN IN NARRATIVE,$1001 TO $2500,BACKING CRASH,E 10THST,0,,2022-01-10 09:23:00,,,
BLOOMINGTON PD,B22-02345,MONROE,BLOOMINGTON,BLOOMINGTON,2,,0,0,0,,N WALNUT ST,,,,,N WALNUT ST,W 8TH ST,,,,N,,0.0,,39.011065601651204,-86.53745780098171,,,,,URBAN,N,N,N,,DARK (LIGHTED),CLEAR,DRY,,FOUR-WAY INTERSECTION,,ASPHALT,UNSAFE LN MOVEMENT,$1001 TO $2500,RIGHT TURN,W8THSTNWALNUTST,0,,2022-01-22 02:25:00,,,
MONROE SD,M22A2058,MONROE,BLOOMINGTON,BLOOMINGTON,1,,0,0,0,,E ROBINSON RD,,,,,E ROBINSON RD,N HUDOFF RD,,,,Y,,0.0,,39.17162,-86.50215,LOCAL/CITY RD,,,,RURAL,N,N,N,,DAYLIGHT,CLOUDY,DRY,,T-INTERSECTION,,ASPHALT,UNSAFE SPEED,$1001 TO $2500,RAN OFF RD,NHUDOFFRDEROBINSONRD,0,,2022-01-27 15:23:00,,,
BLOOMINGTON PD,B22-01164,MONROE,PERRY,BLOOMINGTON,3,,2,0,0,,1199 S COLLEGE MALL RD,,,,,S COLLEGE MALL RD,,,,,Y,,0.0,,39.08522193558158,-86.54274136123487,LOCAL/CITY RD,,,,URBAN,N,N,N,,DAWN/DUSK,CLEAR,DRY,,FOUR-WAY INTERSECTION,,ASPHALT,DRIVER ILLNESS,$5001 TO $10000,HEAD ON BETWEEN TWO MOTOR VEHICLES,1199SCOLLEGEMALLRD,0,,2022-01-11 16:51:00,1199.0,,
MONROE SD,M22A574,MONROE,VAN BUREN,BLOOMINGTON,2,0.0,0,0,0,3585,W ST RD 45,RD,,,,W ST RD 45,,,,,N,,,,39.15030815772833,-86.4913422908552,OTHER,,N,N,RURAL,N,N,N,,DAYLIGHT,CLOUDY,DRY,,T-INTERSECTION,CURVE/GRADE,ASPHALT,FOLLOWING TOO CLOSELY,$1001 TO $2500,REAR END,WESTSTATERD45RD,0,YIELD SIGN,2022-01-08 12:45:00,,,
MONROE SD,M22A1033,MONROE,RICHLAND,BLOOMINGTON,1,0.0,0,0,0,3585,W ST RD 46,RD,,,,W ST RD 46,,,,,N,,,,39.15122094714055,-86.5826131488835,OTHER,,N,N,RURAL,N,N,N,,DAYLIGHT,CLEAR,DRY,,NO JUNCTION INVOLVED,STRAIGHT/LEVEL,ASPHALT,OTHER (DRIVER) - EXPLAIN IN NARRATIVE,$25001 TO $50000,OTHER - EXPLAIN IN NARRATIVE,WSTATE46RD,0,NONE,2022-01-14 10:10:00,,,
BLOOMINGTON PD,B22-00055,MONROE,PERRY,BLOOMINGTON,3,,0,0,0,,S LEONARD SPRINGS RD,,,,,S LEONARD SPRINGS RD,W SIMS LN,,,,Y,,0.0,,39.154066324394094,-86.49762395551701,LOCAL/CITY RD,,,,URBAN,N,N,N,,DAYLIGHT,RAIN,WET,,INTERCHANGE,,ASPHALT,FOLLOWING TOO CLOSELY,$5001 TO $10000,REAR END,WSIMSLNSLEONARDSPRINGSRD,0,,2022-01-01 14:52:00,,,
DNR LAW ENFORCEMENT,06-22-02512,MONROE,BLOOMINGTON,BLOOMINGTON,1,,0,0,0,,I-69,,,,,I-69,,,,,N,,1267.0,,39.164375119797164,-86.55393071694327,,,,,URBAN,N,N,N,,DARK (NOT LIGHTED),RAIN,WET,,NO JUNCTION INVOLVED,,ASPHALT,RDWAY SURFACE CONDITION,$5001 TO $10000,,I-69,0,,2022-09-11 14:10:00,,,
BLOOMINGTON PD,B22-11727,MONROE,PERRY,BLOOMINGTON,2,,0,0,0,,E MOORES PK,,,,,E MOORES PK,S COLLEGE MALL RD,,,,Y,,0.0,,39.10157686054363,-86.577025772075,LOCAL/CITY RD,,,,URBAN,N,N,N,,DAYLIGHT,CLEAR,DRY,,FOUR-WAY INTERSECTION,,ASPHALT,DISREGARD SIGNAL/REG SIGN,$2501 TO $5000,RIGHT ANGLE,SCOLLEGEMALLRDEMOORESPK,0,,2022-04-05 15:17:00,,,
ISP BLOOMINGTON 33,2.022E+11,MONROE,BLOOMINGTON,BLOOMINGTON,1,,1,0,0,,I-69,,,,,I-69,,,128.0,,N,,500.0,,39.20504689197079,-86.58104788435189,INTERSTATE,,,,RURAL,N,N,N,,DAYLIGHT,RAIN,WET,,NO JUNCTION INVOLVED,,ASPHALT,FAILURE TO MAINTAIN LN,$50001 TO $100000,RAN OFF RD,I-69128,0,,2022-04-13 19:00:00,,,
BLOOMINGTON PD,B22-21365,MONROE,BLOOMINGTON,BLOOMINGTON,1,,0,0,0,,N COLLEGE AVE,,,,,N COLLEGE AVE,W 10TH ST,,,,N,,0.0,,39.16452508132772,-86.57328410532192,LOCAL/CITY RD,,,,URBAN,N,N,N,,DAYLIGHT,CLEAR,DRY,,FOUR-WAY INTERSECTION,,ASPHALT,OVERCORRECTING/OVERSTEERING,UNDER $1001,OTHER - EXPLAIN IN NARRATIVE,W10THSTNCOLLEGEAVE,0,,2022-06-08 16:01:00,,,
MONROE SD,M22A12301,MONROE,BLOOMINGTON,BLOOMINGTON,1,,0,0,0,,I-69,,,,,I-69,,,,,N,,370.0,,39.16850404424881,-86.53105987323961,INTERSTATE,,,,RURAL,N,N,N,,DARK (NOT LIGHTED),RAIN,WET,,NO JUNCTION INVOLVED,,ASPHALT,ANIMAL/OBJECT IN RDWAY,$2501 TO $5000,COLLISION WITH OBJECT IN RD,I-69,0,,2022-05-27 05:50:00,,,
BLOOMINGTON PD,B22-24521,MONROE,BLOOMINGTON,BLOOMINGTON,2,,0,0,0,215,S WALNUT ST,,,,,S WALNUT ST,,,,,Y,,0.0,,39.186408747299176,-86.53773107395877,PRIVATE DR,,,,URBAN,N,N,N,,DAYLIGHT,CLEAR,DRY,,NO JUNCTION INVOLVED,,ASPHALT,FAILURE TO YIELD RIGHT OF WAY,$1001 TO $2500,OTHER - EXPLAIN IN NARRATIVE,SWALNUTST,0,,2022-06-29 13:00:00,,,
BLOOMINGTON PD,B22-34629,MONROE,BLOOMINGTON,BLOOMINGTON,2,,0,0,0,,W 3RD ST,,,,,W 3RD ST,S MADISON ST,,,,Y,,0.0,,39.14664363633989,-86.57674262366606,LOCAL/CITY RD,,,,URBAN,N,N,N,,DAYLIGHT,CLEAR,DRY,,FOUR-WAY INTERSECTION,,ASPHALT,OTHER (DRIVER) - EXPLAIN IN NARRATIVE,$5001 TO $10000,RIGHT ANGLE,W 3RDSTSMADISONST,0,,2022-08-31 11:46:00,,,
ISP BLOOMINGTON 33,2.022E+11,MONROE,BLOOMINGTON,BLOOMINGTON,2,,0,0,0,,ST RD 45,,,,,ST RD 45,N WALNUT ST,,,,Y,,600.0,,39.17332856884384,-86.50329288299889,ST RD,,,,URBAN,N,N,N,,DAYLIGHT,CLOUDY,WET,,NO JUNCTION INVOLVED,,ASPHALT,SPEED TOO FAST FOR WEATHER CONDITIONS,$5001 TO $10000,REAR END,ST RD 45NWALNUTST,0,,2022-02-24 10:40:00,,,
MONROE SD,M22A22846,MONROE,INDIAN CREEK,BLOOMINGTON,2,,1,0,0,,S HARMONY RD,,,,,S HARMONY RD,S ROCKPORT RD,,,,N,,0.0,,39.20991752891214,-86.60090329696921,LOCAL/CITY RD,,,,RURAL,N,N,N,,DAYLIGHT,CLEAR,DRY,,T-INTERSECTION,,ASPHALT,FAILURE TO YIELD RIGHT OF WAY,$10001 TO $25000,RIGHT ANGLE,SROCKPORTRDSHARMONYRD,0,,2022-09-16 17:40:00,,,
BLOOMINGTON PD,B22-03979,MONROE,BLOOMINGTON,BLOOMINGTON,2,,0,0,0,,N INDIANA AVE,,,,,N INDIANA AVE,E 13TH ST,,,,N,,0.0,,39.16041974014514,-86.49644587538486,LOCAL/CITY RD,,,,URBAN,N,N,N,,DAYLIGHT,CLEAR,DRY,,FOUR-WAY INTERSECTION,,ASPHALT,FAILURE TO YIELD RIGHT OF WAY,$2501 TO $5000,RIGHT ANGLE,NINDIANAAVEE13THST,0,,2022-02-05 16:01:00,,,
BLOOMINGTON PD,B22-35288,MONROE,BLOOMINGTON,BLOOMINGTON,2,,1,0,0,,ST RD 46,,,,,ST RD 46,N KINSER PK,,,,Y,,0.0,,39.1641730728515,-86.49085252610001,ST RD,,,,URBAN,N,N,N,,DARK (NOT LIGHTED),RAIN,WET,,FOUR-WAY INTERSECTION,,ASPHALT,FAILURE TO YIELD RIGHT OF WAY,$2501 TO $5000,RIGHT ANGLE,STATERD46NKINSERPK,0,,2022-09-03 21:40:00,,,
ISP BLOOMINGTON 33,2.022E+11,MONROE,VAN BUREN,BLOOMINGTON,2,,0,0,0,,W ST RD 45,,,,,W ST RD 45,INDUSTRIAL BLVD,,,,Y,,0.0,,,,ST RD,,,,URBAN,N,N,N,,DAYLIGHT,RAIN,WATER (STANDING OR MOVING),,FOUR-WAY INTERSECTION,,ASPHALT,FAILURE TO YIELD RIGHT OF WAY,$5001 TO $10000,LEFT TURN,WSTATERD45INDUSTRIALBLVD,0,,2022-05-19 18:00:00,,,
INDIANA UNIV BLOOMINGTON PD,222023,MONROE,BLOOMINGTON,BLOOMINGTON,2,,0,0,0,,E 6TH ST,,,,,E 6TH ST,N DUNN ST,,,,Y,,0.0,,39.17151486842604,-86.49091459413042,PRIVATE DR,,,,URBAN,N,N,N,,DAYLIGHT,CLEAR,DRY,,NO JUNCTION INVOLVED,,ASPHALT,UNSAFE BACKING,UNDER $1001,BACKING CRASH,NDUNNSTE6THST,0,,2022-06-01 11:52:00,,,
BLOOMINGTON PD,B22-13698,MONROE,BLOOMINGTON,BLOOMINGTON,2,,1,0,0,,N PETE LLIS DR,,,,,N PETE LLIS DR,E 10TH ST,,,,Y,,0.0,,39.012033007932374,-86.54507105548548,LOCAL/CITY RD,,,,URBAN,N,N,N,,DAYLIGHT,CLEAR,DRY,,FOUR-WAY INTERSECTION,,ASPHALT,FOLLOWING TOO CLOSELY,UNDER $1001,REAR END,NPETEELLISDRE 10THST,0,,2022-04-19 16:10:00,,,
BLOOMINGTON PD,B22-18264,MONROE,BLOOMINGTON,BLOOMINGTON,2,,0,0,0,,ST RD 46,,,,,ST RD 46,N KINSER PK,,,,Y,,0.0,,39.186206822915395,-86.53456465250923,LOCAL/CITY RD,,,,URBAN,N,N,N,,DAYLIGHT,RAIN,WET,,FOUR-WAY INTERSECTION,,ASPHALT,UNSAFE BACKING,UNDER $1001,BACKING CRASH,ST RD 46NKINSERPK,0,,2022-05-18 18:10:00,,,
MONROE SD,M22A24530,MONROE,PERRY,BLOOMINGTON,2,,0,0,0,,S FAIRFAX RD,,,,,S FAIRFAX RD,E SCHACHT RD,,,,N,,0.0,,39.20156385338541,-86.55068808942777,LOCAL/CITY RD,,,,RURAL,N,N,N,,DAYLIGHT,RAIN,WET,,T-INTERSECTION,,ASPHALT,OTHER (ENVIRONMENTAL) - EXPLAIN IN NARR,$1001 TO $2500,REAR END,SFAIRFAXRDESCHACHTRD,0,,2022-10-06 09:36:00,,,
BLOOMINGTON PD,B22-38217,MONROE,PERRY,BLOOMINGTON,4,,1,0,0,,S COLLEGE MALL RD,,,,,S COLLEGE MALL RD,E 2ND ST,,,,Y,,370.0,,39.18933160348713,-86.53352308927126,LOCAL/CITY RD,,,,URBAN,N,N,N,,DAYLIGHT,CLEAR,DRY,,NO JUNCTION INVOLVED,,ASPHALT,FOLLOWING TOO CLOSELY,$10001 TO $25000,REAR END,SCOLLEGEMALLRDE 2NDST,0,,2022-09-21 13:00:00,,,
BLOOMINGTON PD,B22-41669,MONROE,VAN BUREN,BLOOMINGTON,2,,1,0,0,,W ST RD 45,,,,,W ST RD 45,S HICKORY LEAF DR,,,,Y,,0.0,,39.15401105995425,-86.49581157106965,LOCAL/CITY RD,,,,URBAN,N,N,N,,DAYLIGHT,CLEAR,DRY,,NO JUNCTION INVOLVED,,ASPHALT,FOLLOWING TOO CLOSELY,$1001 TO $2500,REAR END,WSTATERD45SHICKORYLEAFDR,0,,2022-10-09 15:50:00,,,
BLOOMINGTON PD,B22-17425,MONROE,BLOOMINGTON,BLOOMINGTON,2,,1,0,0,,W 3RD ST,,,,,W 3RD ST,S CORY LN,,,,Y,,0.0,,-2.6582723703980604e-05,-4.311385871301221e-05,LOCAL/CITY RD,,,,URBAN,N,N,N,,DAYLIGHT,CLEAR,DRY,,FOUR-WAY INTERSECTION,,ASPHALT,DISREGARD SIGNAL/REG SIGN,$5001 TO $10000,RIGHT ANGLE,W 3RDSTSCORYLN,0,,2022-05-12 16:42:00,,,
BLOOMINGTON PD,B22-18238,MONROE,BLOOMINGTON,BLOOMINGTON,2,,0,0,0,,W 3RD ST,,,,,W 3RD ST,S ROGERS ST,,,,N,,0.0,,39.21541447228441,-86.5370185993295,LOCAL/CITY RD,,,,URBAN,N,N,N,,DAYLIGHT,RAIN,WET,,FOUR-WAY INTERSECTION,,ASPHALT,FOLLOWING TOO CLOSELY,$1001 TO $2500,REAR END,W 3RDSTSROGERSST,0,,2022-05-18 16:07:00,,,