Agency,Local Code,County,Township,City,Vehicles Involved,Trailers Involved,Number Injured,Number Dead,Number Deer,House Number,Roadway Name,Roadway Suffix,Roadway Number,Roadway Interchange,Roadway Ramp,Roadway Id,Intersecting Road,Intersecting Road Number,Mile Marker,Interchange,Corporate Limits?,Property Type,Feet From,Direction,Latitude,Longitude,Roadway Class,Traffic Control Devices?,Aggressive Driving?,Hit and Run?,Locality,School Zone?,Rumble Strips?,Construction?,Construction Type,Light Condition,Weather Conditions,Surface Condition,Type of Median,Roadway Junction Type,Road Character,Roadway Surface,Primary Factor,Damage Estimate,Manner of Collision,Unique Location Id,State Property Damage?,Traffic Control,DateTime,Address Number,Cyclist Involved,Pedestrian Involved
MONROE SD,M22A13650,MONROE,BLOOMINGTON,BLOOMINGTON,1,,0,0,1,,W ARLINGTON RD,,,,,W ARLINGTON RD,N PROW,,,,N,,0.0,,39.16466621,-86.49677534,LOCAL/CITY RD,,,,RURAL,N,N,N,,DAYLIGHT,CLEAR,DRY,,NO JUNCTION INVOLVED,,ASPHALT,ANIMAL/OBJECT IN RDWAY,$2501 TO $5000,COLLISION WITH DEER,WARLINGTONRDNPROW,0,,2022-06-10 11:17:00,,,
BLOOMINGTON PD,B22-26697,MONROE,PERRY,BLOOMINGTON,2,,2,0,0,,W BLOOMFIELD RD,,,99,B,W BLOOMFIELD RD,,,,,Y,,0.0,,39.16849993297761,-86.5282730584783,LOCAL/CITY RD,,,,URBAN,N,N,N,,DAYLIGHT,CLEAR,DRY,,T-INTERSECTION,,ASPHALT,DISREGARD SIGNAL/REG SIGN,$5001 TO $10000,RIGHT ANGLE,WBLOOMFIELDRD099B,0,,2022-07-13 09:00:00,,,
BLOOMINGTON PD,B22-03571,MONROE,PERRY,BLOOMINGTON,2,,0,0,0,,PINEHURST DR,,,,,PINEHURST DR,W TAPP RD,,,,N,,0.0,,39.16066419413356,-86.58378816471868,LOCAL/CITY RD,,,,URBAN,N,N,N,,DAYLIGHT,CLEAR,DRY,,T-INTERSECTION,,ASPHALT,FOLLOWING TOO CLOSELY,$1001 TO $2500,REAR END,WTAPPRDPINEHURSTDR,0,,2022-02-01 16:15:00,,,
BLOOMINGTON PD,B22-05427,MONROE,PERRY,BLOOMINGTON,1,,0,0,1,,4000 E MOORES PK,,,,,E MOORES PK,S ST RD 446,,,,Y,,2000.0,,39.15563977489039,-86.57000635101666,LOCAL/CITY RD,,,,URBAN,N,N,N,,DARK (NOT LIGHTED),CLEAR,DRY,,NO JUNCTION INVOLVED,,ASPHALT,ANIMAL/OBJECT IN RDWAY,$2501 TO $5000,COLLISION WITH DEER,SST RD 4464000BLKEMOORESPK,0,,2022-02-18 05:50:00,4000.0,,
MONROE SD,M22A2183,MONROE,CLEAR CREEK,BLOOMINGTON,1,,0,0,0,,S SOCIETY LN,,,,,S SOCIETY LN,E SMITHVILLE RD,,,,N,,0.0,,39.18632788018377,-86.53453953289713,LOCAL/CITY RD,,,,RURAL,N,N,N,,DAYLIGHT,SNOW,SNOW/SLUSH,,T-INTERSECTION,,ASPHALT,SPEED TOO FAST FOR WEATHER CONDITIONS,$10001 TO $25000,RAN OFF RD,SSOCIETYLNESMITHVILLERD,0,,2022-01-28 14:34:00,,,
INDIANA UNIV BLOOMINGTON PD,222204,MONROE,BLOOMINGTON,BLOOMINGTON,1,,0,0,0,,N DUNN ST,,,,,N DUNN ST,E 6TH ST,,,,Y,,0.0,,39.22763416307203,-86.61594566320308,PRIVATE DR,,,,URBAN,N,N,N,,UNKNOWN,CLEAR,DRY,,NO JUNCTION INVOLVED,,ASPHALT,OTHER (DRIVER) - EXPLAIN IN NARRATIVE,$5001 TO $10000,OTHER - EXPLAIN IN NARRATIVE,NDUNNSTE6THST,0,,2022-06-21 07:30:00,,,
MONROE SD,M22A2806,MONROE,RICHLAND,BLOOMINGTON,1,,1,0,0,,W 3RD ST,,,,,W 3RD ST,SHERWOOD DR,,,,N,,739.0,,39.18636,-86.53386,ST RD,,,,RURAL,N,N,N,,DARK (NOT LIGHTED),CLEAR,DRY,,NO JUNCTION INVOLVED,,ASPHALT,PEDESTRIAN ACTION,$2501 TO $5000,OTHER - EXPLAIN IN NARRATIVE,W 3RDSTSHERWOODDR,1,,2022-02-05 18:47:00,,,True
MONROE SD,M22A10426,MONROE,VAN BUREN,BLOOMINGTON,1,,0,0,0,,ST RD 48,,,,,ST RD 48,ST RD 43,,,,N,,2500.0,,39.14252481,-86.57880112,ST RD,,,,RURAL,N,N,N,,DAYLIGHT,CLOUDY,DRY,,NO JUNCTION INVOLVED,,ASPHALT,FAILURE TO MAINTAIN LN,$5001 TO $10000,RAN OFF RD,STATERD43STATERD48,0,,2022-05-07 11:50:00,,,
MONROE SD,M22A14333,MONROE,PERRY,BLOOMINGTON,1,,0,0,0,,E SCHACHT RD,,,,,E SCHACHT RD,,,,,N,,0.0,,39.07766931042153,-86.51140022636524,LOCAL/CITY RD,,,,RURAL,N,N,N,,DAYLIGHT,CLEAR,DRY,,NO JUNCTION INVOLVED,,ASPHALT,DRIVER DISTRACTED - EXPLAIN IN NARRATIVE,$2501 TO $5000,RAN OFF RD,ESCHACHTRD,0,,2022-06-17 17:28:00,,,
MONROE SD,M22A17785,MONROE,CLEAR CREEK,BLOOMINGTON,2,,0,0,0,,N BUTCHER RD,,,,,N BUTCHER RD,N BUTCHER RD,,,,N,,0.0,,39.11237464,-86.5311189,ST RD,,,,URBAN,N,N,N,,DAYLIGHT,CLEAR,DRY,,FIVE POINT OR MORE,,ASPHALT,DISREGARD SIGNAL/REG SIGN,$5001 TO $10000,OTHER - EXPLAIN IN NARRATIVE,NBUTCHERRDNBUTCHERRD,0,,2022-07-23 11:12:00,,,
MONROE SD,M22A20672,MONROE,INDIAN CREEK,BLOOMINGTON,2,,0,0,0,,I-69 S,,,,,I-69 S,,,69.0,,N,,0.0,,39.125986569047924,-86.57258615854785,INTERSTATE,,,,RURAL,N,N,N,,DARK (NOT LIGHTED),CLEAR,DRY,,NO JUNCTION INVOLVED,,ASPHALT,ANIMAL/OBJECT IN RDWAY,UNDER $1001,COLLISION WITH OBJECT IN RD,SINTERSTATE69,0,,2022-08-23 21:32:00,,,
MONROE SD,M22A20593,MONROE,,BLOOMINGTON,1,,0,0,1,,W ST RD 48,,,,,W ST RD 48,W VERNAL PK,,,,N,,0.0,,39.164203018297066,-86.49827053364567,ST RD,,,,RURAL,N,N,N,,DAYLIGHT,CLEAR,DRY,,NO JUNCTION INVOLVED,,ASPHALT,ANIMAL/OBJECT IN RDWAY,$2501 TO $5000,COLLISION WITH DEER,WVERNALPKWSTATERD48,0,,2022-08-23 06:57:00,,,
BLOOMINGTON PD,B22-41640,MONROE,BLOOMINGTON,BLOOMINGTON,2,,0,0,0,,S COLLEGE MALL RD,,,,,S COLLEGE MALL RD,,,,,Y,,0.0,,39.16443911538046,-86.56017871176337,LOCAL/CITY RD,,,,URBAN,N,N,N,,DAYLIGHT,CLEAR,DRY,,NO JUNCTION INVOLVED,,ASPHALT,OTHER (DRIVER) - EXPLAIN IN NARRATIVE,UNDER $1001,OTHER - EXPLAIN IN NARRATIVE,SCOLLEGEMALLRD,0,,2022-10-09 10:40:00,,,
INDIANA UNIV BLOOMINGTON PD,221915,MONROE,BLOOMINGTON,BLOOMINGTON,2,,0,0,0,,N EAGLESON AVE,,,,,N EAGLESON AVE,,,,,Y,,0.0,,39.15607776152528,-86.56147213760562,PRIVATE DR,,,,URBAN,N,N,N,,DAYLIGHT,CLEAR,DRY,,FOUR-WAY INTERSECTION,,CONCRETE,FAILURE TO YIELD RIGHT OF WAY,$2501 TO $5000,RIGHT ANGLE,NEAGLESON AVEAVE,0,,2022-05-19 14:00:00,,,
BLOOMINGTON PD,B22-19740,MONROE,PERRY,BLOOMINGTON,2,,0,0,0,,W 1ST,,,,,W 1ST,S WALNUT ST,,,,Y,,0.0,,39.14545174979176,-86.57482556111115,LOCAL/CITY RD,,,,URBAN,N,N,N,,DAYLIGHT,CLEAR,DRY,,FOUR-WAY INTERSECTION,,ASPHALT,DISREGARD SIGNAL/REG SIGN,$1001 TO $2500,RIGHT ANGLE,W1STSTSWALNUTST,0,,2022-05-28 18:03:00,,,
INDIANA UNIV BLOOMINGTON PD,221330,MONROE,BLOOMINGTON,BLOOMINGTON,2,,0,0,0,,S ROSE AVE,,,,,S ROSE AVE,E JONES AVE,,,,Y,,0.0,,39.16654363977185,-86.53364765775926,PRIVATE DR,,,,URBAN,N,N,N,,DAYLIGHT,CLOUDY,WET,,NO JUNCTION INVOLVED,,ASPHALT,UNSAFE BACKING,$1001 TO $2500,BACKING CRASH,SROSEAVEEJONESAVE,0,,2022-04-09 11:30:00,,,
MONROE SD,M22A14450,MONROE,BLOOMINGTON,BLOOMINGTON,2,,0,0,0,,ST RD 46,,,,,ST RD 46,CENTENNIAL DR,,,,Y,,0.0,,39.16418695550488,-86.49307240302669,PRIVATE DR,,,,URBAN,N,N,N,,DAYLIGHT,CLEAR,DRY,,NO JUNCTION INVOLVED,,ASPHALT,UNSAFE BACKING,$2501 TO $5000,BACKING CRASH,STATERD46CENTENNIALDR,0,,2022-06-18 08:31:00,,,
MONROE SD,M22A15549,MONROE,BLOOMINGTON,BLOOMINGTON,2,,0,0,0,,E BETHEL LN,,,,,E BETHEL LN,N WESLEY LN,,,,N,,0.0,,39.23376,-86.6247,LOCAL/CITY RD,,,,RURAL,N,N,N,,DAYLIGHT,CLEAR,DRY,,NO JUNCTION INVOLVED,,ASPHALT,OTHER (ENVIRONMENTAL) - EXPLAIN IN NARR,$2501 TO $5000,OPPOSITE DIRECTION SIDESWIPE,NWESLEYLNEBETHELLN,0,,2022-06-30 08:45:00,,,
BLOOMINGTON PD,B2231627,MONROE,BLOOMINGTON,BLOOMINGTON,2,0.0,0,0,0,,WALNUT,ST,,,,WALNUT,8TH,,,,Y,,40.0,S,39.16093,-86.4977,LOCAL/CITY RD,,N,N,URBAN,N,N,N,,DARK (LIGHTED),CLEAR,DRY,,NO JUNCTION INVOLVED,STRAIGHT/GRADE,ASPHALT,UNSAFE LN MOVEMENT,$5001 TO $10000,REAR END,8THSTWALNUTST,0,LN CONTROL,2022-08-15 02:45:00,,,
BLOOMINGTON PD,B22-03896,MONROE,PERRY,BLOOMINGTON,2,,0,0,0,,S WESTWOOD DR,,,,,S WESTWOOD DR,W SUNSET AVE,,,,Y,,739.0,,39.15754,-86.53482,LOCAL/CITY RD,,,,URBAN,N,N,N,,DAYLIGHT,CLEAR,SNOW/SLUSH,,NO JUNCTION INVOLVED,,ASPHALT,UNSAFE BACKING,$1001 TO $2500,BACKING CRASH,WSUNSETAVESWESTWOODDR,0,,2022-02-04 18:00:00,,,
BLOOMINGTON PD,B22-21936,MONROE,BLOOMINGTON,BLOOMINGTON,1,,0,0,0,,W 10TH ST,,,,,W 10TH ST,N MORTON ST,,,,Y,,0.0,,39.171629698441784,-86.52466607446719,,,,,URBAN,N,N,N,,DARK (LIGHTED),CLEAR,DRY,,T-INTERSECTION,,ASPHALT,UNSAFE SPEED,$5001 TO $10000,RAN OFF RD,W10THSTNMORTONST,0,,2022-06-12 04:30:00,,,
BLOOMINGTON PD,B22-30033,MONROE,BLOOMINGTON,BLOOMINGTON,2,,0,0,0,,S PETE LLIS DR,,,,,S PETE LLIS DR,E 3RD ST,,,,Y,,317.0,,39.17714693360633,-86.51253647974008,LOCAL/CITY RD,,,,URBAN,N,N,N,,DAYLIGHT,CLOUDY,WET,,NO JUNCTION INVOLVED,,ASPHALT,FAILURE TO YIELD RIGHT OF WAY,$5001 TO $10000,RIGHT ANGLE,SPETEELLISDRE 3RDST,0,,2022-08-04 13:59:00,,,
ELLETTSVILLE PD,E22-04159,MONROE,RICHLAND,ELLETTSVILLE,2,,0,0,0,,N HARTSTRAIT RD,,,,,N HARTSTRAIT RD,N CAMPBELL PARK RD,,,,N,,0.0,,39.283058332309565,-86.52238164024203,COUNTY RD,,,,RURAL,N,N,N,,DAYLIGHT,CLOUDY,WET,,NO JUNCTION INVOLVED,,CONCRETE,DRIVER ASLEEP OR FATIGUED,$5001 TO $10000,REAR END,NHARTSTRAITRDNCAMPBELLPARKRD,0,,2022-10-12 15:45:00,,,
BLOOMINGTON PD,B22-04759,MONROE,PERRY,BLOOMINGTON,2,,0,0,0,2846,E 3RD ST,,,,,E 3RD ST,,,,,Y,,0.0,,39.164459266857,-86.56363210895542,LOCAL/CITY RD,,,,URBAN,Y,N,N,,DAYLIGHT,CLEAR,DRY,,T-INTERSECTION,,ASPHALT,FAILURE TO YIELD RIGHT OF WAY,$1001 TO $2500,RIGHT ANGLE,E 3RDST,0,,2022-02-11 16:29:00,,,
BLOOMINGTON PD,B22-06671,MONROE,PERRY,BLOOMINGTON,2,,0,0,0,,1615 S BUFFSTONE CT,,,,,S BUFFSTONE CT,E THORNTON DR,,,,Y,,500.0,,39.16359,-86.44433,LOCAL/CITY RD,,,,URBAN,N,N,N,,DAYLIGHT,CLEAR,DRY,,NO JUNCTION INVOLVED,,ASPHALT,OTHER (DRIVER) - EXPLAIN IN NARRATIVE,$1001 TO $2500,BACKING CRASH,ETHORNTONDR1615SBUFFSTONECT,0,,2022-02-28 10:34:00,1615.0,,
MONROE SD,M22A13038,MONROE,PERRY,BLOOMINGTON,1,,0,0,0,,E MOFFETT LN,,,,,E MOFFETT LN,,,,,N,,0.0,,39.16436073915567,-86.55389151158026,COUNTY RD,,,,RURAL,N,N,N,,DARK (NOT LIGHTED),CLEAR,DRY,,T-INTERSECTION,,ASPHALT,OTHER (DRIVER) - EXPLAIN IN NARRATIVE,$10001 TO $25000,RAN OFF RD,EMOFFETTLN,0,,2022-06-04 01:23:00,,,
MONROE SD,M22A11308,MONROE,POLK,BLOOMINGTON,1,,1,0,0,,ST RD 446,,,,,ST RD 446,,,,,N,,0.0,,39.175921796443305,-86.5347641643704,,,,,RURAL,N,N,N,,DAYLIGHT,CLEAR,DRY,,NO JUNCTION INVOLVED,,ASPHALT,UNSAFE SPEED,$2501 TO $5000,RAN OFF RD,STATERD446,0,,2022-05-16 05:58:00,,,
BLOOMINGTON PD,B22-24210,MONROE,BLOOMINGTON,BLOOMINGTON,2,,0,0,0,,1605 S PECAN LN,,,,,S PECAN LN,,,,,Y,,0.0,,39.16852160219524,-86.53109754182094,PRIVATE DR,,,,URBAN,N,N,N,,DAYLIGHT,CLEAR,DRY,,NO JUNCTION INVOLVED,,ASPHALT,FAILURE TO YIELD RIGHT OF WAY,$1001 TO $2500,BACKING CRASH,1605SPECANLN,0,,2022-06-27 17:47:00,1605.0,,
MONROE SD,M22A8399,MONROE,RICHLAND,BLOOMINGTON,0,,0,0,0,,N UNION VALLEY RD,,,,,N UNION VALLEY RD,W MCNEELEY ST,,,,N,,0.0,,39.16303242579566,-86.51530759785797,,,,,URBAN,N,N,N,,DARK (NOT LIGHTED),RAIN,WET,,T-INTERSECTION,,ASPHALT,IMPROPER TURNING,$5001 TO $10000,RAN OFF RD,WMCNEELEYSTNUNIONVALLEYRD,0,,2022-04-14 05:00:00,,,
INDIANA UNIV BLOOMINGTON PD,220550,MONROE,BLOOMINGTON,BLOOMINGTON,2,,0,0,0,,E 17TH ST,,,,,E 17TH ST,E LINGELBACH LN,,,,Y,,0.0,,39.15174877065894,-86.5259732928248,LOCAL/CITY RD,,,,URBAN,N,N,N,,DAYLIGHT,SNOW,WET,,T-INTERSECTION,,ASPHALT,FOLLOWING TOO CLOSELY,$1001 TO $2500,REAR END,ELINGELBACHLNE17THST,0,,2022-02-12 17:20:00,,,
BLOOMINGTON PD,B22-24697,MONROE,PERRY,BLOOMINGTON,2,,0,0,0,,RUBY LN,,,,,RUBY LN,COVENANTER DR,,,,Y,,200.0,,39.19169154,-86.5544749,LOCAL/CITY RD,,,,URBAN,N,N,N,,DAYLIGHT,CLEAR,DRY,,NO JUNCTION INVOLVED,,ASPHALT,STEERING FAILURE,$2501 TO $5000,SAME DIRECTION SIDESWIPE,RUBYLNCOVENANTERDR,0,,2022-06-30 13:44:00,,,
INDIANA UNIV BLOOMINGTON PD,223846,MONROE,BLOOMINGTON,BLOOMINGTON,2,,0,0,0,,E 17TH ST,,,,,E 17TH ST,N EAGLESON AVE,,,,Y,,0.0,,39.16074064467947,-86.54851747123189,LOCAL/CITY RD,,,,URBAN,N,N,N,,DAYLIGHT,CLEAR,DRY,,T-INTERSECTION,,ASPHALT,FOLLOWING TOO CLOSELY,$5001 TO $10000,REAR END,NEAGLESON AVEAVEE17THST,0,,2022-10-10 16:00:00,,,
INDIANA UNIV BLOOMINGTON PD,220750,MONROE,BLOOMINGTON,BLOOMINGTON,2,,0,0,0,2651,E DISCOVERY PARKWAY,,,,,E DISCOVERY PARKWAY,,,,,Y,,0.0,,39.0569462216126,-86.40940053732685,PRIVATE DR,,,,URBAN,N,N,N,,DARK (LIGHTED),CLEAR,DRY,,NO JUNCTION INVOLVED,,ASPHALT,UNSAFE BACKING,$1001 TO $2500,BACKING CRASH,EASTDISCOVERYPARKWAY,0,,2022-02-26 23:50:00,,,
BLOOMINGTON PD,B22-42385,MONROE,VAN BUREN,BLOOMINGTON,1,,0,0,0,2101,S LIBERTY DR,,,,,S LIBERTY DR,,,,,N,,0.0,,39.169681169686115,-86.54965598128315,PRIVATE DR,,,,URBAN,N,N,N,,DAWN/DUSK,CLOUDY,DRY,,NO JUNCTION INVOLVED,,ASPHALT,OVERCORRECTING/OVERSTEERING,$5001 TO $10000,OTHER - EXPLAIN IN NARRATIVE,SLIBERTYDR,0,,2022-10-13 19:06:00,,,
BLOOMINGTON PD,B22-19520,MONROE,PERRY,BLOOMINGTON,1,,0,0,0,,W SOUTHERN DR,,,,,W SOUTHERN DR,S WALNUT ST,,,,Y,,0.0,,39.16430120338315,-86.47209430454821,LOCAL/CITY RD,,,,URBAN,N,N,N,,DAYLIGHT,RAIN,WET,,FOUR-WAY INTERSECTION,,ASPHALT,OTHER (DRIVER) - EXPLAIN IN NARRATIVE,UNDER $1001,RAN OFF RD,WSOUTHERNDRSWALNUTST,0,,2022-05-27 10:30:00,,,
BLOOMINGTON PD,B22-38456,MONROE,PERRY,BLOOMINGTON,2,,1,0,0,,E ROGERS ST,,,,,E ROGERS ST,S SARE RD,,,,Y,,0.0,,39.136021429703185,-86.53827050515301,,,,,URBAN,N,N,N,,DAYLIGHT,CLEAR,DRY,,FOUR-WAY INTERSECTION,,ASPHALT,FAILURE TO YIELD RIGHT OF WAY,$2501 TO $5000,RIGHT ANGLE,SSARERDEROGERSRD,0,,2022-09-22 18:57:00,,,
BLOOMINGTON PD,B22-41118,MONROE,VAN BUREN,BLOOMINGTON,2,,1,0,0,,W ST RD 45,,,,,W ST RD 45,S LEONARD SPRINGS RD,,,,Y,,0.0,,39.12150662143027,-86.53088907601443,ST RD,,,,URBAN,N,N,N,,DAYLIGHT,CLEAR,DRY,,FOUR-WAY INTERSECTION,,ASPHALT,FAILURE TO YIELD RIGHT OF WAY,$5001 TO $10000,RIGHT ANGLE,WSTATERD45SLEONARDSPRINGSRD,0,,2022-10-06 17:15:00,,,
BLOOMINGTON PD,B22-33342,MONROE,BLOOMINGTON,BLOOMINGTON,2,,0,0,0,,W 3RD ST,,,,,W 3RD ST,S LANDMARK AVE,,,,Y,,739.0,,39.175934290748984,-86.5335822186788,LOCAL/CITY RD,,,,URBAN,N,N,N,,DAYLIGHT,CLEAR,DRY,,NO JUNCTION INVOLVED,,ASPHALT,FOLLOWING TOO CLOSELY,$2501 TO $5000,REAR END,W 3RDSTSLANDMARKAVE,0,,2022-08-24 08:48:00,,,
ISP INDIANAPOLIS 52,2022-00369732,MONROE,VAN BUREN,BLOOMINGTON,2,,1,0,0,,I-69,,,,,I-69,,,112.0,,N,,475.0,,39.20473164747721,-86.46331450178381,INTERSTATE,,,,RURAL,N,N,N,,DAYLIGHT,CLOUDY,DRY,,NO JUNCTION INVOLVED,,ASPHALT,OTHER (DRIVER) - EXPLAIN IN NARRATIVE,$10001 TO $25000,REAR END,INTERSTATE69112,0,,2022-08-22 07:46:00,,,
MONROE SD,M22A5839,MONROE,PERRY,BLOOMINGTON,1,,0,0,1,,W GORDON PK,,,,,W GORDON PK,S ROGERS ST,,,,N,,0.0,,39.1820588134401,-86.5099874514106,LOCAL/CITY RD,,,,URBAN,N,N,N,,DARK (LIGHTED),CLEAR,DRY,,TRAFFIC CIRCLE/ROUNDABOUT,,ASPHALT,ANIMAL/OBJECT IN RDWAY,$5001 TO $10000,COLLISION WITH DEER,WGORDONPKSROGERSST,0,,2022-03-14 07:03:00,,,
BLOOMINGTON PD,B22-26596,MONROE,RICHLAND,BLOOMINGTON,2,,0,0,0,,N GATES DR.,,,,,N GATES DR.,W ALEXANDER DR.,,,,Y,,0.0,,39.18624,-86.53453,LOCAL/CITY RD,,,,URBAN,N,N,N,,DAYLIGHT,CLEAR,DRY,,FOUR-WAY INTERSECTION,,ASPHALT,FAILURE TO YIELD RIGHT OF WAY,$2501 TO $5000,RIGHT TURN,W.ALEXANDERDR.N.GATESDR.,0,,2022-07-12 15:52:00,,,
BLOOMINGTON PD,B22-41291,MONROE,PERRY,BLOOMINGTON,2,,0,0,0,2568,E 3RD ST,,,,,E 3RD ST,,,,,Y,,0.0,,39.16461139243534,-86.58296909845743,PRIVATE DR,,,,URBAN,N,N,N,,DAYLIGHT,CLEAR,DRY,,NO JUNCTION INVOLVED,,ASPHALT,OTHER (DRIVER) - EXPLAIN IN NARRATIVE,$2501 TO $5000,SAME DIRECTION SIDESWIPE,E 3RDST,0,,2022-10-07 14:45:00,,,
BLOOMINGTON PD,B22-34851,MONROE,PERRY,BLOOMINGTON,1,,1,0,0,,S MORTON ST,,,,,S MORTON ST,W 2ND ST,,,,Y,,0.0,,39.164264015757055,-86.51773663138124,,,,,URBAN,N,N,N,,DAYLIGHT,CLEAR,DRY,,T-INTERSECTION,,ASPHALT,FAILURE TO YIELD RIGHT OF WAY,$2501 TO $5000,OTHER - EXPLAIN IN NARRATIVE,W 2NDSTSMORTONST,1,,2022-09-01 16:40:00,,,True
MONROE SD,M22A22365,MONROE,PERRY,BLOOMINGTON,1,,0,0,0,,E SCHACHT RD,,,,,E SCHACHT RD,S FAIRFAX RD,,,,N,,0.0,,39.08521855102286,-86.54273980186747,LOCAL/CITY RD,,,,RURAL,N,N,N,,DAYLIGHT,CLOUDY,WET,,NO JUNCTION INVOLVED,,ASPHALT,SPEED TOO FAST FOR WEATHER CONDITIONS,$5001 TO $10000,RAN OFF RD,SFAIRFAXRDESCHACHTRD,0,,2022-09-11 13:56:00,,,
INDIANA UNIV BLOOMINGTON PD,223841,MONROE,BLOOMINGTON,BLOOMINGTON,2,,0,0,0,1414,N DAVID BAKER AVE,,,,,N DAVID BAKER AVE,,,,,Y,,0.0,,39.13603928570857,-86.53880112424848,PRIVATE DR,,,,URBAN,N,N,N,,DARK (NOT LIGHTED),CLEAR,DRY,,NO JUNCTION INVOLVED,,ASPHALT,UNSAFE BACKING,$2501 TO $5000,BACKING CRASH,NDAVIDBAKERAVE,0,,2022-10-06 11:45:00,,,
INDIANA UNIV BLOOMINGTON PD,224981,MONROE,BLOOMINGTON,BLOOMINGTON,2,,0,0,0,,ST RD 45,,,,,ST RD 45,E 10TH ST,,,,N,,528.0,,39.20800785619095,-86.46338706372389,ST RD,,,,URBAN,N,N,N,,DAYLIGHT,CLEAR,DRY,,NO JUNCTION INVOLVED,,ASPHALT,FOLLOWING TOO CLOSELY,$5001 TO $10000,REAR END,STATERD45E 10THST,0,,2022-12-20 15:00:00,,,
MONROE SD,M22A27694,MONROE,WASHINGTON,BLOOMINGTON,1,,0,0,0,,N ST RD 37,,,,,N ST RD 37,,,,,N,,0.0,,39.1607119914105,-86.54849621662997,ST RD,,,,RURAL,N,N,N,,DARK (NOT LIGHTED),CLEAR,DRY,,NO JUNCTION INVOLVED,,ASPHALT,DRIVER DISTRACTED - EXPLAIN IN NARRATIVE,$2501 TO $5000,RAN OFF RD,NOLDSTATERD37,0,,2022-11-10 19:33:00,,,
BLOOMINGTON PD,B22-48352,MONROE,PERRY,BLOOMINGTON,2,,0,0,0,411,S COLLEGE MALL RD,,,,,S COLLEGE MALL RD,,,,,Y,,0.0,,39.143566489717756,-86.58032793207715,PRIVATE DR,,,,URBAN,N,N,N,,DAYLIGHT,CLEAR,DRY,,T-INTERSECTION,,ASPHALT,FAILURE TO YIELD RIGHT OF WAY,$2501 TO $5000,RIGHT ANGLE,SCOLLEGEMALLRD,0,,2022-11-20 16:04:00,,,
BLOOMINGTON PD,B22-52377,MONROE,PERRY,BLOOMINGTON,2,,0,0,0,322,E 2ND ST,,,,,E 2ND ST,,,,,Y,,0.0,,39.15496569772815,-86.57560852575031,PRIVATE DR,,,,URBAN,N,N,N,,DARK (LIGHTED),CLOUDY,WET,,NO JUNCTION INVOLVED,,ASPHALT,OTHER (DRIVER) - EXPLAIN IN NARRATIVE,$2501 TO $5000,SAME DIRECTION SIDESWIPE,E 2NDST,0,,2022-12-16 00:00:00,,,
INDIANA UNIV BLOOMINGTON PD,224515,MONROE,BLOOMINGTON,BLOOMINGTON,2,,0,0,0,,N EAGLESON AVE,,,,,N EAGLESON AVE,E 10TH ST,,,,Y,,0.0,,39.164674578176395,-86.51249342834728,LOCAL/CITY RD,,,,URBAN,N,N,N,,DAYLIGHT,SNOW,WET,,NO JUNCTION INVOLVED,,ASPHALT,FOLLOWING TOO CLOSELY,$1001 TO $2500,REAR END,NEAGLESON AVEAVEE 10THST,0,,2022-11-16 12:20:00,,,
ELLETTSVILLE PD,E22-04400,MONROE,RICHLAND,ELLETTSVILLE,2,,2,0,0,,N UNION VALLEY RD,,,,,N UNION VALLEY RD,N UNION VALLEY RD,,,,Y,,0.0,,39.1862457454728,-86.53167854095977,ST RD,,,,URBAN,N,N,N,,DAYLIGHT,RAIN,WET,,FOUR-WAY INTERSECTION,,CONCRETE,OTHER (DRIVER) - EXPLAIN IN NARRATIVE,$10001 TO $25000,RIGHT ANGLE,NUNIONVALLEYRDNUNIONVALLEYRD,0,,2022-10-25 16:45:00,,,
BLOOMINGTON PD,B22-47516,MONROE,BLOOMINGTON,BLOOMINGTON,1,,0,0,0,,N ADAMS ST,,,,,N ADAMS ST,W FOUNTAIN DR,,,,Y,,0.0,,39.160128953920754,-86.51638760905095,LOCAL/CITY RD,,,,URBAN,N,N,N,,DAYLIGHT,CLEAR,DRY,,NO JUNCTION INVOLVED,,ASPHALT,OTHER (DRIVER) - EXPLAIN IN NARRATIVE,$2501 TO $5000,OTHER - EXPLAIN IN NARRATIVE,WFOUNTAINDRNADAMSST,0,,2022-11-14 09:12:00,,,
MONROE SD,M22A29610,MONROE,PERRY,BLOOMINGTON,2,,1,0,0,,S ST RD 37,,,,,S ST RD 37,E MPIRE MILL RD,,,,N,,0.0,,39.08135112058569,-86.54101338789727,LOCAL/CITY RD,,,,RURAL,N,N,N,,DARK (NOT LIGHTED),CLEAR,WET,,T-INTERSECTION,,ASPHALT,SPEED TOO FAST FOR WEATHER CONDITIONS,$2501 TO $5000,HEAD ON BETWEEN TWO MOTOR VEHICLES,SOLDSTATERD37EEMPIREMILLRD,0,,2022-12-03 02:54:00,,,
MONROE SD,M22A26669,MONROE,PERRY,BLOOMINGTON,2,,1,0,0,,W TAPP RD,,,,,W TAPP RD,HICKORY HEIGHTS TRLR PARK,,,,N,,0.0,,39.227614996033715,-86.61597932834992,ST RD,,,,URBAN,N,N,N,,DAYLIGHT,RAIN,WET,,TRAFFIC CIRCLE/ROUNDABOUT,,ASPHALT,FOLLOWING TOO CLOSELY,$10001 TO $25000,REAR END,WTAPPRDHICKORYHEIGHTSTRLRPARK,0,,2022-10-30 15:34:00,,,