Agency,Local Code,County,Township,City,Vehicles Involved,Trailers Involved,Number Injured,Number Dead,Number Deer,House Number,Roadway Name,Roadway Suffix,Roadway Number,Roadway Interchange,Roadway Ramp,Roadway Id,Intersecting Road,Intersecting Road Number,Mile Marker,Interchange,Corporate Limits?,Property Type,Feet From,Direction,Latitude,Longitude,Roadway Class,Traffic Control Devices?,Aggressive Driving?,Hit and Run?,Locality,School Zone?,Rumble Strips?,Construction?,Construction Type,Light Condition,Weather Conditions,Surface Condition,Type of Median,Roadway Junction Type,Road Character,Roadway Surface,Primary Factor,Damage Estimate,Manner of Collision,Unique Location Id,State Property Damage?,Traffic Control,DateTime,Address Number,Cyclist Involved,Pedestrian Involved
ISP BLOOMINGTON 33,2022-00505977,MONROE,CLEAR CREEK,BLOOMINGTON,1,,0,0,1,,ST RD 37,,,,,ST RD 37,,,,,N,,0.0,,39.08587901832626,-86.5422870120466,ST RD,,,,RURAL,N,Y,N,,DAWN/DUSK,CLEAR,DRY,,NO JUNCTION INVOLVED,,ASPHALT,ANIMAL/OBJECT IN RDWAY,$5001 TO $10000,COLLISION WITH DEER,STATERD37,0,,2022-11-15 17:30:00,,,
MONROE SD,M22A27691,MONROE,VAN BUREN,BLOOMINGTON,2,,0,0,0,,S LODGE RD,,,,,S LODGE RD,S ROCKPORT RD,,,,N,,0.0,,39.13697807571457,-86.57443303456516,COUNTY RD,,,,RURAL,N,N,N,,DARK (NOT LIGHTED),CLEAR,DRY,,T-INTERSECTION,,ASPHALT,IMPROPER TURNING,$2501 TO $5000,HEAD ON BETWEEN TWO MOTOR VEHICLES,SROCKPORTRDSLODGERD,0,,2022-11-10 18:22:00,,,
ISP BLOOMINGTON 33,2.02201E+11,MONROE,PERRY,BLOOMINGTON,1,,0,0,0,,I-69,,,,,I-69,,,115.0,,Y,,0.0,,39.21527035499758,-86.59205540430017,INTERSTATE,,,,URBAN,N,N,N,,DARK (NOT LIGHTED),RAIN,WET,,NO JUNCTION INVOLVED,,ASPHALT,FAILURE TO MAINTAIN LN,$2501 TO $5000,RAN OFF RD,I-69115,0,,2022-12-06 17:45:00,,,
MONROE SD,M22A28099,MONROE,VAN BUREN,BLOOMINGTON,2,,0,0,0,,W 3RD ST,,,,,W 3RD ST,N HARTSTRAIT RD,,,,N,,0.0,,39.131466366699755,-86.58258386883035,ST RD,,,,RURAL,N,N,N,,DARK (NOT LIGHTED),RAIN,WET,,FOUR-WAY INTERSECTION,,ASPHALT,FOLLOWING TOO CLOSELY,$10001 TO $25000,REAR END,W 3RDSTNHARTSTRAITRD,0,,2022-11-15 17:52:00,,,
MONROE SD,M22A27814,MONROE,VAN BUREN,BLOOMINGTON,1,,0,0,0,,W ST RD 45,,,,,W ST RD 45,S DARRELL DR,,,,N,,0.0,,39.153782291614526,-86.53875186905825,ST RD,,,,RURAL,N,N,N,,DAYLIGHT,SLEET/HAIL/FREEZING RAIN,SNOW/SLUSH,,T-INTERSECTION,,ASPHALT,SPEED TOO FAST FOR WEATHER CONDITIONS,$5001 TO $10000,RAN OFF RD,WSTATERD45SDARRELLDR,0,,2022-11-12 08:03:00,,,
BLOOMINGTON PD,B22-52601,MONROE,PERRY,BLOOMINGTON,2,,0,0,0,,1600 S HIGH ST,,,,,S HIGH ST,,,,,Y,,0.0,,39.047203255315516,-86.679554216212,PRIVATE DR,,,,URBAN,N,N,N,,DAYLIGHT,CLOUDY,DRY,,NO JUNCTION INVOLVED,,GRAVEL,UNSAFE BACKING,$2501 TO $5000,BACKING CRASH,1600S.HIGHST,0,,2022-12-19 08:45:00,1600.0,,
INDIANA UNIV BLOOMINGTON PD,224096,MONROE,BLOOMINGTON,BLOOMINGTON,2,,0,0,0,1800,N DUNN ST,,,,,N DUNN ST,,,,,Y,,0.0,,39.07091385625293,-86.53641836318587,PRIVATE DR,,,,URBAN,N,N,N,,DARK (NOT LIGHTED),CLEAR,DRY,,NO JUNCTION INVOLVED,,ASPHALT,IMPROPER TURNING,$2501 TO $5000,RIGHT TURN,NORTHDUNNST,0,,2022-10-25 03:00:00,,,
INDIANA UNIV BLOOMINGTON PD,224548,MONROE,BLOOMINGTON,BLOOMINGTON,2,,0,0,0,,ST RD 45,,,,,ST RD 45,E 10TH ST,,,,Y,,0.0,,39.1642274897826,-86.49827912900005,ST RD,,,,URBAN,N,N,N,,DARK (NOT LIGHTED),CLEAR,DRY,,FOUR-WAY INTERSECTION,,ASPHALT,FOLLOWING TOO CLOSELY,$10001 TO $25000,REAR END,STATERD45E 10THST,0,,2022-11-17 17:50:00,,,
MONROE SD,M22A27340,MONROE,CLEAR CREEK,BLOOMINGTON,1,,0,0,1,,ST RD 37,,,,,ST RD 37,ZIKES RD S,,,,N,,0.0,,39.16710364467738,-86.50717954209355,ST RD,,,,RURAL,N,N,N,,DARK (NOT LIGHTED),CLEAR,DRY,,NO JUNCTION INVOLVED,,ASPHALT,ANIMAL/OBJECT IN RDWAY,$2501 TO $5000,COLLISION WITH DEER,ZIKESRDSSTATERD37,0,,2022-11-07 06:07:00,,,
BLOOMINGTON PD,B22-50678,MONROE,VAN BUREN,BLOOMINGTON,2,,0,0,0,,S CURRY PK,,,,,S CURRY PK,W ST RD 45,,,,Y,,0.0,,39.16420136725055,-86.51643999571257,ST RD,,,,URBAN,N,N,N,,DARK (NOT LIGHTED),RAIN,WET,,FOUR-WAY INTERSECTION,,ASPHALT,FAILURE TO YIELD RIGHT OF WAY,$5001 TO $10000,RIGHT ANGLE,WSTATERD45SCURRYPK,0,,2022-12-06 18:06:00,,,
BLOOMINGTON PD,B22-46063,MONROE,BLOOMINGTON,BLOOMINGTON,2,,1,0,0,,E 16TH ST,,,,,E 16TH ST,N LINCOLN ST,,,,Y,,0.0,,38.45624205311284,-86.27361286828099,LOCAL/CITY RD,,,,URBAN,N,N,N,,DAYLIGHT,CLEAR,DRY,,FOUR-WAY INTERSECTION,,ASPHALT,VIEW OBSTRUCTED,$10001 TO $25000,RIGHT ANGLE,NLINCOLNSTE16THST,0,,2022-11-03 17:49:00,,,
INDIANA UNIV BLOOMINGTON PD,224369,MONROE,BLOOMINGTON,BLOOMINGTON,3,,0,0,0,,E 3RD ST,,,,,E 3RD ST,S ARBUTUS DR,,,,Y,,0.0,,39.32164379352965,-86.51140925943095,LOCAL/CITY RD,,,,URBAN,N,N,N,,DARK (NOT LIGHTED),CLEAR,DRY,,T-INTERSECTION,,ASPHALT,FOLLOWING TOO CLOSELY,$25001 TO $50000,REAR END,SARBUTUSDRE 3RDST,0,,2022-11-07 18:45:00,,,
BLOOMINGTON PD,B22-49748,MONROE,BLOOMINGTON,BLOOMINGTON,2,,0,0,0,,N INDIANA AVE,,,,,N INDIANA AVE,E 17TH ST,,,,Y,,0.0,,39.092924206672684,-86.54415177745719,LOCAL/CITY RD,,,,URBAN,N,N,N,,DAYLIGHT,CLEAR,DRY,,T-INTERSECTION,,ASPHALT,FAILURE TO YIELD RIGHT OF WAY,UNDER $1001,OPPOSITE DIRECTION SIDESWIPE,NINDIANAAVEE17THST,0,,2022-11-30 15:20:00,,,
MONROE SD,M22A30340,MONROE,VAN BUREN,BLOOMINGTON,2,,0,0,0,,CURRY PK,,,,,CURRY PK,INDUSTRIAL BLVD,,,,N,,0.0,,39.15934793924613,-86.53505366802571,LOCAL/CITY RD,,,,RURAL,N,N,N,,DARK (NOT LIGHTED),CLEAR,DRY,,T-INTERSECTION,,ASPHALT,UNSAFE SPEED,$10001 TO $25000,REAR END,INDUSTRIALBLVDCURRYPK,0,,2022-12-12 07:05:00,,,
BLOOMINGTON PD,B22-47858,MONROE,PERRY,BLOOMINGTON,2,,1,0,0,,S COLLEGE MALL RD,,,,,S COLLEGE MALL RD,JACKSON CREEK PRIVATE DR,,,,Y,,0.0,,39.15467332,-86.49603201,LOCAL/CITY RD,,,,URBAN,N,N,N,,DARK (NOT LIGHTED),SNOW,DRY,,FOUR-WAY INTERSECTION,,ASPHALT,FAILURE TO YIELD RIGHT OF WAY,$5001 TO $10000,RIGHT ANGLE,SCOLLEGEMALLRDJACKSONCREEKPRIVATEDR,0,,2022-11-16 17:03:00,,,
BLOOMINGTON PD,B22-51277,MONROE,PERRY,BLOOMINGTON,2,,0,0,0,,S KENDALL DR,,,,,S KENDALL DR,S BRYAN ST,,,,Y,,300.0,,39.12146,-86.53134,LOCAL/CITY RD,,,,URBAN,N,N,N,,DARK (NOT LIGHTED),RAIN,WET,,NO JUNCTION INVOLVED,,ASPHALT,OTHER (DRIVER) - EXPLAIN IN NARRATIVE,$2501 TO $5000,OTHER - EXPLAIN IN NARRATIVE,SKENDALLDRSBRYANST,0,,2022-12-10 00:01:00,,,
BLOOMINGTON PD,B22-51376,MONROE,BLOOMINGTON,BLOOMINGTON,3,,0,0,0,,W 6TH ST,,,,,W 6TH ST,N OAK ST,,,,Y,,0.0,,39.15381,-86.53873,,,,,RURAL,N,N,N,,DARK (LIGHTED),CLEAR,DRY,,NO JUNCTION INVOLVED,,ASPHALT,OTHER (DRIVER) - EXPLAIN IN NARRATIVE,$5001 TO $10000,RAN OFF RD,W6THSTNOAKST,0,,2022-12-11 02:35:00,,,
MONROE SD,M22A10828,MONROE,BENTON,BLOOMINGTON,2,,0,0,0,,ST RD 46,,,,,ST RD 46,ST RD 46,,,,N,,0.0,,39.25091389709532,-86.4675059483498,ST RD,,,,RURAL,N,N,N,,DAYLIGHT,CLEAR,DRY,,NO JUNCTION INVOLVED,,ASPHALT,FAILURE TO MAINTAIN LN,$5001 TO $10000,RAN OFF RD,STATERD46STATERD46,0,,2022-05-11 16:28:00,,,
BLOOMINGTON PD,B22-43194,MONROE,VAN BUREN,BLOOMINGTON,2,,0,0,0,,W 3RD ST,,,,,W 3RD ST,S CURRY PK,,,,Y,,0.0,,39.09029736409241,-86.54540598927014,LOCAL/CITY RD,,,,URBAN,N,N,N,,DAYLIGHT,CLEAR,DRY,,FOUR-WAY INTERSECTION,,ASPHALT,FAILURE TO YIELD RIGHT OF WAY,$2501 TO $5000,RIGHT ANGLE,W 3RDSTSCURRYPK,0,,2022-10-18 16:17:00,,,
BLOOMINGTON PD,B22-53084,MONROE,BLOOMINGTON,BLOOMINGTON,2,,0,0,0,,W ARLINGTON RD,,,103,A,W ARLINGTON RD,,,,,Y,,0.0,,39.33552274793641,-86.51170489549531,ST RD,,,,URBAN,N,N,N,,DAYLIGHT,RAIN,WET,,RAMP,,ASPHALT,UNSAFE LN MOVEMENT,UNDER $1001,SAME DIRECTION SIDESWIPE,WARLINGTONRD103A,0,,2022-12-22 07:50:00,,,
MONROE SD,M22A25566,MONROE,VAN BUREN,BLOOMINGTON,2,,0,0,0,1425,S CURRY PK,,,,,S CURRY PK,,,,,N,,0.0,,39.24468703253541,-86.53465008245624,PRIVATE DR,,,,URBAN,N,N,N,,DAYLIGHT,CLEAR,DRY,,NO JUNCTION INVOLVED,,ASPHALT,OTHER (DRIVER) - EXPLAIN IN NARRATIVE,$2501 TO $5000,OPPOSITE DIRECTION SIDESWIPE,SCURRYPK,0,,2022-10-18 09:30:00,,,
BLOOMINGTON PD,B22-45031,MONROE,,BLOOMINGTON,2,,0,0,0,,E 3RD ST,,,,,E 3RD ST,S MEADOWBROOK DR,,,,Y,,0.0,,37.978202866987246,-87.63262616758331,LOCAL/CITY RD,,,,URBAN,N,N,N,,DAYLIGHT,CLEAR,DRY,,FOUR-WAY INTERSECTION,,ASPHALT,FOLLOWING TOO CLOSELY,$2501 TO $5000,REAR END,SMEADOWBROOKDRE 3RDST,0,,2022-10-28 16:55:00,,,
BLOOMINGTON PD,B22-48813,MONROE,PERRY,BLOOMINGTON,1,,0,0,0,,S COLLEGE AVE,,,,,S COLLEGE AVE,SMITH AVE,,,,Y,,0.0,,39.16560422,-86.49561216,LOCAL/CITY RD,,,,URBAN,N,N,N,,DAYLIGHT,CLEAR,DRY,,T-INTERSECTION,,ASPHALT,TOW HITCH FAILURE,$2501 TO $5000,NON-COLLISION,SMITHAVES.COLLEGEAVE,0,,2022-11-23 09:46:00,,,
BLOOMINGTON PD,B22-46600,MONROE,PERRY,BLOOMINGTON,1,,1,0,1,,,,69,,,69,W 3RD ST,,117.5,,Y,,800.0,,39.17898105484182,-86.52704640913204,INTERSTATE,,,,URBAN,N,N,N,,DARK (LIGHTED),CLEAR,DRY,,NO JUNCTION INVOLVED,,ASPHALT,ANIMAL/OBJECT IN RDWAY,$2501 TO $5000,COLLISION WITH DEER,W 3RDST69,0,,2022-11-07 06:05:00,,,
BLOOMINGTON PD,B22-45225,MONROE,PERRY,BLOOMINGTON,1,,0,0,1,,E MAXWELL LN,,,,,E MAXWELL LN,S EAGLESON AVE,,,,Y,,0.0,,39.16654681890118,-86.45508999433473,LOCAL/CITY RD,,,,URBAN,N,N,N,,DAWN/DUSK,CLEAR,DRY,,FOUR-WAY INTERSECTION,,ASPHALT,ANIMAL/OBJECT IN RDWAY,$1001 TO $2500,COLLISION WITH DEER,SEAGLESONAVEEMAXWELLLN,0,,2022-10-29 18:50:00,,,
ISP BLOOMINGTON 33,2.022E+11,MONROE,BEAN BLOSSOM,ELLETTSVILLE,2,,0,0,0,,ST RD 46,,,,,ST RD 46,W CHAFIN CHAPEL RD,,,,N,,0.0,,39.15730640058647,-86.49786418487409,ST RD,,,,RURAL,N,N,N,,DAYLIGHT,CLEAR,DRY,,NO JUNCTION INVOLVED,,ASPHALT,UNSAFE SPEED,$5001 TO $10000,REAR END,WCHAFINCHAPELRDSTATERD46,0,,2022-11-07 14:15:00,,,
ISP BLOOMINGTON 33,2.022E+11,MONROE,RICHLAND,BLOOMINGTON,1,,0,0,1,,ST RD 46,,,,,ST RD 46,CURRY PK,,,,N,,800.0,,39.090580627484414,-86.49712962618618,ST RD,,,,RURAL,N,N,N,,DARK (NOT LIGHTED),CLEAR,DRY,,NO JUNCTION INVOLVED,,ASPHALT,ANIMAL/OBJECT IN RDWAY,$2501 TO $5000,COLLISION WITH DEER,STATERD46CURRYPK,0,,2022-10-29 07:45:00,,,
BLOOMINGTON PD,B22-46901,MONROE,BLOOMINGTON,BLOOMINGTON,2,,0,0,0,,504 S MULLER PKWY,,,,,S MULLER PKWY,,,,,Y,,0.0,,-4.344242283685317e-05,-4.486326291677098e-05,PRIVATE DR,,,,URBAN,N,N,N,,DAYLIGHT,CLEAR,DRY,,NO JUNCTION INVOLVED,,ASPHALT,UNSAFE BACKING,$1001 TO $2500,BACKING CRASH,504SMULLERPKWY,0,,2022-11-09 15:36:00,504.0,,
BLOOMINGTON PD,B22-46931,MONROE,BLOOMINGTON,BLOOMINGTON,2,,0,0,0,,W 10TH ST,,,,,W 10TH ST,N COLLEGE AVE,,,,Y,,0.0,,39.15940344376837,-86.5374837254548,LOCAL/CITY RD,,,,URBAN,N,N,N,,DARK (NOT LIGHTED),CLEAR,DRY,,FOUR-WAY INTERSECTION,,ASPHALT,UNSAFE LN MOVEMENT,$10001 TO $25000,SAME DIRECTION SIDESWIPE,W10THSTNCOLLEGEAVE,0,,2022-11-09 19:15:00,,,
INDIANA UNIV BLOOMINGTON PD,224834,MONROE,BLOOMINGTON,BLOOMINGTON,4,,0,0,0,,N DAVID BAKER AVE,,,,,N DAVID BAKER AVE,,,,,Y,,0.0,,39.16427759885439,-86.52588479399999,LOCAL/CITY RD,,,,URBAN,N,N,N,,DAYLIGHT,RAIN,WET,,NO JUNCTION INVOLVED,,ASPHALT,LEFT OF CENTER,$25001 TO $50000,HEAD ON BETWEEN TWO MOTOR VEHICLES,N.DAVIDBAKERAVE,0,,2022-12-09 08:21:00,,,
MONROE SD,M22A30989,MONROE,RICHLAND,BLOOMINGTON,1,,0,0,1,,N SMITH PK,,,,,N SMITH PK,N CURRY PK,,,,N,,1500.0,,39.17608035449275,-86.52702423812924,LOCAL/CITY RD,,,,RURAL,N,N,N,,DARK (NOT LIGHTED),CLEAR,DRY,,NO JUNCTION INVOLVED,,ASPHALT,ANIMAL/OBJECT IN RDWAY,$5001 TO $10000,COLLISION WITH DEER,NSMITHPKNCURRYPK,0,,2022-12-21 06:53:00,,,
ISP BLOOMINGTON 33,2.022E+11,MONROE,SALT CREEK,BLOOMINGTON,1,,0,0,0,,ST RD 46,,,,,ST RD 46,WOODVIEW DR,,,,N,,60.0,,39.16051705,-86.49456418,ST RD,,,,RURAL,N,N,N,,DAYLIGHT,CLEAR,DRY,,NO JUNCTION INVOLVED,,ASPHALT,FAILURE TO MAINTAIN LN,$2501 TO $5000,RAN OFF RD,WOODVIEWDRST RD 46,0,,2022-10-20 13:55:00,,,
BLOOMINGTON PD,B22-42933,MONROE,,BLOOMINGTON,2,,0,0,0,,W 3RD ST,,,,,W 3RD ST,JOHNSON AVE,,,,Y,,0.0,,39.07091,-86.5361,LOCAL/CITY RD,,,,URBAN,N,N,N,,DAYLIGHT,CLOUDY,DRY,,NO JUNCTION INVOLVED,,ASPHALT,DRIVER DISTRACTED - EXPLAIN IN NARRATIVE,$5001 TO $10000,REAR END,W 3RDSTJOHNSONAVE,0,,2022-10-17 11:31:00,,,
BLOOMINGTON PD,B22-45660,MONROE,PERRY,BLOOMINGTON,2,,0,0,0,,S COLLEGE MALL RD,,,,,S COLLEGE MALL RD,E 2ND ST,,,,Y,,0.0,,39.053529921411645,-86.53610029907705,LOCAL/CITY RD,,,,URBAN,N,N,N,,DAYLIGHT,CLEAR,DRY,,FOUR-WAY INTERSECTION,,ASPHALT,FAILURE TO YIELD RIGHT OF WAY,$5001 TO $10000,LEFT TURN,S.COLLEGEMALLRDE 2NDST,0,,2022-11-01 12:54:00,,,
BLOOMINGTON PD,B22-46142,MONROE,VAN BUREN,BLOOMINGTON,2,,0,0,0,,3939 W 3RD ST,,,,,W 3RD ST,,,,,Y,,0.0,,39.178953900902336,-86.51899443133743,PRIVATE DR,,,,URBAN,N,N,N,,DAYLIGHT,CLEAR,DRY,,NO JUNCTION INVOLVED,,CONCRETE,FAILURE TO YIELD RIGHT OF WAY,$1001 TO $2500,SAME DIRECTION SIDESWIPE,3939W.3RDST,0,,2022-11-04 09:03:00,3939.0,,
MONROE SD,M22A30310,MONROE,CLEAR CREEK,BLOOMINGTON,2,,0,0,0,7537,ZIKES RD S,,,,,ZIKES RD S,,,,,N,,0.0,,39.14128009115138,-86.58024017190786,PRIVATE DR,,,,RURAL,N,N,N,,DARK (LIGHTED),CLEAR,DRY,,NO JUNCTION INVOLVED,,GRAVEL,UNSAFE BACKING,$1001 TO $2500,BACKING CRASH,ZIKESRDS,0,,2022-12-11 13:54:00,,,
BLOOMINGTON PD,B22-52104,MONROE,BLOOMINGTON,BLOOMINGTON,3,,1,0,0,,S WASHINGTON ST,,,,,S WASHINGTON ST,E DODDS ST,,,,Y,,0.0,,39.28769704267202,-86.51897730622602,LOCAL/CITY RD,,,,URBAN,N,N,N,,DAYLIGHT,CLEAR,DRY,,FOUR-WAY INTERSECTION,,ASPHALT,UNSAFE SPEED,$50001 TO $100000,RIGHT ANGLE,SWASHINGTONSTEDODDSST,0,,2022-12-15 17:00:00,,,
ISP BLOOMINGTON 33,2.02201E+11,MONROE,SALT CREEK,BLOOMINGTON,1,,0,0,0,,ST RD 446,,,,,ST RD 446,PAYNETOWN RD,,,,N,,500.0,,39.15252,-86.40043,ST RD,,,,RURAL,N,N,N,,DAYLIGHT,CLOUDY,SNOW/SLUSH,,NO JUNCTION INVOLVED,,ASPHALT,FAILURE TO MAINTAIN LN,$5001 TO $10000,RAN OFF RD,ST RD 446PAYNETOWNRD,0,,2022-11-12 11:59:00,,,
INDIANA UNIV BLOOMINGTON PD,224354,MONROE,BLOOMINGTON,BLOOMINGTON,2,,0,0,0,,E ATWATER AVE,,,,,E ATWATER AVE,S HENDERSON ST,,,,Y,,0.0,,39.139351088873376,-86.52763556360199,LOCAL/CITY RD,,,,URBAN,N,Y,N,,DAYLIGHT,CLEAR,DRY,,FOUR-WAY INTERSECTION,,ASPHALT,UNSAFE LN MOVEMENT,$1001 TO $2500,SAME DIRECTION SIDESWIPE,SHENDERSONSTEATWATERAVE,0,,2022-11-07 12:10:00,,,
MONROE SD,M22A27207,MONROE,POLK,BLOOMINGTON,1,,0,0,0,,ST RD 446,,,,,ST RD 446,CUTRIGHT,,,,N,,0.0,,39.14124,-86.53883,ST RD,,,,URBAN,N,N,N,,DAYLIGHT,CLOUDY,WET,,NO JUNCTION INVOLVED,,CONCRETE,DRIVER ILLNESS,UNDER $1001,NON-COLLISION,STATERD446CUTRIGHT,0,,2022-11-05 12:56:00,,,
INDIANA UNIV BLOOMINGTON PD,224035,MONROE,BLOOMINGTON,BLOOMINGTON,2,,1,0,0,,E 17TH ST,,,,,E 17TH ST,N WOODLAWN AVE,,,,Y,,0.0,,39.14687875277088,-86.57502126627568,LOCAL/CITY RD,,,,URBAN,N,N,N,,DAYLIGHT,CLEAR,DRY,,FOUR-WAY INTERSECTION,,ASPHALT,FOLLOWING TOO CLOSELY,UNDER $1001,REAR END,NWOODLAWNAVEE17THST,0,,2022-10-20 13:42:00,,,
BLOOMINGTON PD,B22-46997,MONROE,BLOOMINGTON,BLOOMINGTON,2,,0,0,0,,N LINCOLN ST,,,,,N LINCOLN ST,E 9TH ST,,,,Y,,100.0,,39.16459051180646,-86.57397618382653,LOCAL/CITY RD,,,,URBAN,N,N,N,,DAYLIGHT,CLEAR,DRY,,NO JUNCTION INVOLVED,,ASPHALT,UNSAFE BACKING,$2501 TO $5000,BACKING CRASH,NLINCOLNSTE9THST,0,,2022-11-10 10:33:00,,,
BLOOMINGTON PD,B22-48510,MONROE,PERRY,BLOOMINGTON,1,,1,0,0,,S PARK AVE,,,,,S PARK AVE,E 2ND ST,,,,Y,,0.0,,39.04993759866701,-86.40989256284817,LOCAL/CITY RD,,,,URBAN,N,N,N,,DAYLIGHT,CLEAR,DRY,,T-INTERSECTION,,ASPHALT,UNSAFE SPEED,$5001 TO $10000,RAN OFF RD,SPARKAVEE 2NDST,0,,2022-11-21 14:56:00,,,
MONROE SD,M22A30314,MONROE,RICHLAND,BLOOMINGTON,2,,2,0,0,,N HARTSTRAIT RD,,,,,N HARTSTRAIT RD,W 3RD ST,,,,N,,0.0,,39.23125583558349,-86.6186242554213,ST RD,,,,RURAL,N,N,N,,DAYLIGHT,CLOUDY,DRY,,FOUR-WAY INTERSECTION,,ASPHALT,FAILURE TO YIELD RIGHT OF WAY,$10001 TO $25000,RIGHT ANGLE,W 3RDSTNHARTSTRAITRD,0,,2022-12-11 03:26:00,,,
BLOOMINGTON PD,B22-47365,MONROE,PERRY,BLOOMINGTON,1,,0,0,0,,S BASSWOOD DR,,,,,S BASSWOOD DR,BASSWOOD CIR S,,,,Y,,500.0,,39.24536887,-86.63567359,LOCAL/CITY RD,,,,URBAN,N,N,N,,DARK (NOT LIGHTED),SLEET/HAIL/FREEZING RAIN,WET,,NO JUNCTION INVOLVED,,ASPHALT,SPEED TOO FAST FOR WEATHER CONDITIONS,$2501 TO $5000,RAN OFF RD,SBASSWOODDRBASSWOODCIRS,0,,2022-11-12 18:58:00,,,
INDIANA UNIV BLOOMINGTON PD,224924,MONROE,BLOOMINGTON,BLOOMINGTON,2,,0,0,0,,N EAGLESON AVE,,,,,N EAGLESON AVE,E LAW LN,,,,Y,,0.0,,39.150519359536275,-86.52696216397209,LOCAL/CITY RD,,,,URBAN,N,N,N,,DARK (LIGHTED),RAIN,WET,,FOUR-WAY INTERSECTION,,ASPHALT,FAILURE TO YIELD RIGHT OF WAY,$1001 TO $2500,LEFT/RIGHT TURN,NEAGLESON AVEAVEELAWLN,0,,2022-12-14 21:40:00,,,
MONROE SD,M22A30424,MONROE,WASHINGTON,BLOOMINGTON,1,,0,0,1,,N ST RD 37,,,,,N ST RD 37,,,,,N,,0.0,,39.16528040078552,-86.5111599256599,LOCAL/CITY RD,,,,RURAL,N,N,N,,DARK (NOT LIGHTED),CLEAR,DRY,,NO JUNCTION INVOLVED,,ASPHALT,ANIMAL/OBJECT IN RDWAY,$5001 TO $10000,COLLISION WITH DEER,NOLDSTATERD37,0,,2022-12-13 06:25:00,,,
MONROE SD,M22A26572,MONROE,VAN BUREN,BLOOMINGTON,2,,0,0,0,,W ST RD 45,,,,,W ST RD 45,,,,,N,,0.0,,39.1790243133963,-86.52363477507602,PRIVATE DR,,,,RURAL,N,N,N,,DAYLIGHT,CLEAR,DRY,,NO JUNCTION INVOLVED,,ASPHALT,UNSAFE BACKING,$1001 TO $2500,BACKING CRASH,WSTATERD45,0,,2022-10-29 14:34:00,,,
BLOOMINGTON PD,B22-44980,MONROE,PERRY,BLOOMINGTON,2,,0,0,0,,S WALNUT ST,,,,,S WALNUT ST,E BURKS DR,,,,Y,,1500.0,,39.16771380715497,-86.48137118968674,LOCAL/CITY RD,,,,URBAN,N,N,N,,DAYLIGHT,CLEAR,DRY,,NO JUNCTION INVOLVED,,ASPHALT,FOLLOWING TOO CLOSELY,$10001 TO $25000,REAR END,S.WALNUTSTEBURKSDR,0,,2022-10-28 12:17:00,,,
MONROE SD,M22A31459,MONROE,WASHINGTON,,2,,0,0,0,,I-69 MM 126.5,,,,,I-69 MM 126.5,,,,,N,,0.0,,39.32823534201808,-86.50818674490547,INTERSTATE,,,,RURAL,N,N,N,,DAYLIGHT,CLEAR,DRY,,NO JUNCTION INVOLVED,,ASPHALT,FAILURE TO YIELD RIGHT OF WAY,$2501 TO $5000,SAME DIRECTION SIDESWIPE,I-69MM126.5,0,,2022-12-28 15:25:00,,,
BLOOMINGTON PD,B22-53872,MONROE,BLOOMINGTON,BLOOMINGTON,1,,1,0,0,,N PETE LLIS DR,,,,,N PETE LLIS DR,E AMY LN,,,,Y,,0.0,,39.20082279,-86.57578854,LOCAL/CITY RD,,,,URBAN,N,N,N,,DARK (NOT LIGHTED),RAIN,WET,,NO JUNCTION INVOLVED,,ASPHALT,OTHER (DRIVER) - EXPLAIN IN NARRATIVE,$5001 TO $10000,RAN OFF RD,NPETEELLISDREAMYLN,0,,2022-12-30 01:10:00,,,
BLOOMINGTON PD,B22-45386,MONROE,BLOOMINGTON,BLOOMINGTON,2,,2,0,0,,W 20TH ST,,,,,W 20TH ST,W ARLINGTON RD,,,,Y,,0.0,,39.151705215445816,-86.49264224562634,LOCAL/CITY RD,,,,URBAN,N,N,N,,DAYLIGHT,RAIN,WET,,T-INTERSECTION,,ASPHALT,FAILURE TO YIELD RIGHT OF WAY,$5001 TO $10000,RIGHT ANGLE,WARLINGTONRDW20THST,0,,2022-10-30 16:51:00,,,
MONROE SD,M22A31218,MONROE,BLOOMINGTON,BLOOMINGTON,1,,0,0,0,,E BETHEL LN,,,,,E BETHEL LN,N STIDD DR,,,,N,,0.0,,39.15503,-86.49611,COUNTY RD,,,,RURAL,N,N,N,,DARK (NOT LIGHTED),CLEAR,ICE,,NO JUNCTION INVOLVED,,ASPHALT,SPEED TOO FAST FOR WEATHER CONDITIONS,$10001 TO $25000,RAN OFF RD,NSTIDDDREBETHELLN,0,,2022-12-25 00:10:00,,,
BLOOMINGTON PD,B22-37211,MONROE,BLOOMINGTON,BLOOMINGTON,1,,0,0,0,351,N WALNUT ST,,,,,N WALNUT ST,,,,,Y,,0.0,,39.20669163536439,-86.55360085265391,PRIVATE DR,,,,URBAN,N,N,N,,DARK (NOT LIGHTED),CLEAR,DRY,,NO JUNCTION INVOLVED,,CONCRETE,OTHER (DRIVER) - EXPLAIN IN NARRATIVE,$10001 TO $25000,RAN OFF RD,NWALNUTST,0,,2022-09-15 03:10:00,,,